Name,Team,playerid,G,PA,AB,H,2B,3B,HR,R,RBI,BB,SO,SB,CS,AVG,OBP,SLG,OPS,wOBA,ADP
Mike Trout,Angels,10155,151,652,515,154,29,3,43,117,106,119,132,15,4,0.298,0.438,0.617,1.055,0.43,2.3
Christian Yelich,Brewers,11477,148,646,553,170,33,4,36,109,99,81,132,24,5,0.308,0.4,0.578,0.978,0.404,2.5
Juan Soto,Nationals,20123,153,664,549,160,32,3,36,107,108,106,130,10,3,0.292,0.406,0.558,0.963,0.4,11
Cody Bellinger,Dodgers,15998,153,645,551,160,32,4,42,111,111,87,124,14,4,0.29,0.388,0.588,0.976,0.398,4.4
Alex Bregman,Astros,17678,155,674,559,162,37,2,34,110,105,99,86,6,3,0.289,0.4,0.544,0.944,0.394,15.8
J.D. Martinez,Red Sox,6184,148,634,558,168,33,2,38,96,111,67,143,3,1,0.301,0.376,0.57,0.946,0.388,24
Freddie Freeman,Braves,5361,152,656,564,168,35,3,34,99,104,80,123,6,3,0.297,0.389,0.549,0.938,0.387,18.6
Aaron Judge,Yankees,15640,120,524,433,116,20,1,33,86,78,82,161,4,2,0.268,0.388,0.547,0.935,0.386,31.1
Yordan Alvarez,Astros,19556,143,605,523,148,30,1,39,89,106,73,150,2,1,0.282,0.371,0.565,0.936,0.385,39.4
Mookie Betts,Dodgers,13611,152,679,582,171,38,4,31,123,85,85,96,19,5,0.293,0.385,0.535,0.92,0.382,6
Nolan Arenado,Rockies,9777,153,654,580,173,34,3,38,99,114,63,101,2,2,0.298,0.367,0.564,0.931,0.381,15.1
Anthony Rendon,Angels,12861,149,641,550,160,37,2,29,97,103,75,90,4,2,0.291,0.379,0.526,0.904,0.376,22.4
Nelson Cruz,Twins,2434,129,552,484,135,23,1,35,79,100,55,132,0,1,0.28,0.361,0.549,0.91,0.375,82.6
Bryce Harper,Phillies,11579,152,652,540,142,30,1,36,100,104,102,163,13,4,0.262,0.381,0.521,0.902,0.374,23.1
Joey Gallo,Rangers,14128,143,576,482,112,21,2,42,87,92,86,212,6,3,0.233,0.355,0.544,0.899,0.371,91.6
Josh Donaldson,Twins,5038,146,621,520,136,28,1,33,90,93,92,144,4,2,0.261,0.376,0.507,0.883,0.371,91.3
Anthony Rizzo,Cubs,3473,152,645,548,155,30,3,28,92,95,73,89,5,3,0.284,0.384,0.501,0.886,0.371,72.6
Ronald Acuna Jr.,Braves,18401,153,674,595,168,29,3,36,110,94,69,171,34,9,0.283,0.363,0.525,0.887,0.37,1.3
Josh Bell,Pirates,13145,150,627,539,148,32,3,32,86,100,79,118,1,1,0.274,0.367,0.523,0.89,0.369,96.1
Charlie Blackmon,Rockies,7859,140,617,558,167,32,6,28,103,79,45,109,4,3,0.299,0.359,0.529,0.888,0.369,46
Kris Bryant,Cubs,15429,149,646,552,152,33,3,29,101,83,75,147,4,2,0.275,0.374,0.501,0.875,0.368,58.7
George Springer,Astros,12856,144,635,552,152,25,2,34,107,90,71,128,7,3,0.276,0.364,0.515,0.879,0.368,49.9
Peter Alonso,Mets,19251,151,652,564,144,29,1,43,94,107,68,169,1,1,0.255,0.348,0.537,0.884,0.366,33.2
Rafael Devers,Red Sox,17350,153,649,598,177,42,3,32,107,105,45,122,7,5,0.296,0.347,0.538,0.885,0.366,23.1
Trevor Story,Rockies,12564,150,642,578,162,37,5,34,98,93,54,173,20,7,0.28,0.347,0.537,0.884,0.365,10.2
Justin Turner,Dodgers,5235,124,525,455,131,26,1,23,75,71,51,78,3,1,0.289,0.372,0.497,0.87,0.365,171.1
Giancarlo Stanton,Yankees,4949,115,489,425,112,20,1,33,73,85,54,145,2,1,0.264,0.35,0.549,0.899,0.364,59.8
Jose Altuve,Astros,5417,144,628,565,172,32,3,24,96,82,51,90,11,4,0.303,0.366,0.5,0.866,0.363,38.1
Max Muncy,Dodgers,13301,146,596,498,125,22,1,32,93,90,87,153,4,2,0.25,0.367,0.495,0.862,0.363,75.8
Xander Bogaerts,Red Sox,12161,150,644,571,167,38,2,26,93,98,62,113,6,2,0.292,0.364,0.502,0.866,0.362,43.4
Eugenio Suarez,Reds,12552,144,606,526,139,22,2,36,83,94,65,160,3,2,0.264,0.351,0.519,0.871,0.362,87
Kyle Schwarber,Cubs,16478,141,570,490,123,23,2,35,80,86,71,152,2,2,0.251,0.349,0.525,0.873,0.362,146
Jose Ramirez,Indians,13510,150,636,557,154,38,4,30,92,97,68,82,26,7,0.276,0.356,0.516,0.872,0.361,16.9
Rhys Hoskins,Phillies,16472,154,661,548,132,29,2,36,90,95,98,157,3,2,0.241,0.362,0.497,0.859,0.36,116.6
Austin Meadows,Rays,15672,146,608,547,153,31,5,31,85,83,50,128,14,6,0.28,0.345,0.524,0.869,0.36,36
Ketel Marte,Diamondbacks,13613,151,630,570,168,32,8,24,89,79,54,87,10,3,0.295,0.358,0.504,0.862,0.36,45.2
Jesse Winker,Reds,13590,117,451,391,111,20,1,17,60,53,52,70,1,1,0.284,0.375,0.471,0.846,0.36,483.7
Vladimir Guerrero Jr.,Blue Jays,19611,150,627,561,164,34,2,25,79,90,57,99,1,1,0.293,0.362,0.493,0.855,0.36,55.6
Michael Conforto,Mets,16376,148,623,531,136,27,1,33,87,89,79,148,6,2,0.256,0.359,0.5,0.859,0.359,119.8
Matt Olson,Athletics,14344,150,624,548,140,29,1,38,84,100,65,158,0,1,0.256,0.343,0.52,0.863,0.358,56.6
Paul Goldschmidt,Cardinals,9218,155,660,571,155,29,2,31,93,93,80,161,4,2,0.271,0.365,0.492,0.857,0.358,71
Eloy Jimenez,White Sox,17484,146,608,559,157,29,3,36,84,97,39,141,0,1,0.28,0.331,0.533,0.864,0.356,58.4
Jorge Soler,Royals,14221,152,626,545,140,28,1,35,82,95,69,168,3,2,0.257,0.347,0.506,0.853,0.356,88.9
Shohei Ohtani,Angels,19755,111,447,403,112,23,3,22,61,71,38,116,11,4,0.279,0.343,0.513,0.856,0.356,128.5
Francisco Lindor,Indians,12916,155,688,620,176,38,3,33,109,89,55,100,22,7,0.285,0.346,0.514,0.86,0.356,8.2
Carlos Santana,Indians,2396,154,654,548,141,29,2,28,91,90,98,101,3,1,0.257,0.371,0.467,0.838,0.355,148.8
Tommy Pham,Padres,2967,144,614,531,146,27,4,22,87,70,74,129,23,6,0.276,0.369,0.462,0.831,0.354,71
Carlos Correa,Astros,14162,135,575,502,136,28,2,29,79,93,62,130,3,1,0.271,0.351,0.503,0.854,0.354,107.6
Matt Chapman,Athletics,16505,153,650,572,145,36,4,34,96,92,67,154,1,1,0.254,0.339,0.508,0.847,0.353,89.3
Jeff McNeil,Mets,15362,145,614,553,163,34,3,20,87,73,39,81,7,4,0.295,0.356,0.477,0.833,0.352,93.8
Josh Ockimey,Red Sox,sa829375,9,41,35,8,2,0,2,5,6,5,13,0,0,0.239,0.339,0.509,0.848,0.352,999
Howie Kendrick,Nationals,4229,95,327,299,92,18,1,11,44,45,21,52,2,1,0.306,0.355,0.482,0.837,0.352,445.9
Gleyber Torres,Yankees,16997,149,616,553,152,26,1,33,89,96,52,135,6,3,0.275,0.339,0.508,0.847,0.352,31.9
Miguel Sano,Twins,12164,128,534,466,112,22,2,35,79,87,62,191,0,1,0.242,0.334,0.52,0.853,0.352,117.9
Joc Pederson,Dodgers,11899,120,443,388,96,20,2,26,67,65,45,95,1,1,0.248,0.337,0.508,0.845,0.352,218.8
Fernando Tatis Jr.,Padres,19709,142,616,552,152,26,7,29,93,77,51,173,24,9,0.275,0.342,0.501,0.843,0.351,15.6
Mike Ford,Yankees,15585,61,239,208,54,10,0,12,34,34,27,44,0,0,0.257,0.35,0.483,0.832,0.351,584.8
Luke Voit,Yankees,14811,125,515,447,115,21,1,24,69,68,59,138,0,0,0.258,0.354,0.472,0.826,0.35,195.7
Franmil Reyes,Indians,14566,144,572,513,134,22,1,37,76,89,51,157,0,1,0.261,0.326,0.522,0.848,0.35,144.9
Alex Verdugo,Red Sox,17027,127,503,454,135,29,2,15,62,59,41,69,6,2,0.297,0.356,0.471,0.827,0.349,224.1
Edwin Encarnacion,White Sox,2151,128,546,469,115,19,0,32,78,90,64,120,1,1,0.246,0.341,0.495,0.837,0.348,173
Marcell Ozuna,Braves,10324,142,604,543,148,26,2,30,83,95,55,122,9,2,0.274,0.342,0.492,0.834,0.348,99
David Dahl,Rockies,13744,122,502,458,128,28,5,22,72,71,35,130,7,4,0.281,0.333,0.507,0.84,0.348,149.6
Andrew McCutchen,Phillies,9847,119,517,439,114,23,2,20,75,60,70,110,5,3,0.259,0.366,0.454,0.82,0.348,215.2
Manny Machado,Padres,11493,155,666,596,161,29,2,33,85,97,61,118,7,3,0.271,0.34,0.496,0.836,0.348,62.9
Nicholas Castellanos,Reds,11737,147,635,582,163,41,4,28,87,88,43,142,2,1,0.279,0.333,0.503,0.836,0.348,97.7
Mitch Garver,Twins,15161,109,422,371,95,20,1,21,62,62,44,101,0,0,0.256,0.34,0.49,0.83,0.348,116.5
Mark Canha,Athletics,11445,131,518,445,112,23,2,23,72,64,57,117,3,2,0.252,0.352,0.467,0.819,0.347,250.9
Keston Hiura,Brewers,20003,147,618,561,154,33,3,28,84,84,42,169,14,5,0.275,0.337,0.493,0.83,0.347,44.8
Joey Votto,Reds,4314,144,614,516,140,29,1,18,81,64,88,112,4,1,0.271,0.38,0.436,0.816,0.347,285.8
Michael Brantley,Astros,4106,141,604,546,162,34,2,19,82,82,48,66,5,2,0.296,0.355,0.466,0.821,0.346,131.6
Ozzie Albies,Braves,16556,156,670,613,176,38,7,23,97,80,47,108,17,5,0.288,0.342,0.483,0.825,0.346,35
Trey Mancini,Orioles,15149,153,646,581,159,30,3,29,86,87,53,145,1,1,0.273,0.338,0.484,0.823,0.345,109.5
Corey Seager,Dodgers,13624,132,558,500,139,34,2,21,79,81,49,102,2,1,0.278,0.346,0.481,0.826,0.344,152
Adam Eaton,Nationals,11205,134,579,504,143,26,5,13,85,54,57,98,13,3,0.284,0.368,0.431,0.799,0.344,208.8
Bryan Reynolds,Pirates,19326,149,629,564,162,33,4,18,84,73,53,137,5,3,0.288,0.353,0.459,0.811,0.344,194.6
Gary Sanchez,Yankees,11442,119,487,431,103,18,1,32,68,81,45,129,0,1,0.24,0.322,0.504,0.826,0.343,80.8
Trea Turner,Nationals,16252,146,652,594,170,34,6,20,99,69,52,126,40,9,0.286,0.346,0.464,0.811,0.343,9.3
Max Kepler,Twins,12144,144,605,532,134,31,2,28,92,82,63,103,3,3,0.253,0.337,0.481,0.818,0.343,142.4
Yasmani Grandal,White Sox,11368,139,550,462,111,21,1,25,69,72,80,130,3,1,0.239,0.353,0.45,0.803,0.342,99.5
Marcus Semien,Athletics,12533,153,671,593,160,34,4,24,99,78,70,108,10,5,0.27,0.347,0.463,0.81,0.342,96
Willson Contreras,Cubs,11609,123,486,427,110,22,2,21,60,67,47,115,2,1,0.259,0.343,0.468,0.811,0.342,119.8
Yoan Moncada,White Sox,17232,148,631,565,151,30,5,25,89,80,57,179,11,4,0.268,0.339,0.473,0.811,0.341,66.3
Ji-Man Choi,Rays,5452,118,490,417,106,21,1,20,56,64,60,117,2,1,0.255,0.35,0.458,0.808,0.341,552
Brandon Nimmo,Mets,12927,125,499,408,97,21,3,15,68,50,75,135,6,3,0.238,0.369,0.418,0.787,0.341,377.8
Jordan Luplow,Indians,16424,84,316,277,70,15,1,14,42,40,34,68,4,2,0.253,0.341,0.466,0.807,0.341,592.8
Starling Marte,Diamondbacks,9241,141,605,557,159,30,5,22,90,77,30,107,27,8,0.286,0.335,0.475,0.81,0.34,27.2
Carson Kelly,Diamondbacks,13620,116,429,368,92,19,0,20,49,54,48,85,0,0,0.249,0.341,0.464,0.805,0.34,199.7
Jose Abreu,White Sox,15676,150,645,588,163,33,2,29,82,101,37,134,2,1,0.277,0.33,0.487,0.818,0.339,77.7
J.D. Davis,Mets,16219,125,478,432,117,23,1,21,61,64,39,111,3,1,0.271,0.335,0.472,0.807,0.339,174
Mike Moustakas,Reds,4892,148,618,556,144,27,1,34,81,96,50,104,3,1,0.259,0.324,0.496,0.82,0.339,99
Luis Arraez,Twins,18568,132,547,493,153,29,2,6,69,51,46,46,4,3,0.311,0.369,0.419,0.788,0.339,244.7
J.T. Realmuto,Phillies,11739,137,558,508,139,29,3,23,81,78,38,113,7,2,0.274,0.331,0.481,0.812,0.338,49.4
Eddie Rosario,Twins,12155,140,589,554,155,30,2,30,86,95,28,96,4,2,0.28,0.313,0.507,0.82,0.338,96.7
David Peralta,Diamondbacks,2136,134,564,512,142,29,4,19,69,73,44,112,2,1,0.277,0.34,0.461,0.802,0.338,252.8
Ryan Braun,Brewers,3410,118,463,421,114,25,2,20,61,67,34,94,9,3,0.27,0.329,0.48,0.809,0.338,265.5
Eric Thames,Nationals,3711,118,431,375,90,19,2,22,60,58,48,131,3,2,0.239,0.334,0.474,0.808,0.338,499
Jorge Polanco,Twins,13152,150,655,587,165,35,6,20,90,79,53,109,6,4,0.281,0.341,0.459,0.801,0.337,166.8
DJ LeMahieu,Yankees,9874,147,644,586,173,29,2,19,98,76,47,92,5,3,0.295,0.348,0.447,0.795,0.337,70
Matt Carpenter,Cardinals,8090,120,500,420,100,24,2,19,66,57,70,125,4,2,0.237,0.351,0.443,0.794,0.337,437
Daniel Vogelbach,Mariners,14130,120,477,402,94,16,0,22,58,62,70,120,0,0,0.233,0.35,0.437,0.787,0.337,539.3
Brian Anderson,Marlins,18289,144,605,536,142,30,2,21,74,72,53,131,5,2,0.265,0.343,0.45,0.793,0.337,234
Willie Calhoun,Rangers,17838,140,569,517,138,27,1,27,74,77,42,88,1,1,0.268,0.326,0.48,0.806,0.337,173
Bo Bichette,Blue Jays,19612,148,639,586,162,40,4,22,89,73,46,130,19,9,0.277,0.332,0.47,0.802,0.337,66.1
Mitch Haniger,Mariners,14274,69,294,258,66,14,1,12,39,37,29,74,4,1,0.254,0.338,0.457,0.795,0.337,425
Andrew Benintendi,Red Sox,17901,149,645,566,155,38,4,17,86,77,65,127,14,4,0.273,0.35,0.447,0.797,0.336,111.8
Javier Baez,Cubs,12979,151,617,576,158,34,4,31,92,96,31,165,13,6,0.275,0.315,0.51,0.825,0.336,39.5
Yandy Diaz,Rays,16578,123,508,446,121,22,2,16,67,56,55,95,2,2,0.271,0.351,0.437,0.788,0.336,263.7
Nick Solak,Rangers,19294,112,461,409,109,19,2,17,58,55,43,104,6,2,0.268,0.346,0.443,0.789,0.336,280.6
Yoshitomo Tsutsugo,Rays,27459,112,455,396,99,19,1,19,57,62,54,111,1,1,0.25,0.342,0.451,0.793,0.336,376.7
Justin Smoak,Brewers,9054,115,463,392,92,18,0,21,56,63,65,109,0,0,0.234,0.346,0.442,0.788,0.336,500.7
Shin-Soo Choo,Rangers,3174,136,589,504,127,25,1,19,78,58,71,146,10,2,0.252,0.356,0.423,0.778,0.336,249.9
Nathaniel Lowe,Rays,19566,68,268,235,62,12,0,10,35,35,29,65,0,0,0.262,0.344,0.448,0.791,0.336,469.3
Domingo Santana,Indians,10348,115,464,407,103,20,1,20,57,60,50,148,7,3,0.252,0.337,0.459,0.796,0.336,319.3
Daniel Murphy,Rockies,4316,120,472,434,126,28,2,16,60,70,32,68,2,1,0.29,0.34,0.471,0.811,0.335,266.4
Yoenis Cespedes,Mets,13110,62,240,216,56,11,1,13,32,36,19,59,3,1,0.259,0.322,0.489,0.811,0.335,451.8
Christian Walker,Diamondbacks,13419,128,510,453,113,24,2,23,68,69,48,135,5,2,0.25,0.33,0.465,0.795,0.335,203.2
Yasiel Puig,,14225,111,449,405,107,20,2,20,58,63,37,92,12,5,0.265,0.331,0.471,0.802,0.335,154.4
Cavan Biggio,Blue Jays,19252,140,593,495,116,24,3,21,79,69,89,161,17,4,0.235,0.354,0.421,0.775,0.334,130.6
Yuli Gurriel,Astros,19198,140,585,543,156,35,2,20,74,85,29,67,4,2,0.288,0.328,0.469,0.797,0.333,150.7
Khris Davis,Athletics,9112,144,595,530,127,22,1,36,79,95,52,165,0,0,0.24,0.313,0.491,0.803,0.333,175.6
C.J. Cron,Tigers,12546,135,543,495,128,24,1,28,62,79,33,123,1,1,0.258,0.317,0.48,0.797,0.333,251.4
Ramon Laureano,Athletics,17128,139,563,506,134,28,2,23,81,71,41,145,16,4,0.266,0.328,0.465,0.793,0.333,77.9
Ryan Zimmerman,Nationals,4220,65,237,214,56,12,1,10,29,36,20,48,0,0,0.264,0.327,0.466,0.793,0.332,595.8
Ryan McMahon,Rockies,15112,138,540,485,126,27,2,21,66,75,50,151,5,2,0.26,0.331,0.455,0.786,0.332,189.3
Omar Narvaez,Brewers,13338,111,419,367,98,14,0,14,48,48,44,77,0,0,0.267,0.349,0.425,0.774,0.332,190.4
Gavin Lux,Dodgers,19955,128,524,472,127,24,4,17,70,60,47,116,10,4,0.269,0.336,0.445,0.782,0.331,155.4
Wilmer Flores,Giants,5827,103,359,330,94,18,1,13,38,45,21,41,0,0,0.284,0.329,0.463,0.791,0.331,578.5
Jose Martinez,Rays,7996,101,388,349,96,17,1,13,47,49,34,80,3,1,0.274,0.34,0.44,0.78,0.331,488.9
Eduardo Escobar,Diamondbacks,6153,150,637,578,152,32,6,27,82,91,46,122,4,2,0.263,0.318,0.479,0.798,0.33,121.2
Kyle Tucker,Astros,18345,107,430,389,99,21,2,19,61,60,35,101,17,4,0.255,0.321,0.467,0.788,0.33,155.1
Brandon Lowe,Rays,18882,133,540,484,120,27,3,24,69,72,47,160,7,2,0.249,0.321,0.465,0.786,0.33,205.3
Alex Dickerson,Giants,12649,92,329,297,80,18,2,10,42,42,25,66,2,1,0.268,0.333,0.447,0.781,0.33,583.4
Brandon Belt,Giants,10264,133,550,472,116,27,3,17,67,59,70,121,4,2,0.245,0.346,0.423,0.769,0.329,546.3
Kurt Suzuki,Nationals,8259,86,331,299,80,15,0,14,39,50,20,41,0,0,0.267,0.324,0.462,0.786,0.329,296.6
Aaron Hicks,Yankees,5297,36,147,126,30,6,0,6,21,18,19,35,2,1,0.241,0.338,0.436,0.774,0.329,556.1
Kevin Cron,Diamondbacks,16211,55,168,151,37,7,0,9,22,28,14,48,0,0,0.246,0.31,0.486,0.796,0.329,586.6
Shogo Akiyama,Reds,27461,118,501,447,121,24,3,13,67,53,48,90,9,4,0.271,0.347,0.421,0.767,0.329,261.3
Avisail Garcia,Brewers,5760,122,506,464,126,22,2,20,62,71,31,120,6,3,0.273,0.325,0.461,0.786,0.329,218.8
Nick Markakis,Braves,5930,107,413,366,103,23,1,8,49,51,40,56,1,0,0.282,0.353,0.42,0.773,0.328,558.5
Hunter Dozier,Royals,15117,136,564,504,128,29,5,21,68,73,52,155,3,2,0.253,0.324,0.456,0.78,0.328,187.6
Paul DeJong,Cardinals,18015,152,637,570,142,31,1,29,85,86,51,153,6,3,0.25,0.32,0.46,0.78,0.327,201.7
Justin Upton,Angels,5222,132,551,482,116,21,1,27,74,81,59,164,4,2,0.24,0.326,0.455,0.781,0.327,222.5
Asdrubal Cabrera,Nationals,4962,103,392,350,93,20,1,13,48,51,35,77,2,1,0.264,0.333,0.44,0.772,0.327,508.2
Whit Merrifield,Royals,11281,150,652,599,172,37,5,14,87,63,42,109,21,8,0.286,0.336,0.435,0.771,0.327,57.5
Trent Grisham,Padres,18564,123,489,420,103,19,4,16,61,55,60,109,7,3,0.246,0.342,0.421,0.763,0.327,338.8
Tommy La Stella,Angels,12371,124,448,406,111,17,1,14,60,53,35,54,1,1,0.274,0.338,0.426,0.764,0.326,304.8
Garrett Cooper,Marlins,15279,106,417,377,101,19,1,14,49,53,32,101,0,0,0.269,0.331,0.436,0.767,0.325,486.7
Corey Dickerson,Marlins,10762,125,502,469,130,30,4,18,59,65,27,100,3,2,0.277,0.318,0.47,0.788,0.325,307.3
Nick Senzel,Reds,19293,116,460,416,110,25,3,14,61,52,37,110,14,5,0.264,0.328,0.44,0.769,0.325,224.4
Victor Robles,Nationals,18363,151,619,548,145,31,5,17,81,67,38,129,32,11,0.265,0.332,0.432,0.765,0.325,61.5
Matt Beaty,Dodgers,17710,62,203,187,50,11,1,6,25,28,13,28,3,1,0.27,0.327,0.439,0.767,0.325,588.1
Alec Bohm,Phillies,sa3007284,54,223,201,53,10,1,8,27,28,18,37,2,1,0.265,0.325,0.45,0.775,0.325,512.8
Mitch Moreland,Red Sox,3086,102,402,357,88,20,1,17,51,59,39,91,1,1,0.247,0.323,0.457,0.78,0.325,572.5
Jesus Aguilar,Marlins,11342,119,429,374,92,17,0,19,51,64,44,102,0,0,0.247,0.328,0.442,0.771,0.325,394
Alex Kirilloff,Twins,sa917929,9,38,36,10,2,0,1,5,4,2,8,0,0,0.275,0.321,0.452,0.773,0.325,999
Ian Happ,Cubs,17919,108,401,349,83,17,2,18,53,52,46,120,6,2,0.239,0.33,0.448,0.778,0.325,322.3
Mike Tauchman,Yankees,15274,113,426,375,95,20,2,14,56,51,43,98,8,3,0.253,0.332,0.43,0.762,0.324,437.1
Will Smith,Dodgers,19197,111,440,385,89,18,1,23,57,66,42,116,3,1,0.232,0.315,0.459,0.774,0.324,153.4
Austin Riley,Braves,18360,101,392,358,89,18,1,20,51,59,26,121,1,1,0.249,0.306,0.472,0.779,0.324,297.3
Josh Rojas,Diamondbacks,19734,57,233,209,54,13,2,6,30,26,22,49,7,4,0.259,0.336,0.421,0.757,0.324,534.6
Hunter Renfroe,Rays,15464,139,549,497,116,24,1,34,68,77,42,159,4,1,0.234,0.296,0.49,0.786,0.324,258.2
Miguel Andujar,Yankees,15878,113,478,447,121,28,1,19,59,69,23,80,2,1,0.271,0.31,0.467,0.777,0.324,260.4
Lorenzo Cain,Brewers,9077,139,596,534,149,26,2,12,77,52,52,100,19,6,0.279,0.348,0.403,0.75,0.324,177.1
A.J. Pollock,Dodgers,9256,105,418,378,98,21,2,17,58,55,29,87,8,2,0.258,0.318,0.454,0.772,0.324,270.4
Josh VanMeter,Reds,15170,72,244,218,55,13,1,8,30,28,24,52,7,3,0.251,0.326,0.437,0.763,0.323,592.5
Stephen Piscotty,Athletics,13367,102,419,376,97,21,1,16,51,54,33,87,2,1,0.257,0.324,0.442,0.766,0.323,497.5
Robinson Chirinos,Rangers,3142,104,396,337,77,16,1,15,48,50,43,117,1,1,0.228,0.333,0.418,0.751,0.323,306.2
Marwin Gonzalez,Twins,5497,103,413,374,99,20,1,14,48,53,31,88,2,1,0.265,0.328,0.436,0.763,0.323,504.4
Todd Frazier,Rangers,785,115,458,401,96,18,1,20,57,61,45,100,2,2,0.239,0.325,0.435,0.76,0.323,539.6
Steven Souza Jr.,Cubs,5667,82,304,267,63,13,2,12,36,39,33,89,6,2,0.236,0.328,0.427,0.755,0.322,553.6
Brendan Rodgers,Rockies,17907,41,161,150,41,9,1,5,20,20,9,37,1,0,0.274,0.321,0.44,0.762,0.322,516.9
Ty France,Padres,17982,67,213,192,49,10,1,8,26,27,13,44,0,0,0.256,0.323,0.436,0.759,0.322,593.4
Miguel Cabrera,Tigers,1744,127,521,467,127,23,1,14,50,63,48,104,0,0,0.273,0.342,0.416,0.758,0.322,482.6
Wilson Ramos,Mets,1433,120,459,419,116,18,0,15,47,64,34,71,1,0,0.276,0.332,0.426,0.758,0.321,176
Yonathan Daza,Rockies,15794,18,54,51,15,3,0,1,6,5,3,9,1,1,0.297,0.332,0.427,0.759,0.321,999
Josh Naylor,Padres,18839,82,294,265,70,14,0,9,35,35,26,54,1,1,0.264,0.333,0.42,0.753,0.321,597.7
Jake Cave,Twins,14477,41,157,142,36,8,1,5,20,19,11,46,1,0,0.257,0.32,0.442,0.761,0.321,600.5
Mike Yastrzemski,Giants,14854,140,573,512,126,28,4,22,74,64,50,149,4,3,0.247,0.318,0.443,0.761,0.321,355.1
Adam Frazier,Pirates,15223,136,542,491,135,29,5,10,68,52,40,72,5,4,0.275,0.337,0.415,0.752,0.321,539.2
Starlin Castro,Nationals,4579,134,564,526,148,27,2,18,67,73,30,98,3,1,0.282,0.32,0.443,0.763,0.321,281.8
Lourdes Gurriel Jr.,Blue Jays,19238,138,565,524,138,27,2,25,73,80,27,130,8,4,0.262,0.304,0.465,0.769,0.321,158.5
Danny Jansen,Blue Jays,16535,101,380,337,82,17,1,15,44,46,34,69,1,1,0.243,0.322,0.433,0.755,0.32,267.4
Michael Chavis,Red Sox,17321,108,441,400,99,18,1,21,55,61,33,132,2,1,0.247,0.311,0.451,0.762,0.32,249.2
Chris Taylor,Dodgers,13757,103,370,330,84,20,3,10,48,43,33,102,7,2,0.254,0.326,0.429,0.755,0.32,511.6
Victor Caratini,Cubs,14968,75,248,221,57,11,1,7,28,29,22,52,1,0,0.26,0.334,0.416,0.75,0.32,494.9
Rowdy Tellez,Blue Jays,15679,99,392,353,87,19,0,17,47,53,31,98,2,1,0.248,0.313,0.451,0.764,0.32,547.2
Tommy Edman,Cardinals,19470,138,564,522,144,26,6,14,73,56,33,96,20,5,0.275,0.324,0.43,0.755,0.32,141.3
Brian Dozier,Padres,9810,84,309,270,63,13,1,12,38,37,35,66,3,2,0.233,0.327,0.426,0.754,0.32,588.3
Jason Heyward,Cubs,4940,130,526,466,120,22,3,14,66,59,52,88,6,2,0.257,0.336,0.41,0.746,0.32,539.7
Aristides Aquino,Reds,15482,94,361,331,80,15,1,20,44,53,24,108,7,2,0.24,0.296,0.474,0.77,0.32,242.6
Randal Grichuk,Blue Jays,10243,140,565,523,126,30,3,29,71,80,34,151,3,1,0.241,0.294,0.479,0.773,0.32,279.2
Cesar Hernandez,Indians,10556,143,601,537,145,25,4,12,74,58,56,104,11,4,0.271,0.344,0.396,0.74,0.319,302.1
Jean Segura,Phillies,5933,136,585,544,157,29,3,12,76,61,31,72,13,4,0.288,0.332,0.42,0.751,0.319,200.4
Clint Frazier,Yankees,15983,68,270,245,60,14,1,11,35,34,20,72,2,1,0.247,0.31,0.45,0.76,0.319,527.2
Seth Beer,Diamondbacks,sa3006658,6,24,21,5,1,0,1,3,3,2,6,0,0,0.257,0.323,0.429,0.753,0.319,598.9
Carter Kieboom,Nationals,19958,101,420,375,96,19,1,13,50,48,38,104,3,2,0.256,0.329,0.418,0.748,0.319,285.6
Kole Calhoun,Diamondbacks,11200,140,582,511,122,24,3,23,77,70,61,140,4,2,0.239,0.324,0.431,0.755,0.319,343.1
Jurickson Profar,Padres,10815,135,540,472,115,26,3,17,67,66,51,80,8,3,0.244,0.327,0.421,0.748,0.319,405.2
Randy Arozarena,Rays,19290,21,71,63,16,4,0,2,9,8,5,16,3,1,0.253,0.329,0.415,0.744,0.319,586.8
Aledmys Diaz,Astros,15937,65,250,225,59,12,1,9,32,33,19,36,2,1,0.26,0.32,0.438,0.758,0.319,593.7
Lewin Diaz,Marlins,sa828420,7,27,25,6,1,0,1,3,4,2,6,0,0,0.244,0.301,0.465,0.766,0.319,599.7
Mark Payton,Reds,sa549855,9,31,28,7,1,0,1,4,4,3,7,0,0,0.249,0.315,0.438,0.752,0.319,999
Derek Dietrich,Reds,10542,27,75,67,16,3,0,3,10,10,6,19,0,0,0.241,0.32,0.437,0.757,0.319,600.6
Johan Camargo,Braves,14950,89,315,288,76,16,1,10,37,41,23,61,1,1,0.264,0.321,0.435,0.756,0.319,562.6
Giovanny Urshela,Yankees,10681,130,506,470,129,25,1,17,64,64,26,90,1,1,0.274,0.317,0.438,0.755,0.319,237.6
Austin Dean,Cardinals,18288,62,211,195,54,8,1,6,26,29,13,43,1,1,0.278,0.326,0.423,0.749,0.319,999
Luis Robert,White Sox,sa3003396,133,551,510,133,27,5,21,72,69,28,148,19,7,0.261,0.308,0.456,0.763,0.319,999
Jay Bruce,Phillies,9892,93,319,290,68,14,1,17,39,49,26,75,1,1,0.234,0.297,0.47,0.767,0.318,591.4
Gregory Polanco,Pirates,12907,118,483,431,107,24,3,18,62,61,45,113,9,3,0.247,0.32,0.444,0.764,0.318,303.1
Robinson Cano,Mets,3269,121,502,459,124,26,0,16,59,62,35,78,0,0,0.27,0.325,0.435,0.76,0.318,461.2
Travis Shaw,Blue Jays,11982,122,472,408,93,18,0,21,56,61,56,120,2,1,0.228,0.325,0.431,0.756,0.318,327.9
Jonathan Schoop,Tigers,11265,134,535,498,129,25,1,24,65,71,24,124,1,1,0.259,0.301,0.461,0.762,0.318,376
Dylan Carlson,Cardinals,sa917940,83,350,311,78,17,2,11,45,39,31,81,7,3,0.252,0.324,0.429,0.753,0.318,292.7
Anthony Garcia,,sa502038,5,21,19,5,1,0,1,3,3,2,5,0,0,0.243,0.318,0.43,0.747,0.318,999
Renato Nunez,Orioles,14503,143,577,523,128,24,1,27,68,80,43,142,1,1,0.244,0.309,0.446,0.755,0.318,301.5
Ian Desmond,Rockies,6885,101,362,329,84,16,2,13,46,47,27,88,5,2,0.256,0.316,0.437,0.753,0.318,557.5
Matt Joyce,Marlins,3353,75,220,190,45,9,0,7,26,23,27,47,1,1,0.237,0.333,0.406,0.738,0.318,599.7
Dansby Swanson,Braves,18314,138,571,507,129,27,3,18,71,65,53,130,9,4,0.255,0.327,0.43,0.757,0.318,267.4
Teoscar Hernandez,Blue Jays,13066,128,509,460,107,23,3,25,64,67,44,160,6,3,0.232,0.302,0.457,0.759,0.318,401.4
Garrett Hampson,Rockies,19262,112,395,360,97,18,4,8,49,38,31,87,20,5,0.27,0.33,0.413,0.743,0.317,175.8
Willians Astudillo,Twins,15608,55,209,197,57,10,0,6,26,28,6,10,1,0,0.288,0.316,0.44,0.756,0.317,514.2
Cameron Maybin,Tigers,5223,90,335,297,76,15,2,8,42,32,35,79,11,4,0.255,0.336,0.399,0.736,0.317,575.6
Nomar Mazara,White Sox,14553,129,532,483,123,25,1,22,66,77,38,121,3,1,0.254,0.313,0.447,0.76,0.317,245.8
Abraham Toro,Astros,19844,18,71,63,16,4,1,2,9,9,6,14,1,0,0.249,0.323,0.423,0.746,0.317,598
Didi Gregorius,Phillies,6012,135,567,522,136,25,3,23,75,83,33,80,5,2,0.261,0.308,0.451,0.759,0.317,210.7
Dominic Smith,Mets,15653,86,257,235,58,13,1,10,33,31,19,62,1,1,0.248,0.309,0.44,0.749,0.316,557.9
Sean Murphy,Athletics,19352,98,372,336,83,18,1,14,48,46,29,86,1,1,0.248,0.316,0.429,0.745,0.316,214.1
Tim Anderson,White Sox,15172,148,611,581,162,30,3,20,85,70,22,137,21,6,0.279,0.308,0.443,0.751,0.316,98.7
Willy Adames,Rays,15986,149,597,535,137,25,2,19,72,64,52,155,6,3,0.256,0.324,0.418,0.741,0.316,343.1
Tyler O'Neill,Cardinals,15711,116,415,377,91,16,1,20,54,57,31,135,4,1,0.242,0.303,0.452,0.754,0.316,510.9
Luis Urias,Brewers,16622,121,491,430,108,22,3,11,60,50,48,103,3,2,0.251,0.337,0.393,0.73,0.316,413.2
Jung Ho Kang,,17182,25,93,84,20,4,0,4,11,13,7,27,0,0,0.234,0.307,0.44,0.746,0.316,999
Kyle Seager,Mariners,9785,140,579,521,126,28,1,25,66,77,49,115,2,1,0.242,0.311,0.443,0.754,0.315,387.5
Rangel Ravelo,Cardinals,10839,10,28,25,6,1,0,1,3,3,2,6,0,0,0.259,0.316,0.435,0.751,0.315,999
Brett Gardner,Yankees,9927,120,503,444,109,20,5,16,71,53,48,97,10,3,0.245,0.324,0.416,0.74,0.315,360.2
Chance Sisco,Orioles,15694,84,297,260,61,11,0,10,35,32,28,90,0,1,0.235,0.328,0.401,0.729,0.315,507.1
Isaac Paredes,Tigers,sa920275,27,107,96,25,5,0,3,12,12,9,14,1,0,0.266,0.331,0.407,0.738,0.315,999
Enrique Hernandez,Dodgers,10472,104,351,311,75,16,1,14,46,46,33,71,3,1,0.242,0.316,0.431,0.747,0.315,563.7
Christin Stewart,Tigers,17714,109,452,395,95,20,2,15,48,55,44,110,1,1,0.241,0.323,0.417,0.74,0.315,582.8
Kolten Wong,Cardinals,12532,140,542,474,125,25,4,10,61,55,45,83,16,5,0.264,0.341,0.398,0.739,0.315,218.4
Raimel Tapia,Rockies,14350,87,294,277,77,17,3,6,36,31,15,62,7,2,0.278,0.318,0.43,0.748,0.315,547.3
Jake Bauers,Indians,15194,80,308,266,63,15,1,9,38,37,36,80,4,3,0.235,0.328,0.406,0.734,0.315,563.7
Stephen Vogt,Diamondbacks,5000,79,265,240,60,14,2,10,28,35,20,56,2,1,0.25,0.308,0.445,0.753,0.315,540.7
David Bote,Cubs,14593,92,307,270,66,13,1,9,37,36,31,81,3,1,0.245,0.329,0.404,0.733,0.315,573.7
Jedd Gyorko,Brewers,10816,77,251,223,54,10,1,10,29,33,24,57,3,1,0.242,0.318,0.426,0.744,0.315,599.9
LaMonte Wade,Twins,18126,8,34,29,7,1,0,1,4,3,4,6,0,0,0.245,0.342,0.377,0.719,0.314,999
Michael Brosseau,Rays,19683,44,168,153,39,8,1,6,20,20,11,39,2,1,0.253,0.313,0.428,0.741,0.314,999
Edwin Rios,Dodgers,18316,11,29,27,6,2,0,2,4,4,2,11,0,0,0.227,0.287,0.471,0.758,0.314,600.6
Dilson Herrera,Orioles,14335,9,32,29,6,2,0,2,4,4,3,10,1,0,0.222,0.294,0.454,0.749,0.314,999
David Freitas,Brewers,10619,6,21,18,5,1,0,0,2,2,2,4,0,0,0.27,0.332,0.405,0.737,0.314,999
Tyler Naquin,Indians,13359,72,271,250,67,14,1,9,32,33,15,63,3,2,0.269,0.312,0.436,0.749,0.314,600.4
Robbie Grossman,Athletics,5254,81,316,271,68,15,1,5,37,30,40,58,4,2,0.25,0.347,0.37,0.717,0.314,999
Matt Duffy,Rangers,13836,46,184,165,45,8,1,3,20,18,16,30,2,1,0.274,0.343,0.379,0.723,0.314,601
Sam Hilliard,Rockies,17954,98,394,359,88,17,3,16,49,49,31,122,10,4,0.244,0.306,0.441,0.747,0.314,270.8
Neil Walker,,7539,52,160,141,35,7,0,5,19,19,17,33,1,0,0.247,0.331,0.4,0.731,0.314,999
D.J. Stewart,Orioles,17766,82,321,282,67,15,1,11,39,38,32,69,4,2,0.239,0.323,0.413,0.735,0.314,600.9
Jose Osuna,Pirates,12937,87,277,254,65,17,1,9,35,35,18,52,1,1,0.257,0.308,0.44,0.748,0.314,599.3
Phillip Ervin,Reds,14738,75,235,209,52,10,2,7,28,26,19,56,5,3,0.247,0.319,0.419,0.738,0.314,999
Dexter Fowler,Cardinals,4062,124,506,434,101,20,2,15,62,56,62,122,7,3,0.234,0.334,0.397,0.731,0.314,568.6
Yusniel Diaz,Orioles,sa912848,9,35,31,8,2,0,1,4,4,3,8,0,0,0.248,0.323,0.41,0.733,0.314,999
Wil Myers,Padres,10047,118,431,383,91,20,1,16,51,50,43,133,13,5,0.238,0.318,0.421,0.739,0.314,284.9
Colin Moran,Pirates,16909,134,508,465,124,24,1,15,53,67,36,110,0,1,0.266,0.321,0.419,0.74,0.314,547.7
Tyler Austin,,11850,15,41,36,8,2,0,2,5,6,4,15,0,0,0.223,0.299,0.454,0.753,0.314,999
Ryan Mountcastle,Orioles,sa874734,44,181,170,45,9,1,7,21,23,8,44,1,0,0.264,0.301,0.452,0.752,0.314,999
Bobby Bradley,Indians,17278,15,57,52,12,2,0,3,7,8,5,20,0,0,0.226,0.298,0.449,0.747,0.313,999
Bobby Dalbec,Red Sox,sa857701,36,147,131,30,6,0,6,18,19,14,48,1,0,0.233,0.317,0.42,0.737,0.313,999
Jake Lamb,Diamondbacks,13329,79,277,237,55,12,2,9,35,37,34,71,2,1,0.231,0.331,0.415,0.746,0.313,561.8
Eric Hosmer,Padres,3516,152,639,585,153,27,2,21,74,84,49,144,2,2,0.261,0.32,0.42,0.74,0.313,239.7
Deivy Grullon,Phillies,15988,6,23,22,5,1,0,1,2,3,2,7,0,0,0.242,0.298,0.448,0.746,0.313,600.1
Hanley Ramirez,,8001,9,35,32,8,1,0,2,4,5,3,9,0,0,0.24,0.318,0.434,0.753,0.313,999
Scott Heineman,Rangers,14453,32,129,117,29,6,1,4,15,13,10,35,2,1,0.252,0.32,0.412,0.732,0.313,999
Taylor Ward,Angels,17548,16,59,53,12,2,0,2,7,6,6,17,0,0,0.231,0.315,0.418,0.733,0.313,999
Austin Slater,Giants,16153,63,217,193,48,10,1,5,24,22,21,61,3,1,0.25,0.333,0.388,0.721,0.313,999
Zach Green,Giants,14973,11,36,33,7,2,0,2,4,5,4,14,0,0,0.22,0.302,0.438,0.739,0.313,600.5
Jackie Bradley Jr.,Red Sox,12984,135,533,470,110,27,3,17,67,62,49,140,9,4,0.235,0.319,0.417,0.736,0.312,528.5
Jeimer Candelario,Tigers,13621,114,474,415,97,23,2,14,54,48,50,116,3,1,0.233,0.323,0.404,0.727,0.312,576.8
Ryan McBroom,Royals,16524,62,247,225,58,12,1,7,28,28,18,61,1,1,0.259,0.321,0.409,0.731,0.312,597.5
Jaylin Davis,Giants,19552,53,207,187,46,8,1,8,24,25,17,59,3,2,0.244,0.318,0.412,0.73,0.312,597.8
Adam Duvall,Braves,10950,42,137,124,29,6,1,7,17,20,10,37,0,0,0.23,0.295,0.458,0.752,0.312,600.7
Greg Bird,,14131,31,122,106,24,5,0,5,14,15,14,34,0,0,0.224,0.317,0.414,0.731,0.312,578
Rougned Odor,Rangers,12282,139,567,511,117,24,2,29,72,76,44,157,11,7,0.228,0.297,0.453,0.749,0.312,235.3
Byron Buxton,Twins,14161,128,486,444,112,29,5,15,67,59,31,126,21,5,0.252,0.306,0.439,0.745,0.312,152.8
Matt Thaiss,Angels,19318,40,155,139,33,7,1,5,18,18,15,38,1,0,0.237,0.316,0.414,0.729,0.312,999
Brad Miller,Cardinals,12775,59,186,166,39,7,1,8,22,24,19,51,1,1,0.234,0.313,0.433,0.745,0.312,600.5
Josh Reddick,Astros,3892,108,432,392,104,18,2,12,50,49,33,59,4,1,0.266,0.32,0.416,0.736,0.311,569.7
Harrison Bader,Cardinals,18030,128,458,402,94,18,3,16,60,48,41,131,14,4,0.235,0.319,0.411,0.73,0.311,475.6
Francisco Mejia,Padres,16403,105,388,359,92,19,2,13,43,46,22,82,2,1,0.258,0.308,0.436,0.744,0.311,229
Zack Collins,White Sox,19181,22,88,74,16,3,0,3,10,11,12,30,0,0,0.212,0.327,0.389,0.716,0.311,600.8
Ryon Healy,Brewers,15447,52,211,196,49,10,0,10,25,30,12,46,0,0,0.251,0.294,0.453,0.747,0.311,599.2
Robel Garcia,Cubs,13167,9,34,30,7,1,0,2,4,5,3,12,0,0,0.231,0.298,0.446,0.744,0.311,999
Anthony Santander,Orioles,14551,133,551,513,130,29,2,23,61,71,28,112,3,2,0.254,0.295,0.45,0.746,0.311,413
Odubel Herrera,,11476,19,69,63,16,3,0,2,8,8,5,15,1,0,0.257,0.318,0.426,0.744,0.311,999
Brock Holt,Brewers,9345,76,265,232,60,11,2,4,30,27,26,55,2,1,0.258,0.34,0.374,0.714,0.311,999
Adam Haseley,Phillies,19878,97,388,351,91,17,2,10,47,42,28,84,5,2,0.259,0.323,0.403,0.725,0.311,552
Evan Longoria,Giants,9368,130,541,491,124,25,2,19,59,68,37,112,3,1,0.253,0.309,0.43,0.74,0.311,531.5
Russell Martin,,4616,28,105,88,19,3,0,3,12,11,14,26,0,0,0.217,0.337,0.366,0.703,0.31,999
Nick Madrigal,White Sox,sa3008139,110,454,417,118,24,3,5,56,42,29,31,17,8,0.282,0.336,0.385,0.721,0.31,999
Ben Zobrist,,7435,28,115,100,26,5,0,2,14,11,13,17,0,0,0.257,0.34,0.379,0.719,0.31,999
Daniel Johnson,Indians,sa918018,10,39,36,9,2,0,1,5,5,3,10,1,0,0.254,0.311,0.421,0.732,0.31,999
Eric Sogard,Brewers,7927,101,388,343,89,17,1,8,45,35,37,60,6,2,0.26,0.336,0.384,0.719,0.31,572.5
Ryan O'Hearn,Royals,16442,102,399,355,81,18,1,16,42,49,39,107,0,1,0.229,0.309,0.423,0.732,0.31,594.3
Ender Inciarte,Braves,4922,102,396,356,95,17,3,7,51,36,33,60,12,4,0.267,0.333,0.393,0.725,0.31,483.5
Kevin Newman,Pirates,17696,140,578,537,151,28,4,9,65,57,32,75,16,7,0.281,0.326,0.4,0.725,0.31,192.2
Tyler White,Dodgers,15564,18,63,56,13,3,0,2,7,8,6,15,0,0,0.242,0.32,0.405,0.724,0.31,999
Jonathan Villar,Marlins,10071,150,623,562,144,25,4,16,80,58,52,163,34,9,0.257,0.323,0.4,0.723,0.31,37.8
Evan White,Mariners,sa915774,102,425,388,99,17,1,15,50,50,30,105,2,1,0.254,0.31,0.425,0.735,0.31,999
Hunter Pence,Giants,8252,68,236,217,56,10,1,8,27,30,16,54,3,1,0.257,0.311,0.423,0.733,0.31,579.2
Oscar Mercado,Indians,16375,141,603,542,140,30,4,15,79,61,41,115,22,9,0.259,0.317,0.41,0.727,0.31,112
Niko Goodrum,Tigers,12092,133,543,492,120,28,4,17,66,58,46,153,15,4,0.243,0.311,0.418,0.729,0.309,298.8
Harold Ramirez,Marlins,14387,85,315,294,80,16,1,7,35,35,15,61,3,1,0.273,0.316,0.409,0.726,0.309,597
Tyler Flowers,Braves,9134,78,296,257,60,10,1,9,33,33,29,89,0,0,0.232,0.326,0.387,0.713,0.309,551.7
Buster Posey,Giants,9166,118,475,425,115,22,1,8,49,47,43,69,1,1,0.27,0.341,0.383,0.723,0.309,266.9
Pablo Sandoval,Giants,5409,39,121,111,28,6,0,5,14,15,8,26,0,0,0.248,0.302,0.434,0.735,0.309,600.9
Yonder Alonso,,2530,33,97,86,20,4,0,3,11,12,11,21,0,0,0.238,0.322,0.404,0.726,0.309,999
Pablo Reyes,,16357,57,169,154,39,8,1,4,20,19,14,34,3,2,0.252,0.317,0.403,0.72,0.309,999
Travis d'Arnaud,Braves,7739,96,368,334,85,16,1,14,45,53,28,74,0,1,0.254,0.313,0.433,0.747,0.309,246.2
Ronald Guzman,Rangers,14388,108,413,368,88,19,1,14,47,49,36,111,1,1,0.24,0.313,0.414,0.726,0.309,599.5
Ben Gamel,Brewers,12160,79,242,215,55,11,2,4,30,24,24,61,2,1,0.255,0.332,0.383,0.714,0.309,999
Joey Bart,Giants,sa3007786,27,107,97,25,6,0,3,11,11,7,27,0,1,0.258,0.307,0.425,0.733,0.309,999
Addison Russell,,14106,34,127,114,28,6,1,4,15,15,10,30,1,0,0.246,0.317,0.414,0.731,0.308,598.2
Dwight Smith Jr.,Orioles,13473,60,241,218,54,11,1,7,27,28,19,48,3,1,0.25,0.314,0.41,0.724,0.308,999
Danny Santana,Rangers,10322,139,536,497,125,26,5,20,72,70,28,153,19,7,0.252,0.297,0.444,0.741,0.308,139.3
Amed Rosario,Mets,15518,149,612,574,157,27,6,14,72,64,30,118,19,8,0.274,0.313,0.415,0.728,0.308,128.7
Daniel Palka,White Sox,14897,9,34,31,7,1,0,2,4,5,3,11,0,0,0.22,0.295,0.438,0.733,0.308,999
Melky Cabrera,,4022,51,199,185,51,11,1,4,22,23,11,24,1,0,0.276,0.316,0.413,0.728,0.308,600.1
Kevin Pillar,Red Sox,12434,99,402,379,101,25,1,12,52,49,14,62,9,3,0.266,0.299,0.436,0.736,0.308,392.6
Maikel Franco,Royals,12179,123,472,434,109,22,1,19,52,62,33,66,0,0,0.25,0.304,0.436,0.739,0.308,489.3
David Fletcher,Angels,17992,124,522,479,133,28,3,6,65,45,36,56,7,3,0.278,0.331,0.382,0.713,0.308,360.9
Alex Avila,Twins,7476,42,153,128,27,5,0,5,16,18,24,53,0,0,0.211,0.337,0.368,0.705,0.308,592.5
Alex Gordon,Royals,5209,123,504,447,112,23,1,12,56,55,42,96,5,2,0.251,0.329,0.385,0.713,0.308,579.3
Brian Goodwin,Angels,12858,96,354,319,77,17,2,12,45,39,29,101,6,2,0.241,0.308,0.421,0.729,0.308,570.3
Jarred Kelenic,Mariners,sa3007741,27,113,103,25,5,1,5,13,16,8,24,3,1,0.24,0.297,0.438,0.735,0.307,569.4
Austin Hays,Orioles,19363,123,498,466,117,24,2,20,60,63,24,107,8,4,0.251,0.292,0.443,0.735,0.307,248.4
Chad Pinder,Athletics,15191,79,285,261,64,13,1,11,34,34,18,73,1,0,0.245,0.302,0.425,0.727,0.307,592.8
Christian Vazquez,Red Sox,9774,120,453,420,110,21,1,14,52,53,27,84,4,2,0.261,0.309,0.416,0.725,0.307,200.7
Salvador Perez,Royals,7304,120,482,452,113,22,1,22,51,67,18,96,1,0,0.25,0.288,0.45,0.738,0.307,160.9
Tomas Telis,Twins,10067,16,59,55,15,3,0,1,6,6,3,11,0,0,0.27,0.319,0.396,0.715,0.306,999
Andrelton Simmons,Angels,10847,128,531,491,135,25,2,10,60,57,32,47,11,3,0.274,0.321,0.395,0.716,0.306,442.6
Matt Adams,Mets,9393,46,136,125,28,4,0,8,16,21,9,41,0,0,0.224,0.281,0.456,0.737,0.306,600.8
Jed Lowrie,Mets,4418,96,288,255,63,14,1,8,32,33,30,63,0,0,0.247,0.327,0.4,0.727,0.306,600.6
Greg Garcia,Padres,10951,84,232,197,48,9,2,3,26,19,29,50,1,1,0.241,0.344,0.345,0.689,0.306,999
Shed Long,Mariners,16542,119,486,440,107,21,2,14,57,48,42,126,8,4,0.244,0.315,0.397,0.712,0.306,501.7
Scott Kingery,Phillies,17975,140,564,518,127,29,4,19,69,62,35,152,18,5,0.245,0.299,0.427,0.726,0.306,161.9
Joe Panik,,11936,44,175,157,41,9,1,3,20,16,14,17,2,1,0.262,0.325,0.39,0.715,0.306,999
Scooter Gennett,,10339,59,236,219,58,12,1,7,28,30,13,54,1,0,0.262,0.305,0.423,0.728,0.305,560.5
Nick Ahmed,Diamondbacks,12147,148,590,533,132,29,4,18,69,73,45,111,7,3,0.247,0.307,0.418,0.726,0.305,449.5
Jo Adell,Angels,sa3004837,97,419,381,95,22,1,13,53,47,29,120,8,2,0.248,0.307,0.413,0.72,0.305,999
Jared Walsh,Angels,18607,18,68,61,14,3,0,3,8,9,6,23,0,0,0.226,0.298,0.423,0.722,0.305,999
Billy McKinney,Blue Jays,15654,43,168,151,35,8,1,6,20,20,14,41,1,0,0.232,0.299,0.426,0.724,0.305,999
Manuel Margot,Rays,14712,102,383,347,87,17,3,10,48,38,29,73,15,5,0.251,0.311,0.407,0.718,0.305,486
Jorge Alfaro,Marlins,12180,120,456,419,105,17,2,17,43,52,23,152,3,2,0.25,0.304,0.417,0.72,0.305,212.6
Jason Kipnis,,9776,83,341,304,74,16,1,10,37,40,29,63,4,1,0.243,0.312,0.401,0.714,0.305,588.6
Lane Thomas,Cardinals,16939,61,183,166,40,8,1,6,21,22,15,51,4,2,0.238,0.308,0.403,0.712,0.305,591.8
Tim Beckham,,7949,43,174,161,39,8,1,6,20,22,12,50,1,1,0.241,0.297,0.423,0.72,0.304,600.6
Elvis Andrus,Rangers,8709,150,643,594,159,33,3,13,78,66,38,98,23,8,0.268,0.313,0.401,0.714,0.304,138.6
Devon Travis,,13862,10,42,39,10,2,0,1,5,5,2,8,1,0,0.261,0.303,0.416,0.718,0.304,999
Francisco Cervelli,Marlins,5275,64,238,206,49,8,1,5,24,24,24,57,1,1,0.236,0.331,0.361,0.692,0.304,599.3
Carlos Asuaje,,15197,25,95,84,20,4,1,2,10,13,9,19,0,1,0.239,0.318,0.387,0.705,0.304,999
Chris Iannetta,Yankees,8267,20,75,64,14,3,0,3,8,9,9,22,0,0,0.212,0.315,0.387,0.702,0.303,601
Hanser Alberto,Orioles,11902,136,549,516,146,24,2,11,59,53,16,53,4,2,0.283,0.31,0.405,0.714,0.303,466.2
Derek Fisher,Blue Jays,16192,95,335,295,66,13,2,12,42,37,35,113,8,3,0.223,0.309,0.403,0.712,0.303,589.4
Austin Nola,Mariners,15941,88,334,298,73,14,1,8,36,35,30,73,2,1,0.245,0.319,0.382,0.701,0.303,575.5
Jake Fraley,Mariners,19260,86,340,315,77,18,2,10,38,39,20,87,8,4,0.245,0.3,0.415,0.715,0.303,546.3
Lucas Duda,,2502,12,46,41,9,2,0,2,5,6,4,14,0,0,0.221,0.302,0.431,0.733,0.303,999
Ramon Urias,Orioles,sa597169,13,50,45,11,2,0,1,6,5,4,12,0,0,0.24,0.315,0.386,0.701,0.303,999
Austin Allen,Athletics,18083,62,223,207,50,11,0,8,24,26,14,55,0,0,0.244,0.299,0.416,0.715,0.303,575.2
Jon Berti,Marlins,12037,104,377,337,84,15,3,7,49,32,32,86,20,5,0.248,0.323,0.373,0.696,0.303,248.7
Nick Williams,Phillies,14330,16,47,44,11,2,0,2,6,6,3,14,0,0,0.245,0.299,0.416,0.715,0.302,999
Jose Peraza,Red Sox,13593,104,396,369,101,19,3,7,45,38,17,51,10,5,0.274,0.315,0.394,0.709,0.302,328.7
Christian Arroyo,Indians,16434,17,69,63,16,3,0,2,8,8,5,16,0,0,0.25,0.308,0.41,0.717,0.302,999
Yan Gomes,Nationals,9627,87,332,299,71,14,0,12,36,41,26,84,1,0,0.237,0.306,0.402,0.709,0.302,522.2
Ildemaro Vargas,Diamondbacks,13324,41,120,114,31,6,1,2,14,13,6,13,1,0,0.273,0.31,0.399,0.709,0.302,999
Khalil Lee,Royals,sa917996,7,30,27,6,1,0,0,4,3,3,9,2,1,0.241,0.333,0.349,0.682,0.302,600.3
Andrew Knizner,Cardinals,19514,16,59,54,14,3,0,2,7,6,4,10,1,0,0.252,0.313,0.389,0.702,0.302,600.3
Josh Fuentes,Rockies,16885,25,84,79,20,4,1,2,10,11,4,23,1,0,0.256,0.295,0.42,0.715,0.302,999
Nico Hoerner,Cubs,21479,83,354,326,88,17,3,6,42,37,21,45,4,2,0.27,0.316,0.391,0.707,0.302,492
Chris Shaw,Giants,17738,25,77,71,17,4,0,3,8,10,5,24,0,0,0.239,0.292,0.424,0.717,0.301,999
Nicky Delmonico,White Sox,13157,8,32,29,6,2,0,1,4,3,3,9,0,0,0.223,0.299,0.409,0.708,0.301,999
James McCann,White Sox,12859,80,314,289,70,13,0,11,35,37,20,85,2,1,0.244,0.299,0.409,0.709,0.301,384.5
Mauricio Dubon,Giants,16530,117,473,446,118,22,2,12,52,46,22,77,12,5,0.266,0.305,0.405,0.709,0.301,481.6
Isan Diaz,Marlins,17922,127,520,461,106,21,3,16,60,58,51,144,4,3,0.229,0.311,0.39,0.701,0.301,556.1
Ronny Rodriguez,Brewers,11875,43,180,167,40,9,1,8,21,24,9,43,2,1,0.239,0.277,0.451,0.728,0.301,999
Franklin Barreto,Athletics,15519,59,223,205,48,10,1,8,29,26,14,72,4,2,0.235,0.293,0.418,0.711,0.301,559.6
Yadier Molina,Cardinals,7007,107,427,394,103,20,1,12,44,53,23,61,5,2,0.262,0.307,0.405,0.713,0.301,234.2
Travis Demeritte,Tigers,15958,74,295,264,61,14,2,9,35,31,26,91,3,2,0.23,0.303,0.403,0.706,0.301,999
Curt Casali,Reds,12510,63,217,191,46,8,0,7,22,26,20,52,0,0,0.239,0.313,0.39,0.703,0.3,598.6
Manny Pina,Brewers,2829,74,253,229,56,11,1,8,25,29,18,58,1,0,0.244,0.308,0.396,0.704,0.3,584.4
Luis Rengifo,Angels,19858,42,167,149,36,7,1,3,19,16,15,35,2,2,0.244,0.319,0.375,0.694,0.3,598.6
Troy Stokes Jr.,Tigers,sa828871,8,32,28,6,1,0,1,3,3,3,8,1,0,0.218,0.296,0.409,0.705,0.3,999
Ke'Bryan Hayes,Pirates,sa874730,43,177,161,41,9,1,3,20,18,14,36,3,1,0.255,0.318,0.38,0.698,0.3,999
Ehire Adrianza,Twins,8418,51,179,159,41,8,1,3,22,19,13,34,1,0,0.256,0.317,0.388,0.705,0.3,596.7
Steve Pearce,,9957,15,59,53,12,3,0,2,7,7,5,15,0,0,0.229,0.307,0.397,0.704,0.3,999
Tim Locastro,Diamondbacks,15124,56,184,167,42,10,2,3,25,16,10,36,11,2,0.25,0.316,0.376,0.692,0.3,598.7
Reese McGuire,Blue Jays,15674,78,291,266,64,13,1,9,32,31,22,57,2,1,0.241,0.306,0.394,0.7,0.3,541.9
Abraham Almonte,,5486,10,38,34,8,2,0,1,5,3,4,9,0,0,0.234,0.317,0.376,0.693,0.3,999
Kevin Plawecki,Red Sox,13807,51,186,166,40,9,0,4,20,21,15,36,0,0,0.243,0.317,0.381,0.698,0.3,600
Tucker Barnhart,Reds,10200,112,411,361,87,17,1,10,39,43,43,84,1,1,0.242,0.326,0.378,0.704,0.299,427.8
Rafael Ortega,Braves,10323,25,83,76,18,4,1,2,10,9,7,17,2,1,0.243,0.309,0.386,0.695,0.299,999
Nick Martini,Phillies,12005,19,56,49,12,2,0,1,7,4,7,12,0,0,0.243,0.338,0.336,0.673,0.299,999
Victor Reyes,Tigers,15487,121,469,443,121,23,5,8,55,45,21,93,14,5,0.273,0.306,0.398,0.704,0.299,488
Jason Castro,Angels,8722,96,356,310,68,12,0,12,41,39,40,112,0,0,0.219,0.312,0.379,0.692,0.299,375.2
Elias Diaz,Rockies,11680,50,181,167,45,8,0,3,19,20,12,31,0,0,0.268,0.317,0.378,0.695,0.299,572.2
Daniel Robertson,Rays,14145,54,205,178,41,9,1,4,22,18,22,50,2,1,0.231,0.329,0.347,0.676,0.298,999
Nicky Lopez,Royals,19339,119,490,448,119,22,4,5,53,40,33,56,6,4,0.267,0.321,0.368,0.689,0.298,558.3
J.P. Crawford,Mariners,15491,133,545,473,109,23,3,11,60,53,59,120,7,3,0.231,0.32,0.364,0.684,0.298,552.9
Rylan Bannon,Orioles,sa3004162,12,47,43,10,2,0,1,5,5,4,10,1,0,0.238,0.312,0.378,0.69,0.298,999
Chris Owings,,10030,18,60,56,14,3,0,2,7,7,4,18,2,0,0.249,0.297,0.407,0.704,0.298,999
Austin Barnes,Dodgers,12158,54,196,170,38,8,1,5,24,21,21,46,2,1,0.226,0.321,0.361,0.683,0.298,599.5
Myles Straw,Astros,17620,60,222,198,51,8,2,1,29,19,22,42,14,3,0.259,0.337,0.336,0.672,0.298,572.9
Mark Trumbo,,6876,45,177,163,37,7,0,8,19,24,12,49,0,0,0.225,0.283,0.424,0.707,0.297,999
Tony Kemp,Athletics,14894,66,239,215,53,10,2,4,28,23,19,37,5,2,0.248,0.316,0.373,0.689,0.297,597.5
Roberto Perez,Indians,2900,107,406,352,77,12,1,15,41,50,41,120,0,0,0.219,0.303,0.39,0.694,0.297,291.1
Albert Pujols,Angels,1177,113,474,436,106,18,0,18,49,68,32,64,2,1,0.243,0.295,0.412,0.708,0.297,539.1
Cristian Pache,Braves,sa916722,17,73,68,17,4,1,2,8,8,5,18,0,0,0.246,0.299,0.403,0.702,0.297,576.4
Jonathan Lucroy,Red Sox,7870,28,105,94,24,5,0,2,11,12,8,16,0,0,0.256,0.32,0.377,0.697,0.297,595.1
JaCoby Jones,Tigers,14818,128,510,462,107,25,4,14,62,48,37,150,11,4,0.232,0.3,0.397,0.697,0.297,562.7
Zack Cozart,,2616,29,116,104,25,5,1,3,13,13,9,19,0,0,0.24,0.305,0.392,0.697,0.297,999
Tyler Stephenson,Reds,sa874242,9,35,31,7,2,0,1,4,4,3,7,0,0,0.237,0.317,0.364,0.681,0.297,999
Tyler Heineman,,13897,7,24,22,5,1,0,1,2,2,2,5,0,0,0.246,0.306,0.387,0.693,0.297,600.9
Adalberto Mondesi,Royals,13769,130,547,506,127,25,8,15,71,66,25,151,47,11,0.251,0.287,0.422,0.709,0.297,33.6
Jason Martin,Pirates,16429,49,163,150,37,8,1,4,18,17,11,37,4,2,0.246,0.3,0.401,0.7,0.297,999
Kevin Kiermaier,Rays,11038,123,495,452,108,20,6,14,60,53,33,112,17,6,0.239,0.298,0.403,0.701,0.297,381
Mark Zagunis,Cubs,16565,8,20,18,4,1,0,0,2,2,2,8,0,0,0.239,0.315,0.366,0.681,0.296,999
Miguel Rojas,Marlins,7802,134,523,481,130,23,1,8,54,50,30,64,7,3,0.271,0.319,0.373,0.692,0.296,573.8
Rio Ruiz,Orioles,14103,106,400,359,86,17,2,11,41,45,36,88,1,1,0.238,0.309,0.389,0.698,0.296,594.8
Cal Raleigh,Mariners,sa3008377,7,30,28,6,1,0,1,3,3,2,10,0,0,0.22,0.284,0.416,0.7,0.296,999
Brandon Crawford,Giants,5343,139,556,498,121,26,3,12,57,60,48,116,3,2,0.243,0.312,0.381,0.693,0.296,586.1
Alex Blandino,Reds,16271,20,73,62,14,3,0,1,8,6,8,21,0,0,0.22,0.323,0.35,0.674,0.296,999
Roman Quinn,Phillies,13546,67,228,205,49,8,3,5,28,21,19,62,13,3,0.24,0.311,0.374,0.685,0.296,569.2
Noel Cuevas,,11894,10,32,30,7,1,0,1,4,4,2,4,0,0,0.247,0.296,0.4,0.695,0.296,999
Domingo Leyba,Diamondbacks,16404,24,71,65,16,4,0,2,8,8,4,14,0,0,0.252,0.3,0.4,0.7,0.296,999
Mark Reynolds,,7619,26,92,81,17,3,0,3,10,11,10,30,1,0,0.216,0.303,0.385,0.688,0.296,999
Luis Guillorme,Mets,16451,23,76,67,17,3,0,1,8,7,7,13,1,0,0.246,0.327,0.343,0.67,0.295,999
Yairo Munoz,Cardinals,16313,42,124,115,29,6,1,3,14,13,7,26,4,1,0.254,0.302,0.391,0.694,0.295,999
Jose Iglesias,Orioles,10231,132,509,479,129,26,2,8,55,51,21,61,7,4,0.27,0.306,0.385,0.692,0.295,556.2
Cheslor Cuthbert,,10473,41,157,145,36,6,0,5,15,17,10,35,0,0,0.247,0.296,0.4,0.696,0.295,999
Mallex Smith,Mariners,13608,131,537,481,121,22,8,5,64,39,43,120,42,10,0.251,0.319,0.36,0.679,0.295,152.6
Jacob Stallings,Pirates,13723,95,342,312,80,17,0,8,37,35,22,67,0,1,0.255,0.311,0.384,0.695,0.295,529.1
Albert Almora Jr.,Cubs,14109,100,336,312,81,16,1,8,39,35,17,57,2,1,0.261,0.299,0.4,0.699,0.295,598.9
Kyle Lewis,Mariners,19508,110,455,414,97,20,1,16,47,50,34,142,2,1,0.234,0.294,0.402,0.696,0.295,488.6
Kyle Higashioka,Yankees,5517,37,138,127,28,5,0,7,16,19,9,38,0,0,0.222,0.277,0.429,0.705,0.295,597.5
Dom Nunez,Rockies,15055,21,79,70,15,3,0,3,9,9,7,23,0,0,0.222,0.3,0.394,0.694,0.295,600.4
Dustin Pedroia,Red Sox,8370,5,22,20,5,1,0,0,2,2,2,3,0,0,0.259,0.324,0.37,0.695,0.295,999
Tom Murphy,Mariners,13499,109,410,379,86,17,1,18,41,49,26,136,2,1,0.226,0.281,0.423,0.704,0.294,235.9
Sam Travis,Rangers,16263,42,146,134,33,6,0,3,16,16,11,35,1,0,0.247,0.309,0.374,0.682,0.294,999
Danny Mendick,White Sox,18889,31,118,106,26,5,0,3,13,12,10,25,2,1,0.241,0.308,0.374,0.683,0.294,600.6
Kevan Smith,,12284,39,143,132,34,8,0,2,14,14,9,23,1,0,0.259,0.312,0.37,0.682,0.294,999
Jared Oliva,Pirates,sa915844,7,26,23,6,1,0,0,3,2,2,6,1,1,0.245,0.318,0.355,0.673,0.294,592.5
Franchy Cordero,Padres,14567,102,383,345,79,15,4,14,43,42,28,134,11,3,0.228,0.287,0.413,0.7,0.294,467.9
Willi Castro,Tigers,17338,68,274,251,64,13,3,5,31,27,15,64,4,2,0.256,0.304,0.383,0.687,0.293,598.7
Austin Romine,Tigers,5491,84,298,276,70,13,0,9,31,36,16,65,1,1,0.253,0.296,0.396,0.692,0.293,434.5
Matt Reynolds,Royals,13788,8,31,28,7,2,0,0,3,3,3,8,0,0,0.239,0.316,0.367,0.683,0.293,999
Donovan Solano,Giants,8623,57,208,193,52,10,1,3,21,20,11,37,1,0,0.269,0.311,0.373,0.683,0.293,999
Corban Joseph,,5503,18,58,54,14,3,0,1,6,7,4,10,0,0,0.255,0.303,0.383,0.686,0.293,999
Joey Wendle,Rays,13853,89,352,322,83,19,3,5,41,35,19,65,11,3,0.258,0.309,0.381,0.689,0.293,570.4
Tyler Saladino,,10807,8,24,22,5,1,0,1,3,3,2,7,1,0,0.223,0.298,0.383,0.681,0.293,999
Welington Castillo,Nationals,3256,23,85,80,19,4,0,4,8,13,4,25,0,0,0.235,0.276,0.422,0.698,0.293,581.8
Zack Granite,Yankees,15343,13,54,49,12,2,0,1,6,6,4,9,1,0,0.251,0.311,0.366,0.677,0.293,999
Jordy Mercer,Tigers,6547,56,216,199,50,11,1,5,22,21,14,42,0,0,0.249,0.306,0.395,0.701,0.292,999
Drew Butera,,3411,22,80,71,17,4,0,2,8,8,6,20,0,0,0.236,0.3,0.385,0.685,0.292,999
Pedro Severino,Orioles,14523,88,319,290,68,12,0,10,31,35,24,69,2,1,0.235,0.301,0.382,0.683,0.292,500.7
Joey Rickard,,13277,26,78,71,17,4,0,2,8,6,6,19,1,1,0.237,0.306,0.369,0.675,0.292,999
Cole Tucker,Pirates,17326,51,193,176,43,8,2,3,21,18,16,42,5,3,0.244,0.308,0.37,0.678,0.292,594.2
Thairo Estrada,Yankees,16426,20,72,66,16,3,0,2,9,8,4,15,2,0,0.247,0.299,0.381,0.68,0.292,599.3
Leury Garcia,White Sox,5913,98,405,377,101,18,3,6,50,34,15,92,11,4,0.267,0.303,0.379,0.682,0.291,552.4
Freddy Galvis,Reds,6609,139,572,532,131,25,3,16,62,63,33,131,5,2,0.247,0.292,0.398,0.69,0.291,450.7
Logan Morrison,,9205,15,46,41,9,1,0,2,6,7,4,11,0,0,0.214,0.295,0.403,0.699,0.291,999
Edmundo Sosa,Cardinals,17022,7,24,22,5,1,0,1,3,3,1,6,1,0,0.24,0.298,0.38,0.678,0.291,999
Charlie Culberson,Braves,3298,45,117,109,27,5,1,3,13,13,6,31,1,0,0.244,0.293,0.391,0.684,0.291,999
Greg Allen,Indians,16623,57,219,196,48,10,2,4,26,20,13,46,8,3,0.244,0.309,0.365,0.674,0.291,595.5
Yu-Cheng Chang,Indians,14773,12,46,41,9,2,0,1,5,5,4,12,0,0,0.223,0.296,0.382,0.678,0.291,999
Mason Williams,Orioles,11859,29,101,92,23,3,0,3,10,9,7,20,2,2,0.249,0.302,0.376,0.678,0.29,999
Tony Wolters,Rockies,11470,102,368,322,79,16,2,4,38,36,36,65,1,1,0.246,0.329,0.344,0.673,0.29,546
Brandon Drury,Blue Jays,11615,93,358,330,77,18,1,11,38,39,24,88,1,1,0.234,0.29,0.394,0.684,0.29,598.9
Ryan Goins,Athletics,9807,16,51,46,11,3,0,1,5,5,4,15,0,0,0.237,0.303,0.371,0.673,0.29,999
Breyvic Valera,Padres,12758,9,38,34,8,2,0,1,4,3,3,5,0,0,0.247,0.307,0.369,0.675,0.29,999
Donnie Walton,Mariners,19314,9,38,35,9,2,0,0,4,3,3,7,0,0,0.246,0.319,0.342,0.66,0.29,999
Seth Brown,Athletics,18171,42,164,151,34,8,1,5,19,20,12,49,2,1,0.228,0.289,0.39,0.679,0.29,595.1
Guillermo Heredia,Pirates,18721,90,286,254,60,12,1,6,29,25,21,68,2,2,0.236,0.309,0.36,0.669,0.289,999
Matt Wieters,Cardinals,4298,55,201,181,42,6,0,8,20,25,16,45,1,0,0.229,0.293,0.396,0.69,0.289,587.1
Josh Harrison,Phillies,8202,48,180,164,40,8,1,4,19,18,10,34,4,1,0.245,0.299,0.383,0.682,0.289,999
Dawel Lugo,Tigers,14713,82,327,309,81,16,2,6,35,34,12,58,2,1,0.262,0.293,0.39,0.683,0.289,999
Cory Spangenberg,Brewers,12294,11,39,36,9,1,0,1,5,4,3,13,1,0,0.245,0.302,0.376,0.679,0.289,999
John Hicks,Diamondbacks,12547,14,50,47,11,2,0,2,5,6,3,15,0,0,0.228,0.271,0.418,0.689,0.288,599.5
Jon Jay,Diamondbacks,5227,26,95,86,23,4,1,1,10,8,5,17,1,0,0.267,0.32,0.347,0.667,0.288,999
Daz Cameron,Tigers,sa874736,6,26,24,5,1,0,0,3,2,2,8,0,0,0.228,0.302,0.364,0.667,0.288,999
Steven Duggar,Giants,17719,81,335,303,72,18,2,5,36,29,28,94,4,3,0.239,0.305,0.363,0.668,0.288,600.8
C.J. Chatham,Red Sox,sa873984,9,38,36,9,2,0,1,4,4,2,8,1,0,0.263,0.298,0.379,0.677,0.288,999
Mac Williamson,Nationals,14158,8,35,32,7,1,0,1,4,5,3,10,0,0,0.233,0.299,0.373,0.673,0.288,999
Brandon Dixon,Tigers,15214,48,183,170,41,11,1,4,19,24,11,57,2,1,0.24,0.289,0.388,0.677,0.288,600.3
Michael A. Taylor,Nationals,11489,58,179,162,37,9,1,5,21,19,14,58,8,2,0.23,0.292,0.394,0.686,0.287,600.5
Josh Phegley,,9308,40,133,122,28,7,0,5,15,19,7,28,0,0,0.232,0.278,0.408,0.685,0.287,599.5
Mikie Mahtook,Phillies,13130,24,86,78,17,3,1,3,10,10,7,28,1,0,0.217,0.287,0.386,0.673,0.287,999
Jonathan Davis,Blue Jays,15104,27,101,89,20,4,1,2,12,9,8,26,3,1,0.222,0.301,0.36,0.661,0.287,999
Carlos Gonzalez,,7287,35,141,127,29,6,0,4,16,15,12,39,1,1,0.228,0.297,0.381,0.678,0.287,600.6
Sheldon Neuse,Athletics,19635,53,203,185,45,9,1,5,22,22,13,60,1,1,0.244,0.295,0.379,0.674,0.287,597.3
Jake Marisnick,Mets,11339,86,263,240,53,11,1,9,36,29,16,84,8,3,0.22,0.281,0.394,0.676,0.287,596.1
Vimael Machin,Athletics,sa602488,11,47,42,10,2,0,1,5,4,5,8,0,0,0.239,0.314,0.348,0.662,0.286,999
Brett Phillips,Royals,14735,77,286,248,53,10,4,8,34,29,30,95,9,2,0.212,0.3,0.377,0.677,0.286,601
Michael Perez,Rays,12977,49,178,158,35,7,0,5,18,19,16,50,0,0,0.221,0.293,0.375,0.668,0.286,999
Adeiny Hechavarria,Braves,10459,52,180,167,43,8,1,3,21,21,9,34,2,1,0.258,0.299,0.373,0.672,0.286,601
Daniel Descalso,Cubs,8392,52,160,137,28,6,1,4,19,17,20,45,1,0,0.202,0.304,0.349,0.653,0.285,999
Kelvin Gutierrez,Royals,17468,8,32,30,8,1,0,1,3,3,2,8,0,0,0.254,0.302,0.361,0.664,0.285,999
Jake Rogers,Tigers,19452,30,114,101,21,4,0,4,12,12,10,36,0,0,0.205,0.288,0.373,0.661,0.285,600.7
Austin Wynns,Orioles,15271,17,65,58,14,2,0,2,6,6,5,13,0,0,0.235,0.298,0.361,0.659,0.285,999
Isiah Kiner-Falefa,Rangers,16512,33,129,116,29,6,0,1,13,11,9,24,2,0,0.249,0.313,0.337,0.65,0.285,598
Delino DeShields,Indians,11379,74,285,248,58,11,2,4,34,21,28,70,15,4,0.233,0.313,0.334,0.648,0.285,493.1
Sean Rodriguez,Marlins,6589,24,75,67,14,3,0,3,8,8,7,27,0,0,0.209,0.289,0.377,0.666,0.285,999
Dee Gordon,Mariners,8203,101,407,381,104,14,5,3,42,30,16,59,21,6,0.274,0.306,0.357,0.663,0.285,293.7
Jarrod Dyson,Pirates,4866,97,374,329,76,12,3,5,46,27,36,65,25,5,0.232,0.313,0.336,0.649,0.284,448.3
Ryan LaMarre,,10700,9,26,24,5,1,0,1,3,3,2,7,1,0,0.227,0.298,0.358,0.657,0.284,999
Rob Brantly,,10655,21,64,59,14,3,0,1,6,6,4,19,0,0,0.239,0.297,0.363,0.659,0.284,999
Adolis Garcia,Rangers,19287,19,74,70,16,3,0,3,9,9,3,24,1,1,0.224,0.266,0.409,0.676,0.284,599.6
Alex Jackson,Braves,17276,6,25,23,5,1,0,1,3,3,2,9,0,0,0.203,0.274,0.393,0.667,0.284,999
Dustin Garneau,Astros,9433,40,145,130,27,6,0,5,16,17,12,42,0,0,0.205,0.287,0.369,0.656,0.284,999
Kyle Farmer,Reds,14813,39,118,109,26,6,0,3,12,13,7,29,2,0,0.236,0.287,0.378,0.665,0.284,600.8
Orlando Arcia,Brewers,13185,82,289,265,64,12,1,7,29,31,19,58,5,2,0.243,0.295,0.378,0.673,0.283,572.5
Kevin Kramer,Pirates,17689,21,73,65,15,4,0,2,7,7,6,22,1,0,0.232,0.295,0.367,0.661,0.283,999
Patrick Wisdom,Mariners,13602,17,63,56,11,2,0,3,7,7,5,23,1,0,0.203,0.277,0.386,0.663,0.283,600.9
Bradley Zimmer,Indians,16221,15,54,48,11,2,0,1,7,6,5,19,1,1,0.224,0.299,0.374,0.672,0.283,595.5
Andrew Knapp,Phillies,14942,32,111,96,21,4,0,2,11,10,12,35,0,0,0.218,0.312,0.341,0.653,0.283,600.4
Luke Raley,Dodgers,sa918048,8,36,33,8,2,0,1,5,5,2,10,0,0,0.238,0.297,0.36,0.657,0.283,999
Dylan Moore,Mariners,18042,29,103,93,20,5,0,3,11,10,8,28,3,2,0.215,0.29,0.363,0.653,0.282,600.5
DJ Peters,Dodgers,sa829712,6,23,20,4,1,0,1,3,2,2,8,0,0,0.204,0.285,0.367,0.652,0.282,999
Tim Lopes,Mariners,14137,20,78,71,17,4,0,1,8,7,6,17,3,1,0.245,0.305,0.344,0.649,0.282,999
Aramis Garcia,Giants,16925,8,27,25,6,1,0,1,3,3,2,10,0,0,0.219,0.274,0.39,0.664,0.282,999
Yolmer Sanchez,Giants,11602,70,279,251,62,11,2,2,28,24,20,58,3,2,0.248,0.309,0.339,0.648,0.282,999
Mike Zunino,Rays,13265,106,386,351,71,15,1,17,41,47,28,135,0,0,0.202,0.271,0.392,0.664,0.282,511.5
Eduardo Nunez,,6848,34,132,126,32,6,0,3,14,14,5,20,3,0,0.257,0.286,0.377,0.663,0.281,999
Kean Wong,Giants,15994,7,28,26,6,1,0,0,3,2,2,7,0,0,0.245,0.301,0.348,0.649,0.281,999
Tyrone Taylor,Brewers,13675,7,21,20,5,1,0,0,2,2,1,5,0,0,0.232,0.289,0.364,0.653,0.281,999
J.T. Riddle,Pirates,17642,49,163,152,36,8,1,5,17,19,9,37,1,1,0.238,0.28,0.392,0.672,0.281,999
Jonah Heim,Athletics,sa737843,9,33,30,7,1,0,1,3,4,2,6,0,0,0.239,0.292,0.366,0.658,0.281,999
Jake Noll,Nationals,19703,15,44,41,10,2,0,1,5,5,3,11,0,0,0.245,0.294,0.357,0.651,0.281,999
Monte Harrison,Marlins,sa828691,56,232,212,47,8,1,7,27,21,17,79,9,3,0.221,0.289,0.362,0.651,0.281,999
Eric Haase,Tigers,14111,7,24,22,4,1,0,1,3,3,2,9,0,0,0.2,0.263,0.402,0.665,0.281,999
Logan Forsythe,Phillies,7185,17,60,52,11,2,0,1,6,7,7,16,0,0,0.213,0.312,0.318,0.63,0.28,999
Hernan Perez,,5751,31,120,112,27,7,0,2,14,15,7,27,2,0,0.244,0.288,0.37,0.658,0.28,999
Brian O'Grady,Rays,16729,17,54,48,10,2,0,2,6,7,5,18,1,0,0.204,0.289,0.357,0.646,0.28,600.5
Jack Mayfield,Astros,15402,7,28,26,6,2,0,1,3,4,2,7,0,0,0.229,0.278,0.38,0.658,0.28,999
Rosell Herrera,Yankees,11611,11,29,26,6,1,0,0,3,2,2,6,1,0,0.23,0.296,0.348,0.643,0.28,999
Joe McCarthy,Giants,sa858039,5,22,19,4,1,0,0,2,2,2,6,0,0,0.231,0.305,0.332,0.638,0.28,999
Michael Hermosillo,Angels,16285,20,74,65,14,3,0,2,9,7,5,25,2,1,0.208,0.285,0.364,0.65,0.279,999
Cedric Mullins II,Orioles,17929,18,72,65,16,3,0,1,8,6,5,13,2,0,0.244,0.295,0.355,0.649,0.279,600.2
Garrett Stubbs,Astros,18067,24,88,80,18,4,0,2,10,8,7,18,2,1,0.222,0.294,0.348,0.642,0.279,598.8
Juan Lagares,,5384,52,152,139,33,6,1,2,18,14,10,36,3,1,0.239,0.295,0.353,0.648,0.279,999
Jesus Sanchez,Marlins,sa872787,23,97,89,21,5,0,2,9,10,6,22,0,0,0.241,0.289,0.367,0.655,0.279,999
Tyler Wade,Yankees,15730,32,115,105,25,5,1,2,14,11,8,30,5,1,0.234,0.297,0.344,0.641,0.279,600.9
Andrew Stevenson,Nationals,17932,17,57,51,13,2,0,1,6,5,4,15,1,0,0.248,0.303,0.34,0.643,0.279,999
Yasmany Tomas,Diamondbacks,17171,8,21,20,5,1,0,1,2,2,1,8,0,0,0.235,0.261,0.405,0.666,0.279,999
Jonathan Arauz,Red Sox,sa877498,17,68,63,14,4,1,1,8,7,4,14,1,0,0.229,0.285,0.367,0.652,0.279,999
Dustin Fowler,Athletics,17098,14,60,56,13,3,1,2,7,6,3,15,2,0,0.237,0.273,0.389,0.662,0.279,999
Martin Maldonado,Astros,6887,99,366,329,71,13,1,11,40,37,24,90,0,0,0.217,0.285,0.361,0.646,0.278,562.2
Max Moroff,Mets,14556,8,22,19,4,1,0,1,3,2,3,8,0,0,0.189,0.296,0.333,0.629,0.278,999
Cam Gallagher,Royals,12981,34,122,111,27,5,0,2,11,13,8,21,0,0,0.24,0.299,0.339,0.638,0.277,600.8
Ronald Torreyes,,11400,13,40,38,9,1,0,1,5,4,2,6,1,0,0.243,0.28,0.369,0.65,0.277,999
Anthony Alford,Blue Jays,14329,34,119,108,24,5,0,2,13,11,9,39,5,2,0.219,0.289,0.345,0.635,0.276,599.8
Wyatt Mathisen,Diamondbacks,sa657937,9,31,27,6,1,0,1,4,4,3,8,0,0,0.21,0.299,0.327,0.626,0.276,999
Kyle Garlick,Phillies,18063,15,46,44,10,1,0,2,6,7,2,17,0,0,0.218,0.265,0.388,0.653,0.276,600.9
Seth Mejias-Brean,Padres,13905,14,46,42,10,2,0,1,5,5,4,11,0,0,0.228,0.293,0.34,0.633,0.276,999
Chris Herrmann,,9284,14,47,42,9,2,0,1,5,5,5,15,0,0,0.204,0.29,0.342,0.632,0.276,999
Braden Bishop,Mariners,17806,32,118,106,24,5,0,3,12,11,9,31,1,1,0.222,0.288,0.346,0.635,0.275,999
Adam Engel,White Sox,15082,46,165,150,33,7,1,4,18,15,10,49,3,2,0.222,0.282,0.356,0.638,0.275,999
Andrew Velazquez,Orioles,14196,21,74,70,16,3,0,2,8,7,4,22,2,1,0.231,0.28,0.36,0.641,0.275,999
Richie Martin Jr.,Orioles,17736,64,223,201,46,9,2,4,23,18,13,51,7,3,0.231,0.287,0.349,0.637,0.274,600
Max Stassi,Angels,10059,61,218,193,40,7,0,6,22,22,19,66,0,1,0.207,0.286,0.346,0.632,0.274,999
Harold Castro,Tigers,14691,51,200,191,49,8,1,3,19,20,7,43,2,1,0.26,0.287,0.355,0.642,0.274,599.1
Andrew Susac,Pirates,13132,10,37,33,6,1,0,1,4,4,4,11,0,0,0.198,0.286,0.339,0.625,0.274,999
Mark Mathias,Brewers,sa875006,8,29,26,5,1,0,1,3,3,3,6,0,0,0.21,0.292,0.334,0.626,0.274,999
Mike Freeman,Indians,11241,8,31,27,7,1,0,0,3,3,3,8,0,0,0.24,0.306,0.32,0.625,0.273,999
Chris Davis,Orioles,9272,87,340,298,57,9,0,13,32,38,35,128,0,0,0.19,0.281,0.355,0.636,0.273,592.2
Peter O'Brien,Braves,13288,6,23,20,4,1,0,1,2,3,2,9,0,0,0.189,0.266,0.373,0.639,0.273,999
Austin Hedges,Padres,12976,81,298,273,57,11,1,11,28,36,20,88,1,0,0.209,0.27,0.375,0.646,0.273,579.5
Bubba Starling,Royals,13356,52,201,186,43,9,1,4,22,18,11,53,3,1,0.231,0.279,0.357,0.636,0.273,600.6
Magneuris Sierra,Marlins,17023,38,129,121,30,5,1,1,13,10,6,25,6,2,0.249,0.288,0.343,0.632,0.272,600.9
Charlie Tilson,Pirates,12983,9,35,32,8,2,0,0,3,3,2,7,1,0,0.242,0.298,0.326,0.624,0.272,999
Bryan Holaday,Orioles,11287,8,27,25,6,1,0,0,3,3,2,5,0,0,0.238,0.292,0.336,0.629,0.272,999
Jorge Mateo,Athletics,sa657910,43,174,164,38,8,2,4,20,17,9,49,6,3,0.232,0.272,0.371,0.643,0.272,999
Jorge Bonifacio,Tigers,12174,17,64,59,13,2,0,2,7,6,4,18,0,0,0.217,0.276,0.355,0.631,0.271,999
Tzu-Wei Lin,Red Sox,14678,10,39,36,8,2,0,0,4,3,3,9,1,0,0.235,0.294,0.327,0.621,0.271,999
Steve Wilkerson,,16041,19,75,69,16,4,0,1,7,6,5,21,0,0,0.23,0.284,0.342,0.626,0.271,999
Scott Schebler,Reds,12225,18,60,54,11,2,0,2,6,6,5,17,0,0,0.211,0.282,0.364,0.646,0.271,999
Juan Centeno,Red Sox,7168,10,38,35,9,2,0,0,3,3,3,6,1,0,0.247,0.304,0.333,0.637,0.271,999
Brendan McKay,Rays,20186,13,39,35,8,1,0,1,4,4,3,11,0,0,0.227,0.3,0.311,0.611,0.27,279.9
Meibrys Viloria,Royals,17109,19,73,65,15,3,0,1,6,7,5,18,0,0,0.235,0.294,0.327,0.621,0.27,999
Rene Rivera,,3648,11,38,35,7,1,0,2,4,5,2,12,0,0,0.206,0.27,0.382,0.652,0.27,999
Jake Elmore,Pirates,7290,19,57,53,13,2,0,0,6,4,5,10,0,1,0.246,0.31,0.294,0.604,0.27,999
Grayson Greiner,Tigers,17062,59,228,205,45,9,1,5,20,22,18,64,0,0,0.219,0.282,0.342,0.624,0.269,600.2
Anderson Tejeda,Rangers,sa872474,9,35,32,7,2,0,1,4,3,2,10,1,0,0.21,0.269,0.361,0.63,0.269,999
Adrian Sanchez,Nationals,11338,13,44,41,10,2,0,0,4,4,2,9,0,0,0.243,0.288,0.333,0.62,0.268,999
Aaron Altherr,,11270,9,21,18,4,1,0,1,2,2,2,7,0,0,0.199,0.281,0.357,0.638,0.268,999
Humberto Arteaga,Royals,13595,5,20,19,5,1,0,0,2,2,1,3,0,0,0.245,0.285,0.334,0.619,0.268,999
Erik Gonzalez,Pirates,13369,55,182,170,41,8,1,3,18,16,8,49,4,1,0.239,0.278,0.348,0.625,0.267,999
Marco Hernandez,Red Sox,13154,25,71,67,17,5,0,0,8,6,2,18,0,0,0.251,0.281,0.339,0.621,0.267,999
Dylan Cozens,Rays,15115,20,45,40,7,2,0,2,6,5,5,13,1,0,0.175,0.27,0.345,0.615,0.267,999
Yangervis Solarte,,5352,13,54,50,12,3,0,1,6,7,3,9,0,0,0.237,0.284,0.357,0.641,0.267,999
Erick Mejia,Royals,15817,7,27,25,6,1,0,0,3,2,2,6,1,0,0.239,0.291,0.325,0.616,0.266,999
Nick Hundley,,3376,11,32,30,7,2,0,1,3,3,2,9,0,0,0.217,0.264,0.384,0.648,0.266,999
Lewis Brinson,Marlins,14352,57,220,202,43,9,2,5,21,22,14,66,3,1,0.212,0.273,0.346,0.619,0.266,594.9
Estevan Florial,Yankees,sa874464,14,55,50,10,3,0,1,6,5,4,21,1,1,0.201,0.271,0.342,0.613,0.265,999
Ryan Cordell,,15181,16,49,44,9,2,0,1,4,5,3,14,1,0,0.213,0.268,0.352,0.62,0.265,999
Richard Urena,Orioles,16411,11,43,40,9,2,0,0,4,4,2,10,0,0,0.239,0.284,0.325,0.61,0.264,999
Jim Adduci,,6448,6,21,19,4,1,0,0,2,2,1,8,0,0,0.232,0.268,0.344,0.612,0.262,999
John Ryan Murphy,Pirates,10346,11,38,35,7,1,0,1,4,4,2,11,0,0,0.206,0.262,0.349,0.61,0.261,999
Billy Hamilton,,10199,42,161,146,33,5,2,1,18,10,13,39,10,2,0.228,0.289,0.306,0.595,0.261,579.8
Raudy Read,Nationals,15766,7,22,21,5,1,0,1,2,3,1,5,0,0,0.217,0.252,0.365,0.617,0.26,999
Yadiel Rivera,Rangers,11863,10,21,20,4,1,0,1,2,2,1,7,1,0,0.219,0.251,0.364,0.615,0.26,999
Travis Jankowski,Reds,13768,16,48,43,9,1,0,0,6,4,5,11,2,0,0.221,0.301,0.273,0.573,0.259,999
Sergio Alcantara,Tigers,sa739641,7,27,25,6,1,0,0,3,2,2,5,0,0,0.225,0.29,0.296,0.586,0.259,999
Gorkys Hernandez,White Sox,4146,10,33,29,6,1,0,1,4,3,3,9,1,0,0.211,0.281,0.334,0.615,0.259,999
Tomas Nido,Mets,13755,44,161,151,33,7,0,4,14,17,8,39,0,0,0.22,0.262,0.34,0.602,0.257,600.8
Pat Valaika,,14885,20,61,57,12,2,0,2,6,7,3,18,0,0,0.21,0.252,0.352,0.604,0.257,999
Eli White,Rangers,sa738478,7,28,26,6,1,0,0,3,3,2,9,0,0,0.219,0.273,0.315,0.589,0.257,600.1
Jose Trevino,Rangers,16725,35,124,117,27,5,0,2,12,12,5,24,0,0,0.233,0.261,0.341,0.603,0.256,999
Luke Maile,Pirates,13355,64,229,208,44,9,1,3,19,21,16,57,1,1,0.212,0.272,0.314,0.587,0.256,999
Nick Ciuffo,Rangers,16291,8,27,24,5,1,0,0,2,2,2,9,0,0,0.216,0.271,0.314,0.585,0.255,999
Skye Bolt,Athletics,17723,9,29,26,5,1,0,1,3,3,2,9,0,0,0.198,0.262,0.326,0.587,0.254,999
Wilmer Difo,Nationals,14320,70,235,211,49,6,1,2,28,23,19,46,3,1,0.231,0.294,0.296,0.59,0.254,999
Caleb Joseph,Blue Jays,7087,7,25,24,5,1,0,0,2,2,1,7,0,0,0.21,0.256,0.335,0.591,0.254,999
Keon Broxton,Brewers,9253,12,37,33,6,1,0,1,4,4,4,16,1,0,0.185,0.271,0.302,0.573,0.252,999
Peter Bourjos,,2578,15,34,32,7,1,1,1,4,3,1,10,1,0,0.214,0.248,0.35,0.598,0.252,999
Anthony Bemboom,Angels,13854,13,46,42,9,1,0,1,4,4,3,12,0,0,0.204,0.26,0.324,0.584,0.252,999
Sandy Leon,Indians,5273,67,236,214,43,8,0,5,22,22,15,60,0,1,0.203,0.263,0.312,0.575,0.249,999
Terrance Gore,,13658,22,47,42,9,1,0,0,7,4,4,13,7,2,0.204,0.287,0.261,0.548,0.248,999
Rajai Davis,,3708,26,47,44,10,2,0,1,5,4,2,11,1,1,0.221,0.263,0.333,0.596,0.248,999
Sam Haggerty,Mariners,18054,10,24,21,4,1,0,0,3,2,2,8,0,0,0.192,0.282,0.26,0.542,0.246,999
Tres Barrera,Nationals,19977,11,31,29,6,1,0,1,3,4,2,5,0,0,0.211,0.26,0.304,0.564,0.246,999
Gordon Beckham,,9015,16,53,49,10,2,0,1,6,6,3,12,1,0,0.206,0.26,0.294,0.553,0.243,999
Chad Wallach,Marlins,17161,6,24,21,4,1,0,0,2,2,2,7,0,0,0.189,0.262,0.276,0.538,0.24,999
Kaleb Cowart,,11494,9,29,27,5,2,0,0,3,3,2,8,1,0,0.202,0.257,0.313,0.57,0.239,999
Jacob Nottingham,Brewers,16448,9,24,22,4,1,0,0,2,3,1,8,0,0,0.193,0.26,0.274,0.534,0.237,999
Jeff Mathis,Rangers,3448,58,201,185,37,7,0,2,15,15,14,64,1,1,0.198,0.255,0.277,0.532,0.233,999
Tim Federowicz,Rangers,8609,10,35,32,6,2,0,0,3,3,2,11,0,0,0.191,0.25,0.275,0.525,0.232,999
Alen Hanson,,12926,23,65,60,11,2,0,1,7,6,3,18,2,1,0.186,0.228,0.286,0.514,0.221,999
Steven Baron,,9787,11,27,26,4,1,0,0,2,1,2,10,0,0,0.173,0.223,0.208,0.431,0.194,999
