Name,Team,playerid,G,PA,AB,H,2B,3B,HR,R,RBI,BB,SO,HBP,SB,CS,AVG,OBP,SLG,OPS,wOBA,Fld,BsR,WAR,ADP
Mike Trout,Angels,10155,159,686,538,159,30,3,45,124,115,128,140,13,17,4,0.296,0.439,0.614,1.053,0.427,-0.9,3.4,9.1,2.3
Alex Bregman,Astros,17678,152,658,548,158,38,2,33,107,105,95,86,9,8,3,0.287,0.398,0.546,0.943,0.393,-0.4,0.3,6.7,15.8
Cody Bellinger,Dodgers,15998,151,651,554,161,32,4,42,106,120,89,123,3,14,4,0.29,0.389,0.585,0.973,0.394,3.3,1.5,6.5,4.4
Francisco Lindor,Indians,12916,154,665,595,172,38,2,33,107,89,56,95,5,21,6,0.289,0.353,0.527,0.88,0.362,8.4,1,5.8,8.2
Matt Chapman,Athletics,16505,154,665,582,147,36,4,35,97,97,68,164,9,3,2,0.252,0.337,0.506,0.843,0.351,11.6,0.7,5.6,89.3
Christian Yelich,Brewers,11477,151,651,556,169,34,4,35,106,104,82,134,7,23,5,0.304,0.397,0.569,0.966,0.397,0.9,3.9,5.6,2.5
Mookie Betts,Dodgers,13611,154,665,575,165,37,4,31,114,88,77,95,5,18,4,0.287,0.373,0.53,0.903,0.374,6.5,4.2,5.4,6
Juan Soto,Nationals,20123,154,665,549,161,32,4,35,106,116,108,125,3,10,3,0.294,0.41,0.561,0.971,0.402,-1.5,0.6,5.3,11
Anthony Rendon,Angels,12861,149,644,555,156,37,2,28,93,100,73,96,8,5,2,0.28,0.368,0.503,0.872,0.363,4.7,0.7,5.3,22.4
Jose Ramirez,Indians,13510,151,651,569,159,41,4,31,97,103,71,84,5,27,7,0.28,0.361,0.525,0.887,0.367,3.5,4.4,5.3,16.9
Nolan Arenado,Rockies,9777,157,679,601,179,37,3,40,103,121,68,108,4,3,2,0.297,0.369,0.57,0.939,0.383,7.5,0.2,5.1,15.1
Yasmani Grandal,White Sox,11368,136,545,453,107,20,1,25,69,71,84,132,3,3,2,0.237,0.358,0.455,0.814,0.346,5.7,-2.6,5,99.5
Josh Donaldson,Twins,5038,144,623,520,135,28,1,33,92,96,93,146,6,4,2,0.26,0.376,0.504,0.88,0.37,2,-0.4,4.8,91.3
George Springer,Astros,12856,144,623,538,147,25,2,33,103,90,71,126,7,7,4,0.273,0.364,0.51,0.873,0.366,-0.2,0.1,4.7,49.9
Carlos Correa,Astros,14162,138,595,517,140,30,2,30,83,103,68,133,4,3,1,0.271,0.356,0.506,0.862,0.359,-0.5,0.6,4.7,107.6
Ronald Acuna Jr.,Braves,18401,152,658,577,164,28,3,36,109,95,68,160,7,31,9,0.284,0.366,0.531,0.897,0.373,2,3.3,4.7,1.3
Aaron Judge,Yankees,15640,131,567,471,121,20,1,35,91,87,86,178,5,5,3,0.257,0.375,0.53,0.905,0.375,8.6,0.1,4.7,31.1
Marcus Semien,Athletics,12533,156,672,593,161,35,4,26,96,81,69,109,2,12,5,0.272,0.347,0.476,0.823,0.346,-0.5,0.8,4.7,96
Xander Bogaerts,Red Sox,12161,152,658,581,169,40,2,26,96,99,66,116,5,7,2,0.29,0.364,0.499,0.863,0.362,-3.8,1.4,4.5,43.4
Kris Bryant,Cubs,15429,149,644,548,149,33,2,30,98,84,75,143,16,5,2,0.272,0.373,0.507,0.88,0.369,-1.6,1.9,4.5,58.7
J.T. Realmuto,Phillies,11739,139,552,501,137,30,3,24,75,80,39,112,7,7,2,0.273,0.331,0.488,0.819,0.341,5.6,1.8,4.4,49.4
Jose Altuve,Astros,5417,149,644,578,174,32,3,25,96,86,53,92,6,14,5,0.3,0.363,0.494,0.858,0.36,-3.3,-0.3,4.4,38.1
Ozzie Albies,Braves,16556,152,658,600,174,39,7,25,97,83,47,100,5,15,4,0.29,0.344,0.502,0.847,0.352,5.7,2.7,4.4,35
Rafael Devers,Red Sox,17350,152,658,601,178,43,3,32,103,107,48,116,3,9,5,0.296,0.35,0.539,0.889,0.366,-2,0.7,4.4,23.1
Freddie Freeman,Braves,5361,152,658,566,168,37,3,32,99,106,80,125,7,7,3,0.296,0.387,0.543,0.931,0.383,3.3,0.3,4.3,18.6
Manny Machado,Padres,11493,157,679,607,164,30,2,36,90,102,63,122,4,7,3,0.271,0.34,0.505,0.845,0.349,4.5,-0.5,4.3,62.9
Ketel Marte,Diamondbacks,13613,151,651,586,173,34,9,23,89,82,55,90,4,9,3,0.295,0.357,0.499,0.856,0.357,1.2,1.2,4.2,45.2
Gleyber Torres,Yankees,16997,144,623,558,156,26,1,38,90,107,53,129,4,7,3,0.28,0.343,0.534,0.877,0.362,-7.5,0,4.1,31.9
Yoan Moncada,White Sox,17232,151,651,581,157,30,4,27,90,84,59,180,5,13,5,0.271,0.341,0.479,0.82,0.344,1.7,1.7,4.1,66.3
Bryce Harper,Phillies,11579,152,658,539,139,30,1,39,102,109,108,168,5,13,4,0.259,0.384,0.533,0.917,0.377,-0.5,0.6,4.1,23.1
Trevor Story,Rockies,12564,151,651,584,162,36,5,36,98,101,56,177,6,20,7,0.277,0.344,0.541,0.884,0.365,3.1,1.6,4.1,10.2
Anthony Rizzo,Cubs,3473,152,658,555,158,32,3,30,92,104,76,93,21,6,3,0.284,0.388,0.516,0.905,0.378,4.1,-2.1,4,72.6
Trea Turner,Nationals,16252,149,644,581,166,33,6,20,98,71,52,124,4,41,8,0.286,0.347,0.469,0.816,0.344,-1.2,5.7,3.9,9.3
Fernando Tatis Jr.,Padres,19709,146,630,564,154,24,8,29,91,83,51,174,8,24,9,0.273,0.34,0.498,0.838,0.349,-3.7,1.7,3.9,15.6
Corey Seager,Dodgers,13624,133,574,514,143,36,2,21,79,83,50,108,5,2,1,0.278,0.345,0.475,0.82,0.343,1.9,1.1,3.8,152
Jeff McNeil,Mets,15362,144,623,562,163,35,4,20,84,73,39,81,16,8,4,0.291,0.351,0.472,0.823,0.347,0.8,0.4,3.7,93.8
Matt Olson,Athletics,14344,147,637,557,141,30,0,38,89,105,67,161,9,1,0,0.254,0.341,0.514,0.855,0.354,6.5,-0.5,3.6,56.6
Bo Bichette,Blue Jays,19612,143,616,561,155,36,4,21,85,80,45,114,3,27,11,0.276,0.332,0.468,0.8,0.336,0.2,0.9,3.6,66.1
Yordan Alvarez,Astros,19556,134,581,504,142,29,1,37,89,106,69,142,3,3,2,0.282,0.368,0.56,0.928,0.379,0,-0.3,3.6,39.4
Javier Baez,Cubs,12979,151,651,608,166,35,5,34,91,105,33,174,4,15,7,0.273,0.313,0.513,0.825,0.338,1.1,1.2,3.6,39.5
Peter Alonso,Mets,19251,152,658,571,144,28,2,45,94,109,67,169,15,1,1,0.253,0.345,0.543,0.888,0.365,1.2,-0.8,3.6,33.2
Max Kepler,Twins,12144,143,616,539,139,33,2,29,90,87,64,107,7,4,3,0.257,0.34,0.49,0.83,0.348,7.4,0.3,3.5,142.4
Paul DeJong,Cardinals,18015,152,658,588,147,32,1,30,86,90,52,159,11,7,3,0.251,0.321,0.46,0.781,0.328,3.9,0.5,3.5,201.7
Justin Turner,Dodgers,5235,126,546,476,135,28,1,22,74,75,50,84,14,3,1,0.283,0.365,0.485,0.85,0.358,-1,-0.5,3.5,171.1
DJ LeMahieu,Yankees,9874,152,658,596,172,29,2,18,94,75,50,95,4,6,3,0.289,0.345,0.438,0.783,0.333,5,-0.8,3.5,70
J.D. Martinez,Red Sox,6184,151,651,574,170,35,2,38,98,114,68,151,4,3,1,0.297,0.372,0.562,0.934,0.383,0,-2.4,3.4,24
Buster Posey,Giants,9166,125,498,445,122,25,1,9,53,51,45,71,5,2,1,0.274,0.344,0.397,0.741,0.318,8,-1.8,3.3,266.9
Michael Conforto,Mets,16376,139,602,510,129,27,1,31,82,90,78,145,9,6,3,0.254,0.359,0.491,0.851,0.356,0.6,0.6,3.3,119.8
Eugenio Suarez,Reds,12552,149,644,559,144,24,2,37,86,103,70,170,9,4,2,0.257,0.347,0.504,0.851,0.354,-0.7,-1.7,3.3,87
Ramon Laureano,Athletics,17128,133,574,515,134,30,2,24,76,74,43,150,9,16,5,0.261,0.326,0.464,0.79,0.332,2,2.2,3.3,77.9
Vladimir Guerrero Jr.,Blue Jays,19611,138,595,532,154,32,2,25,78,90,53,93,4,2,2,0.29,0.356,0.5,0.856,0.358,-3.3,-1.5,3.2,55.6
Giancarlo Stanton,Yankees,4949,123,532,463,121,22,1,41,84,104,59,160,5,2,1,0.262,0.349,0.581,0.93,0.378,0,-0.1,3.2,59.8
Joey Gallo,Rangers,14128,134,581,481,109,22,2,44,92,97,89,214,7,7,3,0.227,0.354,0.554,0.908,0.372,-0.2,1.7,3.2,91.6
Andrelton Simmons,Angels,10847,133,574,530,147,28,2,11,64,63,35,52,4,11,3,0.277,0.324,0.396,0.719,0.307,11.5,0.2,3.2,442.6
Paul Goldschmidt,Cardinals,9218,156,672,576,154,28,2,30,93,93,85,164,6,7,3,0.267,0.365,0.48,0.845,0.355,2.5,1,3.2,71
Brian Anderson,Marlins,18289,152,658,580,151,34,3,20,78,76,58,142,14,5,2,0.26,0.34,0.431,0.771,0.329,3.9,0,3.1,234
Tommy Pham,Padres,2967,141,609,523,142,26,3,23,87,68,74,131,6,19,6,0.271,0.367,0.462,0.829,0.352,1.4,1.4,3.1,71
Jorge Polanco,Twins,13152,149,644,578,163,34,6,19,86,81,53,107,4,7,4,0.281,0.343,0.457,0.8,0.337,-6.5,0.4,3,166.8
Max Muncy,Dodgers,13301,139,602,503,125,23,1,32,88,94,87,155,7,4,1,0.249,0.364,0.487,0.851,0.358,-0.9,1,3,75.8
Luis Robert,White Sox,sa3003396,138,595,551,148,25,7,24,74,77,27,159,10,25,10,0.269,0.313,0.471,0.785,0.328,2.3,0.7,3,999
Austin Meadows,Rays,15672,136,588,528,143,30,5,26,79,82,48,123,6,14,6,0.27,0.336,0.495,0.831,0.344,1.4,0.4,2.9,36
Byron Buxton,Twins,14161,123,532,483,123,30,5,18,72,69,36,142,5,23,5,0.254,0.311,0.45,0.761,0.319,7.4,4.2,2.9,152.8
Marcell Ozuna,Braves,10324,144,623,561,156,28,2,30,83,105,56,127,3,8,3,0.278,0.344,0.499,0.844,0.352,2.5,0.5,2.8,99
Kyle Schwarber,Cubs,16478,138,595,509,127,23,3,36,85,92,76,162,5,3,2,0.249,0.35,0.519,0.868,0.357,0.2,-0.1,2.8,146
Nelson Cruz,Twins,2434,141,609,535,148,25,0,39,86,115,59,148,11,1,1,0.277,0.358,0.545,0.904,0.371,0,-2.9,2.8,82.6
Rhys Hoskins,Phillies,16472,146,630,522,126,27,3,33,88,98,93,154,8,4,2,0.242,0.362,0.496,0.859,0.359,1.5,0.1,2.7,116.6
Christian Vazquez,Red Sox,9774,115,456,421,111,22,1,13,53,52,27,83,3,5,2,0.263,0.31,0.417,0.727,0.307,5.5,-1.1,2.7,200.7
Kolten Wong,Cardinals,12532,136,588,512,137,27,4,12,64,61,51,90,15,18,5,0.268,0.349,0.408,0.757,0.324,3.7,2.3,2.7,218.4
Eloy Jimenez,White Sox,17484,139,602,555,156,27,3,35,81,98,37,136,5,1,0,0.281,0.329,0.526,0.855,0.354,-5.1,0.5,2.7,58.4
Starling Marte,Diamondbacks,9241,141,609,560,159,30,6,21,85,79,30,110,13,27,9,0.284,0.333,0.47,0.804,0.337,-1.6,1.6,2.6,27.2
Roberto Perez,Indians,2900,109,429,373,81,15,1,16,44,56,44,126,3,1,0,0.216,0.301,0.394,0.695,0.297,7.9,-0.8,2.6,291.1
Victor Robles,Nationals,18363,152,658,587,155,34,4,18,82,76,42,137,20,30,12,0.264,0.331,0.427,0.758,0.322,6.3,1.5,2.6,61.5
Didi Gregorius,Phillies,6012,134,581,537,144,26,3,26,75,88,33,81,5,5,2,0.268,0.313,0.474,0.787,0.327,0.6,1.1,2.6,210.7
Miguel Sano,Twins,12164,126,546,473,115,22,2,37,83,97,65,198,4,1,1,0.243,0.337,0.533,0.869,0.359,1,-1.3,2.6,117.9
Gary Sanchez,Yankees,11442,115,456,403,98,17,1,31,65,84,43,120,7,1,1,0.243,0.324,0.52,0.844,0.348,-4.5,-0.5,2.6,80.8
Luis Arraez,Twins,18568,130,560,505,157,28,2,6,70,49,47,44,2,5,3,0.311,0.37,0.409,0.779,0.336,-2.2,0.3,2.5,244.7
Keston Hiura,Brewers,20003,144,623,564,153,34,4,29,83,91,43,163,12,15,7,0.271,0.333,0.497,0.83,0.346,-6,0.1,2.5,44.8
Brandon Lowe,Rays,18882,134,581,519,127,28,3,23,71,76,51,166,6,7,3,0.245,0.319,0.444,0.763,0.322,0,1.3,2.5,205.3
Lorenzo Cain,Brewers,9077,139,602,538,149,27,2,13,77,53,53,103,6,18,6,0.277,0.346,0.402,0.748,0.322,6.3,1.1,2.5,177.1
Eduardo Escobar,Diamondbacks,6153,147,637,579,153,32,7,26,79,94,47,123,5,4,2,0.264,0.321,0.476,0.797,0.33,1,0.4,2.5,121.2
Joc Pederson,Dodgers,11899,109,429,373,94,20,2,26,65,67,45,93,7,2,2,0.253,0.343,0.525,0.868,0.359,1.4,0,2.5,218.8
Carlos Santana,Indians,2396,152,658,551,141,30,2,28,90,92,98,103,4,3,1,0.257,0.37,0.469,0.839,0.353,0.5,-0.3,2.5,148.8
Kyle Seager,Mariners,9785,139,602,541,133,30,1,25,69,82,51,121,6,3,2,0.246,0.315,0.446,0.761,0.32,1.2,-0.9,2.5,387.5
Jorge Soler,Royals,14221,146,630,544,140,28,1,36,84,93,73,172,8,3,1,0.257,0.35,0.507,0.857,0.358,0,-0.4,2.4,88.9
Willy Adames,Rays,15986,144,623,559,142,25,3,19,71,67,54,157,3,7,4,0.253,0.32,0.408,0.728,0.31,-0.5,0.6,2.4,343.1
Michael Brantley,Astros,4106,136,588,532,155,31,2,17,78,78,45,65,5,6,2,0.291,0.349,0.456,0.805,0.34,-0.1,0.1,2.4,131.6
Adalberto Mondesi,Royals,13769,139,602,560,141,27,9,18,76,74,29,166,3,48,11,0.252,0.289,0.427,0.716,0.299,4.3,5.7,2.4,33.6
Mark Canha,Athletics,11445,131,567,489,121,26,3,25,77,74,58,132,15,4,2,0.247,0.343,0.464,0.807,0.341,-1.4,-0.4,2.4,250.9
Andrew Benintendi,Red Sox,17901,146,630,553,150,37,4,17,85,76,64,123,5,13,4,0.271,0.349,0.445,0.795,0.337,2.7,1.2,2.3,111.8
Shohei Ohtani,Angels,19755,113,490,438,123,24,3,25,69,81,44,130,3,12,4,0.281,0.348,0.522,0.87,0.361,0,0.8,2.3,128.5
Whit Merrifield,Royals,11281,154,665,608,173,37,6,13,86,62,43,111,5,23,8,0.285,0.335,0.43,0.766,0.324,-1.5,2,2.3,57.5
Mike Moustakas,Reds,4892,144,623,562,148,29,1,36,81,101,50,107,6,3,1,0.263,0.328,0.513,0.84,0.346,-5.8,-1.6,2.3,99
Adam Eaton,Nationals,11205,139,602,524,149,27,5,13,84,56,57,102,12,13,4,0.284,0.365,0.429,0.795,0.342,2,1.9,2.3,208.8
Alex Verdugo,Red Sox,17027,118,511,461,137,30,2,14,64,62,41,68,3,7,2,0.296,0.354,0.461,0.814,0.344,3.6,0.5,2.3,224.1
Will Smith,Dodgers,19197,105,416,366,84,16,1,21,53,65,40,109,6,3,1,0.23,0.312,0.456,0.767,0.322,0.9,0.2,2.2,153.4
Amed Rosario,Mets,15518,149,644,600,165,29,7,15,74,67,33,117,4,21,9,0.275,0.315,0.423,0.738,0.311,-2,1,2.2,128.7
Kevin Kiermaier,Rays,11038,113,490,445,107,20,6,14,59,54,34,111,6,16,6,0.241,0.302,0.411,0.713,0.301,8,2,2.2,381
Jonathan Villar,Marlins,10071,151,651,582,151,27,3,17,81,61,58,164,4,37,10,0.259,0.328,0.406,0.734,0.315,-2.6,3.4,2.2,37.8
Eddie Rosario,Twins,12155,134,581,547,155,32,2,27,83,94,27,96,1,5,3,0.284,0.316,0.497,0.813,0.336,0.5,1.4,2.2,96.7
Trent Grisham,Padres,18564,118,511,439,107,19,5,18,65,56,62,109,4,9,4,0.243,0.339,0.429,0.768,0.327,2.2,0.3,2.2,338.8
Matt Carpenter,Cardinals,8090,122,525,439,105,26,2,20,71,58,74,130,6,4,1,0.238,0.353,0.443,0.796,0.338,-3.8,0,2.1,437
Gavin Lux,Dodgers,19955,130,560,506,135,24,6,19,70,71,47,121,2,9,5,0.267,0.33,0.447,0.777,0.328,-1.4,-0.2,2.1,155.4
Carson Kelly,Diamondbacks,13620,107,422,365,91,19,0,15,49,50,49,81,4,1,0,0.249,0.342,0.424,0.767,0.323,1.4,-0.3,2.1,199.7
Nick Ahmed,Diamondbacks,12147,144,623,563,141,32,5,19,70,77,47,117,4,7,3,0.25,0.309,0.424,0.733,0.308,4.9,0.4,2.1,449.5
Josh Bell,Pirates,13145,151,651,561,153,33,4,29,87,102,81,122,4,2,2,0.272,0.364,0.501,0.865,0.359,-5.1,-2.3,2.1,96.1
Jean Segura,Phillies,5933,131,567,524,152,30,3,13,74,57,31,70,6,13,5,0.289,0.334,0.433,0.767,0.325,0.3,1.1,2.1,200.4
J.P. Crawford,Mariners,15491,143,616,535,124,25,4,13,68,59,68,135,5,8,3,0.232,0.323,0.367,0.691,0.301,0.8,0.4,2,552.9
Tim Anderson,White Sox,15172,151,651,617,170,32,2,22,83,74,24,148,4,19,6,0.275,0.305,0.442,0.747,0.313,-7.1,1.5,2,98.7
Joey Votto,Reds,4314,147,637,532,145,29,1,20,83,70,93,118,6,4,1,0.272,0.383,0.443,0.826,0.353,1.7,-2.7,2,285.8
Cavan Biggio,Blue Jays,19252,133,574,485,111,22,3,19,74,65,79,156,4,13,4,0.228,0.339,0.403,0.741,0.32,1.9,1.2,2,130.6
Mitch Garver,Twins,15161,97,384,338,85,18,1,17,54,57,39,94,3,1,0,0.252,0.333,0.468,0.801,0.337,-3.4,-0.3,1.9,116.5
Andrew McCutchen,Phillies,9847,123,532,453,116,22,2,23,75,68,69,118,5,7,4,0.257,0.358,0.469,0.828,0.35,-1.1,-1,1.9,215.2
Giovanny Urshela,Yankees,10681,126,546,509,140,28,0,19,68,73,27,97,5,2,1,0.275,0.315,0.445,0.76,0.32,0.9,-1.1,1.9,237.6
Kyle Tucker,Astros,18345,102,441,396,101,20,2,20,63,66,36,101,4,17,5,0.256,0.322,0.468,0.789,0.33,2.5,1.4,1.9,155.1
Jackie Bradley Jr.,Red Sox,12984,136,588,515,123,29,4,20,74,71,56,153,10,10,4,0.238,0.323,0.428,0.75,0.318,1.4,1.2,1.9,528.5
Trey Mancini,Orioles,15149,151,651,586,160,30,3,31,85,91,52,149,7,1,0,0.273,0.338,0.491,0.828,0.346,-5,-0.3,1.9,109.5
Adam Frazier,Pirates,15223,130,560,504,140,29,5,10,68,53,42,73,7,7,5,0.278,0.34,0.416,0.756,0.322,0.6,-0.1,1.9,539.2
Jason Castro,Angels,8722,97,384,334,72,15,1,13,44,41,42,121,4,1,0,0.216,0.309,0.384,0.692,0.299,1.8,-0.8,1.9,375.2
Danny Jansen,Blue Jays,16535,83,326,289,70,15,1,10,38,39,28,60,6,2,1,0.241,0.319,0.405,0.724,0.31,0.7,0.1,1.9,267.4
Brandon Nimmo,Mets,12927,113,490,403,94,20,4,14,63,50,71,132,11,6,3,0.234,0.362,0.41,0.772,0.334,-4.6,0.4,1.9,377.8
Sean Murphy,Athletics,19352,97,384,346,84,19,1,14,46,46,29,86,5,2,1,0.244,0.308,0.424,0.732,0.309,1.9,0.4,1.8,214.1
Edwin Encarnacion,White Sox,2151,130,560,481,117,18,0,34,81,95,66,127,8,1,1,0.243,0.341,0.494,0.835,0.349,0,-2.3,1.8,173
Yandy Diaz,Rays,16578,122,525,457,123,23,2,10,65,50,60,102,3,4,2,0.27,0.356,0.396,0.752,0.325,-1.1,-0.4,1.8,263.7
David Peralta,Diamondbacks,2136,128,553,500,138,29,3,19,69,70,43,110,6,2,1,0.277,0.339,0.462,0.8,0.336,2.2,0,1.8,252.8
Yadier Molina,Cardinals,7007,105,416,383,100,19,0,12,42,52,22,62,6,5,1,0.26,0.306,0.403,0.709,0.301,4.4,-1.7,1.8,234.2
Dansby Swanson,Braves,18314,141,609,542,137,29,4,17,72,71,56,137,4,10,4,0.252,0.324,0.413,0.737,0.311,0.1,1.3,1.8,267.4
Jurickson Profar,Padres,10815,123,532,468,115,26,3,17,64,62,51,80,9,8,2,0.246,0.329,0.422,0.751,0.32,-0.3,0.9,1.8,405.2
Mike Zunino,Rays,13265,107,422,379,77,17,0,19,45,54,33,144,6,1,0,0.204,0.276,0.397,0.673,0.285,1.7,-0.4,1.8,511.5
Jonathan Schoop,Tigers,11265,134,581,540,141,29,1,27,73,80,27,131,9,2,1,0.262,0.305,0.471,0.776,0.323,-3,-0.9,1.7,376
Brett Gardner,Yankees,9927,122,525,462,114,20,5,17,72,56,52,102,5,11,3,0.247,0.327,0.418,0.745,0.318,-1.4,2.1,1.7,360.2
Brandon Belt,Giants,10264,126,546,464,114,28,3,17,66,59,73,122,4,4,2,0.246,0.351,0.426,0.777,0.332,4.9,-0.3,1.7,546.3
Luis Urias,Brewers,16622,117,504,441,111,22,4,13,59,60,48,106,9,5,2,0.251,0.336,0.405,0.741,0.319,0.4,-0.1,1.7,413.2
Carter Kieboom,Nationals,19958,121,525,464,119,23,2,15,62,61,50,120,5,5,2,0.257,0.335,0.415,0.749,0.32,2.8,0.2,1.7,285.6
Charlie Blackmon,Rockies,7859,141,609,550,163,31,6,27,98,75,44,110,8,7,4,0.296,0.356,0.52,0.876,0.364,-3.4,-0.6,1.7,46
Jacob Stallings,Pirates,13723,86,339,309,80,19,0,7,34,35,21,64,5,1,1,0.259,0.313,0.387,0.7,0.297,2.8,-0.2,1.7,529.1
Cesar Hernandez,Indians,10556,133,574,508,138,23,3,11,69,54,56,100,4,10,4,0.272,0.347,0.393,0.74,0.319,-0.7,0.4,1.7,302.1
C.J. Cron,Tigers,12546,131,567,514,135,27,1,30,69,84,36,123,12,1,1,0.263,0.323,0.494,0.817,0.339,1.6,-1.3,1.7,251.4
Justin Upton,Angels,5222,139,602,528,125,24,1,31,79,93,64,183,5,6,2,0.237,0.323,0.461,0.784,0.329,-2.4,0.5,1.7,222.5
Salvador Perez,Royals,7304,136,547,514,129,26,1,27,61,80,20,111,9,2,0,0.25,0.287,0.462,0.749,0.31,6.4,-2,1.6,160.9
Harrison Bader,Cardinals,18030,105,415,365,87,16,2,14,50,46,37,120,9,10,4,0.238,0.32,0.41,0.73,0.31,5.3,1,1.6,475.6
Nick Madrigal,White Sox,sa3008139,110,476,435,123,22,3,5,52,41,28,25,7,20,10,0.282,0.333,0.379,0.713,0.307,3.6,-0.3,1.6,999
Jose Abreu,White Sox,15676,147,637,581,158,33,2,29,78,99,38,135,12,2,1,0.272,0.327,0.487,0.814,0.337,-2.4,-1.8,1.6,77.7
Luke Voit,Yankees,14811,110,476,412,106,19,1,21,64,67,53,123,7,0,1,0.258,0.352,0.464,0.815,0.346,-0.9,-0.7,1.6,195.7
David Fletcher,Angels,17992,131,567,520,143,28,3,6,66,48,37,61,3,8,3,0.275,0.326,0.375,0.701,0.302,3.1,0.5,1.6,360.9
Yoshitomo Tsutsugo,Rays,27459,110,476,414,104,21,1,23,61,66,56,120,2,1,0,0.251,0.341,0.469,0.81,0.34,-0.2,-0.1,1.5,376.7
Franmil Reyes,Indians,14566,136,588,528,136,24,1,37,81,101,52,166,2,1,1,0.258,0.324,0.515,0.84,0.347,0,-0.6,1.5,144.9
Jason Heyward,Cubs,4940,118,511,451,116,21,4,14,62,58,52,85,4,6,3,0.257,0.337,0.411,0.748,0.32,6.1,0.9,1.5,539.7
Tyler Flowers,Braves,9134,66,262,228,52,10,1,8,27,30,25,79,8,0,0,0.229,0.322,0.385,0.707,0.304,0.5,-0.5,1.5,551.7
Brandon Crawford,Giants,5343,133,574,513,126,27,3,13,58,63,50,118,4,4,3,0.246,0.315,0.385,0.701,0.297,3.5,-0.6,1.5,586.1
Tommy Edman,Cardinals,19470,123,512,472,128,22,6,11,61,50,29,86,5,16,4,0.272,0.319,0.414,0.733,0.311,3.9,2.4,1.5,141.3
Jeimer Candelario,Tigers,13621,104,448,392,94,22,2,14,53,49,46,109,6,3,1,0.24,0.327,0.419,0.746,0.318,2.1,0.3,1.5,576.8
Willson Contreras,Cubs,11609,105,416,363,93,19,2,17,50,58,42,100,7,3,2,0.256,0.342,0.458,0.8,0.338,-1.5,-1.3,1.5,119.8
Hunter Dozier,Royals,15117,146,630,565,142,33,6,24,75,82,57,169,3,4,2,0.252,0.321,0.457,0.778,0.326,-1.9,-0.9,1.5,187.6
Randal Grichuk,Blue Jays,10243,130,560,516,125,31,4,30,72,84,34,153,6,3,2,0.242,0.295,0.492,0.787,0.325,-3.9,0,1.5,279.2
Stephen Piscotty,Athletics,13367,100,434,388,101,24,1,17,54,58,36,90,6,2,1,0.26,0.33,0.455,0.785,0.332,-0.4,-0.5,1.5,497.5
Bryan Reynolds,Pirates,19326,141,609,548,152,31,4,16,77,69,49,135,5,5,3,0.277,0.34,0.438,0.778,0.33,-3,0,1.5,194.6
Jose Iglesias,Orioles,10231,138,595,557,149,31,3,10,62,60,26,73,6,10,5,0.267,0.305,0.384,0.689,0.293,4.3,-0.4,1.5,556.2
Yuli Gurriel,Astros,19198,144,623,578,165,38,2,22,78,93,31,72,7,5,2,0.285,0.326,0.471,0.797,0.333,-3.4,-1.4,1.4,150.7
Mike Yastrzemski,Giants,14854,138,595,531,130,29,4,20,72,67,52,153,5,6,4,0.244,0.315,0.428,0.743,0.313,2.7,-0.1,1.4,355.1
Evan Longoria,Giants,9368,125,539,491,124,26,3,19,58,69,36,110,6,3,1,0.253,0.309,0.432,0.741,0.311,0.2,-0.3,1.4,531.5
Nick Solak,Rangers,19294,109,469,419,114,19,2,16,60,61,40,102,6,6,2,0.271,0.341,0.444,0.785,0.333,-1.9,0.2,1.4,280.6
Kole Calhoun,Diamondbacks,11200,133,574,502,123,26,2,23,75,73,62,135,5,4,2,0.246,0.332,0.445,0.777,0.327,2.4,-0.2,1.4,343.1
Miguel Rojas,Marlins,7802,117,504,462,125,24,1,8,50,46,29,61,6,7,4,0.271,0.321,0.377,0.698,0.299,3.4,-1.1,1.4,573.8
Nicholas Castellanos,Reds,11737,139,602,549,152,41,4,26,80,84,43,141,5,2,2,0.277,0.333,0.508,0.84,0.349,-7.8,-0.4,1.4,97.7
Travis d'Arnaud,Braves,7739,91,360,326,84,16,0,13,42,53,27,71,2,1,1,0.256,0.315,0.428,0.743,0.314,-0.3,-0.6,1.4,246.2
Kevin Newman,Pirates,17696,131,567,523,146,26,5,9,61,54,32,73,5,16,7,0.279,0.325,0.398,0.723,0.308,-1.8,0.1,1.4,192.2
Marwin Gonzalez,Twins,5497,112,483,436,116,25,1,16,57,64,37,102,5,3,2,0.267,0.33,0.437,0.767,0.324,0.6,-0.5,1.4,504.4
Hunter Renfroe,Rays,15464,123,532,485,113,24,1,29,65,81,38,159,4,4,1,0.233,0.291,0.468,0.76,0.314,2.7,-0.1,1.4,258.2
Tom Murphy,Mariners,13499,110,440,406,89,19,2,19,47,55,27,150,3,3,1,0.219,0.271,0.415,0.686,0.288,0.3,0.2,1.4,235.9
Austin Hays,Orioles,19363,112,483,452,115,23,2,21,58,64,22,106,5,9,5,0.254,0.295,0.45,0.744,0.311,1.2,-0.2,1.4,248.4
Travis Shaw,Blue Jays,11982,107,462,398,92,19,0,22,58,62,56,116,4,3,1,0.231,0.329,0.442,0.771,0.325,2.6,-0.2,1.4,327.9
Wilson Ramos,Mets,1433,107,422,385,105,18,0,14,43,60,32,65,2,1,0,0.274,0.33,0.433,0.763,0.322,-3.2,-2.4,1.4,176
Elvis Andrus,Rangers,8709,149,644,593,161,32,4,13,78,69,40,97,4,22,8,0.272,0.32,0.405,0.725,0.309,-2.3,1.6,1.4,138.6
Todd Frazier,Rangers,785,125,539,470,115,21,1,23,67,77,54,116,10,4,3,0.244,0.331,0.444,0.776,0.328,0.1,-1.1,1.3,539.6
Howie Kendrick,Nationals,4229,109,349,317,95,20,1,11,44,45,24,55,4,4,2,0.299,0.353,0.47,0.823,0.347,-0.9,-0.8,1.3,445.9
Mitch Haniger,Mariners,14274,76,329,287,72,16,1,14,43,41,33,83,6,4,1,0.251,0.337,0.459,0.796,0.336,1.3,-0.1,1.3,425
J.D. Davis,Mets,16219,118,511,461,122,24,1,22,63,68,41,122,4,3,1,0.265,0.327,0.462,0.789,0.331,-4.5,-0.5,1.3,174
Jesse Winker,Reds,13590,109,449,388,109,21,1,14,57,52,51,72,5,2,2,0.281,0.37,0.453,0.823,0.35,-2.8,-1.1,1.3,483.7
Robinson Cano,Mets,3269,117,504,461,122,29,0,15,57,59,34,80,5,0,0,0.266,0.321,0.427,0.748,0.315,-1.4,-1.5,1.3,461.2
Mike Tauchman,Yankees,15274,84,364,323,82,17,2,10,45,43,34,78,2,8,3,0.255,0.328,0.418,0.746,0.317,5.1,0,1.3,437.1
Ian Happ,Cubs,17919,100,434,375,91,18,2,18,56,57,52,129,3,8,3,0.242,0.335,0.445,0.781,0.33,-3.3,0.3,1.3,322.3
Hanser Alberto,Orioles,11902,134,581,552,156,24,2,13,61,56,18,56,4,4,4,0.283,0.308,0.404,0.712,0.301,3.5,-0.9,1.3,466.2
Shogo Akiyama,Reds,27461,104,448,402,110,21,3,12,52,50,38,79,4,7,4,0.274,0.341,0.431,0.771,0.328,-1.1,-0.7,1.3,261.3
Martin Maldonado,Astros,6887,92,365,327,71,14,0,11,39,39,24,93,8,1,1,0.216,0.286,0.364,0.65,0.279,3.1,-1,1.3,562.2
Ji-Man Choi,Rays,5452,110,476,406,101,21,1,18,55,60,59,114,5,3,2,0.247,0.346,0.437,0.783,0.333,-1,-0.2,1.3,552
Reese McGuire,Blue Jays,15674,76,301,271,65,13,1,8,32,31,22,59,3,3,1,0.24,0.301,0.382,0.682,0.291,1.2,-0.1,1.3,541.9
Khris Davis,Athletics,9112,146,630,560,134,23,1,38,83,107,58,180,7,1,0,0.239,0.315,0.486,0.801,0.332,0,-1.4,1.3,175.6
Daniel Vogelbach,Mariners,14130,102,441,370,87,15,0,21,56,60,65,109,2,0,0,0.236,0.352,0.445,0.797,0.34,0,-0.4,1.3,539.3
Starlin Castro,Nationals,4579,120,518,484,139,26,2,17,60,71,26,89,2,3,2,0.287,0.324,0.453,0.777,0.325,-2.6,-0.8,1.3,281.8
Nicky Lopez,Royals,19339,126,546,497,133,22,4,6,59,46,38,58,4,10,4,0.268,0.323,0.364,0.687,0.298,4.2,0,1.3,558.3
Ender Inciarte,Braves,4922,112,443,398,107,19,3,8,54,40,36,65,3,13,6,0.27,0.334,0.392,0.725,0.311,2.6,1.3,1.3,483.5
Austin Hedges,Padres,12976,62,243,222,48,9,1,10,24,31,16,71,2,1,1,0.215,0.273,0.397,0.671,0.28,2,-0.2,1.3,579.5
Mallex Smith,Mariners,13608,134,581,520,130,23,8,7,67,43,46,129,7,43,12,0.25,0.319,0.362,0.681,0.296,-3,4.7,1.2,152.6
Yasiel Puig,,14225,86,371,334,88,17,1,16,46,55,31,78,3,10,4,0.265,0.33,0.471,0.8,0.335,1.1,-0.5,1.2,154.4
Gregory Polanco,Pirates,12907,126,546,484,120,29,3,22,68,71,53,128,4,10,3,0.247,0.324,0.452,0.776,0.324,-0.1,0.7,1.2,303.1
Johan Camargo,Braves,14950,102,401,366,97,22,2,13,46,52,28,79,3,1,1,0.266,0.321,0.438,0.758,0.319,1.9,-0.3,1.2,562.6
David Dahl,Rockies,13744,128,553,503,140,30,5,23,76,79,40,145,4,8,4,0.278,0.332,0.494,0.826,0.343,-2.5,0.3,1.2,149.6
Nomar Mazara,White Sox,14553,120,518,471,119,22,2,23,63,73,37,119,5,3,1,0.253,0.312,0.453,0.766,0.32,-0.9,-0.4,1.2,245.8
Lourdes Gurriel Jr.,Blue Jays,19238,136,588,547,143,30,2,26,74,83,28,132,7,8,5,0.262,0.303,0.462,0.765,0.319,-0.2,-0.3,1.1,158.5
Alex Avila,Twins,7476,55,218,179,37,7,0,8,23,24,36,76,1,1,0,0.208,0.342,0.376,0.718,0.31,2.2,-0.5,1.1,592.5
Corey Dickerson,Marlins,10762,118,511,475,129,31,3,17,58,62,28,102,3,4,2,0.273,0.315,0.46,0.775,0.321,1.1,-0.7,1.1,307.3
Austin Romine,Tigers,5491,84,333,309,79,17,0,10,36,39,18,70,2,2,0,0.256,0.298,0.409,0.707,0.299,0.5,-0.5,1.1,434.5
Manuel Margot,Rays,14712,86,371,338,84,16,4,9,43,38,27,73,2,13,5,0.25,0.307,0.401,0.708,0.3,4.1,1,1.1,486
Nick Senzel,Reds,19293,126,466,421,110,25,4,14,59,51,38,114,3,14,6,0.261,0.325,0.433,0.758,0.321,-0.4,0.2,1.1,224.4
A.J. Pollock,Dodgers,9256,107,402,365,93,20,2,16,53,54,27,85,6,8,2,0.255,0.314,0.453,0.767,0.321,-1,1.2,1.1,270.4
Manny Pina,Brewers,2829,66,262,237,57,12,1,7,26,30,18,62,4,1,0,0.242,0.304,0.391,0.695,0.296,2.7,-0.4,1.1,584.4
Scott Kingery,Phillies,17975,136,588,540,131,29,4,18,67,65,36,157,6,16,5,0.244,0.296,0.412,0.708,0.298,2.5,2.2,1.1,161.9
Tucker Barnhart,Reds,10200,89,352,308,75,16,1,8,33,38,37,71,2,1,1,0.243,0.327,0.383,0.71,0.303,4.1,-1.3,1.1,427.8
Austin Barnes,Dodgers,12158,53,211,183,42,9,1,5,24,22,23,48,4,3,1,0.228,0.324,0.364,0.688,0.298,0.4,-0.1,1.1,599.5
Max Stassi,Angels,10059,57,224,199,41,9,0,7,23,22,19,67,3,1,1,0.208,0.288,0.354,0.642,0.278,-0.5,-0.5,1.1,999
Aaron Hicks,Yankees,5297,52,224,191,46,9,1,10,31,31,29,51,1,3,1,0.241,0.34,0.442,0.783,0.333,0.1,0.3,1.1,556.1
Willie Calhoun,Rangers,17838,130,560,507,138,27,2,26,74,79,43,84,4,2,1,0.272,0.332,0.486,0.819,0.342,-4,-0.4,1.1,173
Niko Goodrum,Tigers,12092,136,588,531,128,29,4,17,69,62,49,165,3,13,5,0.241,0.307,0.41,0.717,0.304,-5.2,1.7,1.1,298.8
Avisail Garcia,Brewers,5760,113,470,431,118,22,2,19,58,68,29,109,6,6,3,0.274,0.326,0.468,0.794,0.332,-1.1,-0.5,1,218.8
Rougned Odor,Rangers,12282,134,581,524,124,27,2,28,77,83,44,158,7,13,8,0.236,0.302,0.455,0.757,0.316,-2.4,0.5,1,235.3
Yoenis Cespedes,Mets,13110,79,283,254,65,12,1,15,37,43,24,70,2,2,1,0.256,0.322,0.487,0.809,0.334,0.1,0.2,1,451.8
Victor Caratini,Cubs,14968,76,270,239,63,13,1,8,31,32,24,55,3,1,0,0.265,0.337,0.42,0.757,0.323,-1,-0.1,1,494.9
Christian Walker,Diamondbacks,13419,123,532,472,119,25,2,23,68,74,49,139,5,5,1,0.252,0.327,0.464,0.791,0.331,0.8,0.4,1,203.2
Justin Smoak,Brewers,9054,113,450,380,90,18,0,22,55,65,63,107,4,0,0,0.237,0.349,0.457,0.806,0.342,-0.2,-1.8,1,500.7
Robinson Chirinos,Rangers,3142,92,365,310,70,15,1,14,43,45,39,106,11,1,1,0.227,0.332,0.419,0.751,0.323,-0.1,-1.3,1,306.2
Ryan Braun,Brewers,3410,107,462,420,113,24,2,20,60,69,34,94,4,8,3,0.269,0.328,0.482,0.809,0.337,-1,-0.6,1,265.5
Chris Taylor,Dodgers,13757,94,306,273,68,17,3,8,38,35,27,83,3,6,2,0.251,0.324,0.424,0.748,0.317,-1.3,1.2,0.9,511.6
Mauricio Dubon,Giants,16530,118,511,477,126,23,2,12,53,48,24,78,3,12,6,0.263,0.301,0.391,0.692,0.294,2.6,-0.1,0.9,481.6
Tommy La Stella,Angels,12371,89,385,343,93,15,0,11,47,44,29,46,4,1,1,0.272,0.329,0.416,0.745,0.312,1.7,-0.3,0.9,304.8
Josh Reddick,Astros,3892,92,399,362,97,16,2,11,47,47,31,56,1,4,2,0.268,0.323,0.417,0.74,0.313,0.6,0.2,0.9,569.7
Yan Gomes,Nationals,9627,71,282,253,60,13,0,10,30,36,22,71,4,1,0,0.236,0.306,0.409,0.715,0.301,1.9,-0.3,0.9,522.2
Rio Ruiz,Orioles,14103,97,420,377,91,17,2,12,45,47,38,93,1,1,1,0.243,0.312,0.396,0.708,0.302,1.6,-0.5,0.9,594.8
Matt Joyce,Marlins,3353,112,363,306,73,15,0,12,45,36,52,76,2,2,1,0.24,0.35,0.408,0.758,0.328,-1.4,-0.5,0.9,599.7
Francisco Mejia,Padres,16403,97,384,352,90,18,2,12,41,43,21,78,5,2,1,0.254,0.303,0.422,0.725,0.304,0.1,0,0.9,229
Ryan McMahon,Rockies,15112,128,553,495,131,27,3,21,67,76,50,153,3,6,2,0.264,0.333,0.458,0.791,0.333,-1.2,0.4,0.9,189.3
Joey Wendle,Rays,13853,73,315,289,74,16,2,5,34,31,17,60,5,8,2,0.257,0.307,0.385,0.692,0.295,2.1,0.6,0.9,570.4
Shin-Soo Choo,Rangers,3174,143,616,525,133,26,1,20,82,59,73,152,12,10,2,0.253,0.356,0.423,0.779,0.336,-0.3,0.5,0.9,249.9
Maikel Franco,Royals,12179,120,518,470,121,25,1,20,59,70,40,74,2,1,0,0.258,0.317,0.443,0.76,0.311,-2.8,-1,0.9,489.3
Jorge Alfaro,Marlins,12180,110,435,402,97,17,1,14,41,48,20,145,9,3,2,0.241,0.291,0.391,0.682,0.289,-1.6,-0.9,0.9,212.6
Wilmer Flores,Giants,5827,102,341,313,87,19,0,11,37,43,20,40,4,0,1,0.279,0.327,0.448,0.775,0.327,-2.1,-1.2,0.9,578.5
Alex Gordon,Royals,5209,118,511,453,114,22,1,12,57,54,42,99,11,5,2,0.251,0.328,0.386,0.714,0.307,4.8,-0.6,0.9,579.3
Cameron Maybin,Tigers,5223,109,469,413,106,22,1,10,58,45,49,108,3,15,7,0.257,0.339,0.392,0.73,0.316,-0.2,-0.2,0.9,575.6
Teoscar Hernandez,Blue Jays,13066,125,539,484,113,24,3,26,68,72,47,168,3,9,5,0.234,0.304,0.455,0.759,0.317,-0.9,-0.2,0.9,401.4
Austin Riley,Braves,18360,71,308,281,70,15,1,17,40,49,21,89,3,1,1,0.251,0.308,0.486,0.794,0.328,-1.4,-0.2,0.8,297.3
Eric Thames,Nationals,3711,110,448,387,93,20,2,22,61,63,50,137,7,4,2,0.239,0.336,0.477,0.813,0.339,-2,0,0.8,499
Enrique Hernandez,Dodgers,10472,87,278,246,59,13,1,11,35,37,27,58,2,2,0,0.241,0.318,0.436,0.755,0.317,-0.6,0.7,0.8,563.7
Steven Souza Jr.,Cubs,5667,105,335,293,69,13,2,14,41,45,36,100,4,6,2,0.236,0.325,0.438,0.763,0.324,0.1,0.9,0.8,553.6
Oscar Mercado,Indians,16375,133,574,520,132,27,3,13,71,59,39,115,7,23,11,0.253,0.311,0.391,0.703,0.301,1.2,0.6,0.8,112
Alec Bohm,Phillies,sa3007284,53,231,209,55,10,1,9,28,29,18,40,1,2,1,0.265,0.326,0.449,0.775,0.326,0.4,-0.1,0.8,512.8
Jordan Luplow,Indians,16424,68,294,257,63,14,1,11,38,40,31,69,3,4,2,0.247,0.334,0.443,0.777,0.329,2.1,-0.3,0.8,592.8
Tyler O'Neill,Cardinals,15711,115,457,416,100,17,1,24,58,66,33,147,3,5,1,0.241,0.3,0.459,0.759,0.316,-0.5,0.9,0.8,510.9
Shed Long,Mariners,16542,120,518,468,112,21,3,14,58,51,41,136,3,9,5,0.238,0.303,0.389,0.692,0.296,-1.9,-0.1,0.8,501.7
Isan Diaz,Marlins,17922,126,546,484,114,21,3,16,64,61,54,138,4,7,3,0.235,0.315,0.39,0.705,0.303,-3.2,-0.2,0.8,556.1
Jedd Gyorko,Brewers,10816,75,262,232,57,10,1,12,31,36,26,60,1,2,0,0.247,0.324,0.445,0.769,0.325,0.1,-0.4,0.8,599.9
Nico Hoerner,Cubs,21479,76,329,304,82,14,4,6,37,36,19,40,3,5,3,0.271,0.319,0.405,0.724,0.308,1.2,0,0.8,492
Franklin Barreto,Athletics,15519,70,301,274,63,13,2,11,37,37,20,94,4,6,2,0.232,0.292,0.419,0.711,0.299,0,0.7,0.8,559.6
Derek Fisher,Blue Jays,16192,83,357,313,71,14,2,15,46,42,38,113,3,9,3,0.228,0.315,0.427,0.743,0.315,0.9,0.4,0.8,589.4
Asdrubal Cabrera,Nationals,4962,81,278,249,67,15,1,10,34,40,24,54,2,1,0,0.269,0.337,0.452,0.789,0.333,-1.8,-0.9,0.8,508.2
Anthony Santander,Orioles,14551,131,567,527,135,29,2,21,64,73,30,116,5,4,3,0.257,0.3,0.44,0.74,0.31,0.2,-0.2,0.7,413
Dexter Fowler,Cardinals,4062,126,546,466,109,23,3,16,66,60,67,132,6,8,4,0.235,0.336,0.399,0.736,0.318,-3.2,0.2,0.7,568.6
Jarrod Dyson,Pirates,4866,86,371,328,78,12,3,5,45,27,34,63,4,22,5,0.238,0.315,0.337,0.653,0.286,3.7,2.8,0.7,448.3
Michael Chavis,Red Sox,17321,112,483,438,108,21,1,23,59,69,36,143,5,3,1,0.246,0.308,0.456,0.765,0.32,-3.1,-0.2,0.7,249.2
Jo Adell,Angels,sa3004837,65,280,257,66,14,1,10,32,32,17,77,3,5,1,0.257,0.31,0.429,0.738,0.312,1.7,0.4,0.7,999
Omar Narvaez,Brewers,13338,91,358,314,83,13,0,13,40,41,38,65,3,0,1,0.265,0.347,0.428,0.775,0.332,-5.3,-0.7,0.7,190.4
Danny Santana,Rangers,10322,123,532,494,127,26,5,21,70,70,27,145,5,19,7,0.258,0.301,0.456,0.757,0.315,-3.3,1.3,0.7,139.3
Wil Myers,Padres,10047,113,410,363,85,19,1,16,49,50,42,126,2,12,4,0.234,0.315,0.428,0.743,0.315,-0.5,1,0.7,284.9
Jesus Aguilar,Marlins,11342,94,406,356,87,16,0,17,47,57,41,97,3,0,0,0.245,0.326,0.436,0.761,0.322,1,-0.6,0.7,394
Brian Dozier,Padres,9810,66,207,181,43,9,1,9,26,26,22,45,2,3,1,0.237,0.326,0.437,0.763,0.323,-0.4,0,0.7,588.3
Alex Dickerson,Giants,12649,110,436,393,104,22,4,12,52,54,32,87,6,3,1,0.265,0.328,0.433,0.761,0.32,-2.4,-0.2,0.7,583.4
Eric Sogard,Brewers,7927,79,323,285,73,15,1,6,37,27,31,49,3,5,1,0.256,0.333,0.379,0.712,0.307,0.5,0.4,0.7,572.5
Dylan Carlson,Cardinals,sa917940,63,273,243,61,12,3,8,32,32,24,61,3,6,3,0.249,0.321,0.425,0.745,0.315,-0.7,-0.1,0.7,292.7
Tyler Naquin,Indians,13359,65,280,257,70,14,1,9,33,35,17,67,2,4,2,0.271,0.319,0.439,0.758,0.318,2.3,0.1,0.7,600.4
Kevin Pillar,Red Sox,12434,71,308,289,78,20,1,8,37,40,12,48,4,6,2,0.27,0.304,0.433,0.737,0.308,2.4,0.7,0.6,392.6
Domingo Santana,Indians,10348,89,385,337,84,17,1,17,48,52,42,126,3,5,2,0.25,0.335,0.453,0.788,0.333,-3.3,0.3,0.6,319.3
Mitch Moreland,Red Sox,3086,110,476,424,104,24,2,20,59,69,45,110,3,1,0,0.245,0.319,0.451,0.771,0.323,1.7,-1.1,0.6,572.5
David Bote,Cubs,14593,89,285,251,61,13,1,9,33,34,28,74,4,3,1,0.242,0.324,0.408,0.732,0.312,-0.4,0.3,0.6,573.7
Brock Holt,Brewers,9345,102,349,305,78,15,2,6,37,36,35,72,5,4,3,0.256,0.34,0.379,0.719,0.312,-0.5,-0.7,0.6,999
Jake Lamb,Diamondbacks,13329,94,306,261,61,14,2,11,38,43,38,79,3,2,1,0.232,0.335,0.431,0.766,0.324,-1.4,0.6,0.6,561.8
Jay Bruce,Phillies,9892,94,266,242,58,13,1,15,33,45,21,64,1,1,1,0.242,0.304,0.493,0.797,0.329,-0.4,-0.4,0.6,591.4
Mike Ford,Yankees,15585,41,175,153,39,8,0,9,24,26,18,33,2,0,0,0.256,0.34,0.484,0.824,0.344,-0.1,-0.1,0.6,584.8
Kurt Suzuki,Nationals,8259,78,307,278,75,15,0,13,35,49,18,39,7,1,0,0.268,0.326,0.457,0.783,0.329,-4.1,-0.7,0.6,296.6
Austin Nola,Mariners,15941,100,418,375,91,19,1,9,43,41,34,89,5,3,1,0.242,0.311,0.369,0.679,0.293,1.3,0.2,0.6,575.5
Kyle Higashioka,Yankees,5517,36,141,129,29,6,0,7,17,20,9,36,1,0,0,0.225,0.279,0.428,0.706,0.295,-0.6,0,0.6,597.5
JaCoby Jones,Tigers,14818,125,539,487,110,25,5,15,61,51,38,162,9,12,5,0.227,0.292,0.389,0.681,0.29,0.2,0.8,0.6,562.7
Tony Kemp,Athletics,14894,65,280,249,64,11,3,4,32,26,23,40,3,7,3,0.259,0.327,0.378,0.705,0.304,-1,-0.4,0.6,597.5
Adam Haseley,Phillies,19878,107,462,418,105,20,2,12,50,50,32,101,6,6,3,0.252,0.313,0.395,0.708,0.302,-0.4,0.2,0.6,552
Luis Rengifo,Angels,19858,50,217,193,48,9,2,4,24,21,19,43,2,5,3,0.248,0.321,0.383,0.704,0.303,0.1,-0.3,0.6,598.6
Colin Moran,Pirates,16909,118,511,465,123,24,2,14,53,67,37,110,4,1,1,0.264,0.32,0.415,0.735,0.31,-4.5,-1.4,0.6,547.7
Austin Allen,Athletics,18083,53,212,194,47,11,0,7,24,27,13,50,2,0,0,0.244,0.297,0.412,0.709,0.298,-1.2,-0.1,0.6,575.2
Brett Phillips,Royals,14735,81,350,304,62,10,5,10,38,34,39,120,2,10,2,0.205,0.297,0.366,0.663,0.285,5.4,1.3,0.6,601
Jon Berti,Marlins,12037,71,228,203,49,8,2,4,27,19,19,51,4,12,3,0.242,0.316,0.363,0.679,0.295,1,1.3,0.6,248.7
Joe Panik,,11936,53,231,206,54,11,1,4,26,22,20,23,2,2,1,0.262,0.329,0.389,0.717,0.307,-0.3,-0.2,0.5,999
Freddy Galvis,Reds,6609,136,588,545,135,27,3,16,62,67,34,133,2,6,3,0.247,0.293,0.394,0.687,0.29,0.5,0,0.5,450.7
Jason Kipnis,,9776,63,253,226,56,13,1,7,28,31,21,47,2,3,1,0.249,0.317,0.412,0.729,0.31,-0.4,0.3,0.5,588.6
Aledmys Diaz,Astros,15937,42,182,164,43,9,1,6,23,24,13,27,2,1,1,0.261,0.321,0.44,0.762,0.32,-1,-0.3,0.5,593.7
Addison Russell,,14106,29,126,112,28,6,1,4,14,15,11,29,2,1,0,0.246,0.32,0.407,0.727,0.309,1.8,0.1,0.5,598.2
Miguel Andujar,Yankees,15878,110,476,444,119,26,2,19,57,67,23,81,4,2,2,0.267,0.305,0.46,0.765,0.319,-3.5,-0.1,0.5,260.4
Eric Hosmer,Padres,3516,141,609,553,145,26,2,22,70,81,49,134,2,3,2,0.263,0.324,0.433,0.757,0.318,-0.1,-1.4,0.5,239.7
Garrett Cooper,Marlins,15279,89,345,313,82,16,1,10,38,39,26,83,3,0,1,0.262,0.323,0.418,0.741,0.315,0.6,-0.6,0.5,486.7
Francisco Cervelli,Marlins,5275,75,266,227,53,9,1,6,26,27,30,64,7,2,1,0.232,0.337,0.36,0.697,0.307,-1.8,-0.5,0.5,599.3
Jose Peraza,Red Sox,13593,63,273,254,71,12,2,5,31,27,12,36,4,8,4,0.279,0.319,0.394,0.714,0.305,0,0.2,0.5,328.7
Stephen Vogt,Diamondbacks,5000,86,274,249,62,16,1,10,30,38,21,59,1,2,1,0.248,0.307,0.445,0.752,0.315,-2.5,-0.5,0.5,540.7
Brad Miller,Cardinals,12775,57,165,146,35,7,1,7,19,22,16,44,1,1,1,0.238,0.317,0.445,0.763,0.321,-0.2,-0.2,0.5,600.5
Leury Garcia,White Sox,5913,96,413,384,102,17,3,7,50,35,16,93,5,10,4,0.264,0.301,0.377,0.678,0.29,0.7,0.8,0.5,552.4
Russell Martin,,4616,29,115,97,21,3,0,3,12,11,15,28,3,1,0,0.215,0.333,0.347,0.681,0.3,-0.1,-0.4,0.5,999
Nick Markakis,Braves,5930,102,341,303,84,18,1,7,38,42,33,47,2,1,1,0.279,0.35,0.412,0.762,0.325,-1.3,-1,0.5,558.5
Cam Gallagher,Royals,12981,29,115,104,26,5,0,2,11,11,8,20,1,0,0,0.248,0.307,0.367,0.673,0.29,0.7,-0.3,0.5,600.8
Jake Marisnick,Mets,11339,92,319,291,64,14,2,11,40,35,19,96,6,9,4,0.221,0.28,0.399,0.679,0.288,1,0.9,0.5,596.1
Victor Reyes,Tigers,15487,89,385,363,98,17,4,7,43,36,16,73,1,11,4,0.271,0.303,0.394,0.697,0.295,3.1,0.3,0.4,488
Tony Wolters,Rockies,11470,97,384,335,83,17,2,4,38,37,37,68,6,1,1,0.249,0.332,0.349,0.681,0.294,4.4,-0.2,0.4,546
Renato Nunez,Orioles,14503,134,581,525,128,25,1,28,70,84,43,144,7,1,1,0.244,0.307,0.457,0.764,0.32,0,-0.4,0.4,301.5
Jose Osuna,Pirates,12937,102,321,293,77,21,1,10,38,41,21,60,2,2,1,0.261,0.313,0.441,0.754,0.317,-2.2,-0.4,0.4,599.3
Brian Goodwin,Angels,12858,91,392,353,84,19,2,13,47,44,32,111,3,6,2,0.237,0.303,0.411,0.714,0.302,-0.4,0.3,0.4,570.3
Kevin Plawecki,Red Sox,13807,34,135,120,30,7,0,3,14,16,11,26,3,0,0,0.246,0.32,0.39,0.71,0.304,0,-0.3,0.4,600
Michael Perez,Rays,12977,42,166,150,34,7,0,5,18,17,14,43,1,1,1,0.227,0.292,0.369,0.661,0.284,1.6,-0.3,0.4,999
Ryan Zimmerman,Nationals,4220,91,292,264,68,14,1,13,36,44,23,61,2,1,0,0.259,0.322,0.461,0.783,0.328,-0.9,-0.1,0.4,595.8
Daniel Robertson,Rays,14145,40,175,151,35,7,1,3,19,16,18,42,4,2,1,0.232,0.328,0.349,0.678,0.299,0.3,-0.2,0.4,999
Myles Straw,Astros,17620,34,147,130,34,5,1,1,17,11,14,28,1,8,2,0.26,0.334,0.33,0.664,0.294,0.8,0.7,0.4,572.9
Dustin Garneau,Astros,9433,36,141,126,26,6,0,5,16,17,11,38,3,0,0,0.207,0.282,0.369,0.651,0.28,1,-0.2,0.4,999
Ramon Urias,Orioles,sa597169,44,189,168,41,10,0,5,22,20,14,42,4,2,1,0.245,0.318,0.394,0.712,0.306,-0.2,-0.1,0.4,999
Daniel Murphy,Rockies,4316,120,518,474,138,33,2,18,66,77,36,75,3,2,1,0.292,0.343,0.482,0.825,0.344,-0.9,-0.7,0.4,266.4
Aristides Aquino,Reds,15482,76,269,248,59,11,1,16,34,44,17,79,2,4,2,0.238,0.293,0.48,0.773,0.319,0.1,0.1,0.4,242.6
Rowdy Tellez,Blue Jays,15679,65,280,252,62,14,0,13,34,39,22,70,3,1,1,0.248,0.312,0.454,0.766,0.32,0.3,-0.2,0.4,547.2
Chad Pinder,Athletics,15191,39,168,153,38,8,0,6,20,21,10,43,2,1,0,0.247,0.303,0.425,0.728,0.308,1.1,-0.2,0.4,592.8
Chance Sisco,Orioles,15694,78,307,268,64,12,0,10,35,34,27,88,9,1,1,0.238,0.326,0.398,0.724,0.313,-2.9,-0.2,0.4,507.1
James McCann,White Sox,12859,50,203,185,44,8,0,6,21,24,13,55,2,1,1,0.24,0.298,0.39,0.688,0.294,1,-0.4,0.4,384.5
D.J. Stewart,Orioles,17766,65,280,245,59,12,1,10,34,35,28,63,4,5,3,0.242,0.326,0.425,0.75,0.319,-1.5,-0.1,0.4,600.9
Curt Casali,Reds,12510,65,257,228,54,10,0,8,26,30,24,62,2,1,1,0.235,0.311,0.384,0.695,0.298,-1.1,-0.4,0.4,598.6
Garrett Stubbs,Astros,18067,34,134,120,28,6,0,3,15,13,11,27,2,3,1,0.229,0.3,0.348,0.648,0.282,1,0.3,0.4,598.8
Josh Naylor,Padres,18839,62,206,185,49,10,0,7,24,25,18,35,1,1,1,0.262,0.33,0.427,0.758,0.321,-1,0,0.4,597.7
Dee Gordon,Mariners,8203,75,322,302,83,10,4,2,34,22,12,47,3,16,5,0.276,0.308,0.356,0.664,0.285,-1.7,1.3,0.4,293.7
Jose Martinez,Rays,7996,57,245,220,59,10,1,7,28,29,21,53,1,2,1,0.269,0.334,0.418,0.752,0.321,-0.1,-0.1,0.3,488.9
Brendan Rodgers,Rockies,17907,36,154,141,39,8,1,5,18,20,9,32,2,1,1,0.277,0.328,0.453,0.78,0.328,0.5,0,0.3,516.9
Robbie Grossman,Athletics,5254,47,203,174,44,10,1,3,24,19,26,38,1,3,1,0.25,0.349,0.376,0.725,0.316,-1.2,-0.2,0.3,999
Austin Slater,Giants,16153,52,164,144,36,7,1,4,18,17,16,44,2,2,1,0.251,0.336,0.392,0.727,0.314,0,0.2,0.3,999
Jed Lowrie,Mets,4418,66,187,166,40,9,0,5,20,21,19,38,1,0,0,0.24,0.317,0.387,0.704,0.303,-0.2,-0.4,0.3,600.6
Willians Astudillo,Twins,15608,21,87,82,24,4,0,3,10,11,2,5,2,1,1,0.29,0.319,0.456,0.775,0.325,0.2,-0.2,0.3,514.2
Adam Duvall,Braves,10950,60,159,143,33,7,1,8,19,25,12,42,2,1,0,0.233,0.299,0.46,0.759,0.315,0.6,0.2,0.3,600.7
Jake Rogers,Tigers,19452,34,134,119,24,5,1,5,14,15,11,40,2,1,0,0.204,0.282,0.372,0.654,0.28,1.5,-0.1,0.3,600.7
Matt Beaty,Dodgers,17710,58,172,158,43,10,0,5,20,22,10,24,2,2,1,0.269,0.32,0.425,0.745,0.315,-0.1,0,0.3,588.1
Zack Cozart,,2616,34,147,132,32,7,1,4,17,15,12,24,2,1,0,0.243,0.309,0.395,0.705,0.301,0.6,-0.1,0.3,999
Greg Garcia,Padres,10951,58,152,128,31,5,1,2,16,12,19,33,2,1,1,0.241,0.348,0.341,0.689,0.306,0,0.1,0.3,999
Willi Castro,Tigers,17338,37,161,148,38,7,2,3,17,16,8,35,2,3,1,0.254,0.302,0.387,0.689,0.294,-0.3,0.1,0.3,598.7
Isaac Paredes,Tigers,sa920275,23,98,88,23,4,0,3,11,10,7,14,1,1,0,0.259,0.323,0.408,0.731,0.313,0.1,0,0.3,999
Christin Stewart,Tigers,17714,105,455,400,96,20,2,17,53,56,45,114,5,1,1,0.24,0.322,0.428,0.75,0.317,-4.1,-0.5,0.3,582.8
Josh Rojas,Diamondbacks,19734,28,119,106,28,6,1,3,14,13,11,23,1,5,2,0.264,0.334,0.427,0.76,0.323,0.5,0,0.3,534.6
Dominic Smith,Mets,15653,83,217,198,49,10,0,7,25,26,16,51,2,1,1,0.248,0.307,0.417,0.724,0.307,-0.4,-0.2,0.3,557.9
Jake Cave,Twins,14477,36,154,140,36,7,1,5,19,19,11,45,2,1,1,0.257,0.317,0.437,0.754,0.318,-1.3,0,0.3,600.5
Albert Almora Jr.,Cubs,14109,81,290,269,72,14,1,7,33,31,15,50,1,3,1,0.266,0.304,0.406,0.71,0.299,-0.2,-0.3,0.3,598.9
Phillip Ervin,Reds,14738,66,167,148,36,7,2,5,19,19,14,41,3,5,2,0.243,0.319,0.417,0.735,0.313,0.1,0.1,0.3,999
Ben Gamel,Brewers,12160,76,221,196,50,11,1,4,26,22,21,54,2,3,1,0.256,0.331,0.387,0.718,0.308,-0.3,0.5,0.3,999
Sheldon Neuse,Athletics,19635,31,133,123,31,6,0,3,14,14,9,38,1,1,1,0.25,0.301,0.382,0.682,0.291,0.6,-0.1,0.3,597.3
Matt Duffy,Rangers,13836,29,126,112,31,6,1,2,14,12,11,20,2,2,1,0.28,0.348,0.391,0.738,0.32,-0.5,-0.2,0.3,601
Sandy Leon,Indians,5273,50,198,180,38,7,0,5,20,20,14,51,2,1,1,0.214,0.273,0.334,0.608,0.263,1.2,-0.5,0.3,999
Tyler Heineman,,13897,21,83,75,18,4,0,2,8,7,6,14,1,1,0,0.244,0.306,0.365,0.672,0.29,0.5,0.1,0.3,600.9
Pedro Severino,Orioles,14523,73,288,261,62,11,0,9,30,32,21,61,3,2,1,0.238,0.3,0.385,0.685,0.293,-1.6,-0.2,0.2,500.7
Luke Maile,Pirates,13355,63,250,227,48,11,1,4,22,23,17,61,2,2,0,0.211,0.271,0.324,0.595,0.258,1.2,0.2,0.2,999
Tim Locastro,Diamondbacks,15124,53,171,152,39,9,1,3,20,16,9,31,8,8,2,0.254,0.329,0.382,0.71,0.309,-0.4,1,0.2,598.7
Danny Mendick,White Sox,18889,24,105,94,23,4,0,2,11,10,9,21,1,2,1,0.241,0.308,0.366,0.674,0.292,0.7,0,0.2,600.6
Donovan Solano,Giants,8623,58,212,198,54,11,1,3,21,18,9,37,2,1,1,0.271,0.307,0.371,0.678,0.291,0.4,-0.3,0.2,999
Abraham Toro,Astros,19844,18,77,69,17,4,1,2,9,9,7,15,1,1,0,0.248,0.322,0.418,0.74,0.315,0.2,0,0.2,598
Lane Thomas,Cardinals,16939,75,202,182,43,8,2,6,22,23,16,55,2,5,3,0.238,0.302,0.402,0.705,0.3,0.4,-0.2,0.2,591.8
Jake Bauers,Indians,15194,49,210,183,43,10,1,6,25,25,24,54,1,4,2,0.234,0.324,0.404,0.728,0.313,0,0.2,0.2,563.7
Ryan O'Hearn,Royals,16442,102,441,389,90,21,2,18,50,54,44,117,3,1,0,0.23,0.312,0.429,0.741,0.313,-0.6,-0.2,0.2,594.3
Clint Frazier,Yankees,15983,47,203,184,45,10,1,8,25,27,15,54,2,2,1,0.243,0.305,0.445,0.75,0.314,-1.3,-0.2,0.2,527.2
Michael Brosseau,Rays,19683,16,70,64,16,3,0,2,8,8,4,16,1,1,1,0.25,0.309,0.407,0.716,0.305,0.1,-0.1,0.2,999
Nathaniel Lowe,Rays,19566,15,63,55,14,3,0,3,8,8,7,15,0,0,0,0.26,0.344,0.452,0.796,0.337,0,0,0.2,469.3
Ryan Mountcastle,Orioles,sa874734,45,196,185,49,9,1,8,23,26,8,45,1,1,0,0.266,0.298,0.449,0.747,0.312,0.3,0.1,0.2,999
Garrett Hampson,Rockies,19262,86,271,246,66,11,3,5,31,26,20,57,1,13,4,0.269,0.325,0.401,0.725,0.31,0.2,1.3,0.2,175.8
Scooter Gennett,,10339,36,154,143,38,7,1,4,18,18,9,34,1,1,0,0.263,0.309,0.416,0.724,0.306,-1.2,-0.1,0.2,560.5
Rob Brantly,,10655,26,102,94,23,4,0,2,10,9,6,18,1,0,0,0.244,0.299,0.357,0.656,0.281,0.2,-0.1,0.2,999
Brandon Drury,Blue Jays,11615,83,357,327,77,19,1,11,37,39,24,88,3,1,1,0.236,0.293,0.396,0.688,0.292,-0.4,-0.3,0.2,598.9
Orlando Arcia,Brewers,13185,62,206,188,47,8,1,5,20,22,15,41,1,4,2,0.248,0.303,0.382,0.684,0.29,0.3,0.1,0.2,572.5
Jake Fraley,Mariners,19260,66,287,263,62,14,2,8,31,32,17,71,4,9,4,0.237,0.291,0.399,0.69,0.291,0.3,0,0.2,546.3
Derek Dietrich,Reds,10542,31,73,63,15,3,0,3,9,9,5,18,3,0,0,0.242,0.332,0.45,0.781,0.33,-0.1,0,0.2,600.6
Billy Hamilton,,10199,45,196,177,41,7,2,1,22,12,16,46,0,13,3,0.231,0.294,0.311,0.605,0.266,2.2,1.8,0.2,579.8
Yolmer Sanchez,Giants,11602,34,147,133,33,7,2,2,14,13,10,30,1,2,1,0.252,0.311,0.366,0.677,0.291,0.2,-0.1,0.2,999
Ehire Adrianza,Twins,8418,24,105,94,24,5,1,2,13,11,8,20,1,1,1,0.257,0.316,0.394,0.71,0.302,-0.8,0,0.2,596.7
Bradley Zimmer,Indians,16221,21,91,81,18,4,0,3,11,10,8,32,1,3,1,0.225,0.301,0.385,0.686,0.294,0.6,0.3,0.2,595.5
Dawel Lugo,Tigers,14713,49,210,199,52,9,2,4,22,21,7,36,1,2,1,0.262,0.291,0.389,0.68,0.287,0.3,-0.2,0.1,999
Adeiny Hechavarria,Braves,10459,47,163,151,39,7,1,3,17,18,9,30,1,2,1,0.258,0.3,0.384,0.685,0.29,0.6,0.1,0.1,601
Travis Demeritte,Tigers,15958,36,154,137,31,7,1,6,18,17,14,48,1,2,1,0.229,0.304,0.42,0.724,0.307,-0.1,0,0.1,999
Rene Rivera,,3648,13,51,47,10,1,0,2,5,6,3,16,1,0,0,0.214,0.272,0.384,0.656,0.278,0.5,-0.1,0.1,999
Ildemaro Vargas,Diamondbacks,13324,34,87,81,22,4,1,1,10,9,4,9,0,1,0,0.277,0.316,0.401,0.717,0.305,0,0,0.1,999
Neil Walker,,7539,52,124,109,27,5,0,4,14,14,13,26,1,1,0,0.243,0.327,0.397,0.723,0.31,-0.3,0,0.1,999
Ke'Bryan Hayes,Pirates,sa874730,13,56,50,13,3,0,1,6,6,4,11,0,1,0,0.25,0.313,0.387,0.701,0.301,0.5,0.1,0.1,999
Hunter Pence,Giants,8252,112,383,352,89,16,1,12,43,45,25,90,2,5,2,0.252,0.304,0.408,0.712,0.302,-1.9,0.3,0.1,579.2
Roman Quinn,Phillies,13546,83,277,248,59,10,4,6,31,27,23,77,2,15,5,0.237,0.306,0.381,0.687,0.295,-1.8,1.2,0.1,569.2
Christian Arroyo,Indians,16434,26,112,103,26,6,0,3,12,13,7,25,1,1,0,0.248,0.3,0.396,0.695,0.295,0.1,0,0.1,999
Jonathan Lucroy,Red Sox,7870,16,64,58,15,3,0,1,7,8,5,10,1,0,0,0.259,0.321,0.392,0.713,0.305,-0.3,-0.2,0.1,595.1
Matt Reynolds,Royals,13788,19,84,75,18,4,1,1,9,7,8,21,1,1,0,0.242,0.319,0.374,0.693,0.299,-0.2,0,0.1,999
Delino DeShields,Indians,11379,42,182,159,36,7,1,2,22,13,18,46,1,10,3,0.228,0.309,0.328,0.637,0.281,0.4,1.3,0.1,493.1
Billy McKinney,Blue Jays,15654,29,126,113,26,6,1,5,15,15,10,31,1,1,1,0.234,0.303,0.43,0.732,0.308,0.4,-0.2,0.1,999
Grayson Greiner,Tigers,17062,39,154,139,30,5,1,4,15,15,12,43,1,0,0,0.218,0.281,0.347,0.628,0.271,0.5,0,0.1,600.2
Luis Guillorme,Mets,16451,24,93,82,20,4,0,1,9,8,9,15,1,1,1,0.247,0.321,0.339,0.66,0.29,0,-0.1,0.1,999
Kevin Cron,Diamondbacks,16211,13,36,32,8,2,0,2,5,6,3,10,0,0,0,0.248,0.318,0.5,0.818,0.338,0.1,0,0.1,586.6
Jonathan Davis,Blue Jays,15104,28,119,105,23,5,1,3,13,11,9,31,3,3,1,0.217,0.298,0.349,0.647,0.282,0.5,0.1,0.1,999
Dom Nunez,Rockies,15055,18,70,62,14,3,0,2,8,8,7,19,1,1,0,0.22,0.304,0.39,0.694,0.296,0.3,0,0.1,600.4
Jonah Heim,Athletics,sa737843,13,51,47,11,2,0,1,5,5,3,10,0,0,0,0.228,0.283,0.343,0.626,0.27,0.4,0,0.1,999
Tomas Nido,Mets,13755,42,166,156,35,7,0,4,15,17,8,38,1,0,0,0.223,0.261,0.35,0.611,0.258,-0.5,-0.1,0.1,600.8
Andrew Knizner,Cardinals,19514,13,51,47,12,2,0,1,6,5,3,8,1,0,0,0.259,0.315,0.396,0.711,0.304,0.2,0,0.1,600.3
Ty France,Padres,17982,13,36,32,8,2,0,1,4,5,2,7,1,0,0,0.258,0.327,0.436,0.763,0.324,0,-0.1,0.1,593.4
Ronald Guzman,Rangers,14388,89,385,343,84,17,1,13,45,46,34,102,4,2,1,0.244,0.319,0.419,0.738,0.313,2.2,-0.4,0.1,599.5
Jung Ho Kang,,17182,11,49,44,10,2,0,2,5,7,4,14,1,0,0,0.23,0.303,0.441,0.744,0.313,-0.3,-0.1,0.1,999
Raimel Tapia,Rockies,14350,91,312,292,83,17,4,6,37,33,16,64,1,8,3,0.283,0.321,0.431,0.752,0.317,-0.3,0.4,0.1,547.3
Brian O'Keefe,Mariners,sa829152,10,38,34,7,2,0,1,4,4,3,10,0,0,0,0.212,0.285,0.347,0.633,0.274,0.2,0,0.1,999
Rylan Bannon,Orioles,sa3004162,19,84,75,18,4,0,2,9,8,7,18,1,1,1,0.235,0.306,0.38,0.685,0.294,-0.1,0,0.1,999
Yonder Alonso,,2530,28,59,52,13,2,0,2,7,8,6,13,0,0,0,0.245,0.326,0.425,0.751,0.318,0,-0.2,0.1,999
Cole Tucker,Pirates,17326,15,63,57,14,3,1,1,6,6,5,13,0,2,1,0.242,0.306,0.366,0.672,0.289,0.1,0,0.1,594.2
Jordy Mercer,Tigers,6547,49,210,191,47,10,1,5,21,20,15,40,2,0,0,0.247,0.307,0.385,0.692,0.293,-1.1,-0.1,0.1,999
Greg Bird,,14131,28,119,102,23,5,0,5,14,15,14,31,1,0,0,0.227,0.324,0.437,0.761,0.322,0.2,0,0.1,578
Domingo Leyba,Diamondbacks,16404,24,65,60,15,3,0,2,7,7,4,12,1,0,0,0.255,0.307,0.406,0.713,0.302,-0.1,0,0.1,999
Josh VanMeter,Reds,15170,18,57,51,13,3,0,2,7,7,5,13,0,1,1,0.249,0.322,0.429,0.751,0.318,-0.1,0,0.1,592.5
Matt Wieters,Cardinals,4298,44,173,156,36,6,0,6,16,22,14,38,1,1,1,0.229,0.294,0.387,0.681,0.29,0.4,-0.5,0.1,587.1
Guillermo Heredia,Pirates,18721,94,306,270,67,14,1,5,32,26,25,57,6,3,3,0.249,0.325,0.366,0.69,0.301,-1.7,-0.3,0.1,999
Dustin Pedroia,Red Sox,8370,10,42,38,10,2,0,1,5,4,4,6,0,0,0,0.266,0.33,0.372,0.702,0.304,0.2,-0.1,0.1,999
John Ryan Murphy,Pirates,10346,13,51,47,10,2,0,2,5,5,3,14,0,0,0,0.211,0.266,0.358,0.625,0.265,0.1,0,0.1,999
Randy Arozarena,Rays,19290,11,49,44,11,2,0,1,6,5,4,11,1,2,1,0.249,0.321,0.402,0.723,0.31,-0.2,0,0.1,586.8
Franchy Cordero,Padres,14567,105,415,377,84,16,5,14,47,50,30,147,3,9,3,0.223,0.284,0.402,0.686,0.29,0.9,1.2,0.1,467.9
Tim Beckham,,7949,37,161,148,35,7,1,6,18,19,11,46,1,1,1,0.239,0.295,0.417,0.712,0.301,-1.6,-0.3,0.1,600.6
Chad Wallach,Marlins,17161,10,38,34,7,2,0,1,4,3,3,11,1,0,0,0.211,0.29,0.341,0.631,0.275,0,0,0.1,999
J.T. Riddle,Pirates,17642,62,186,173,42,9,1,5,18,21,10,40,1,2,1,0.244,0.285,0.393,0.678,0.285,0.2,-0.1,0.1,999
Thairo Estrada,Yankees,16426,16,70,65,16,3,0,2,8,7,3,14,1,1,1,0.25,0.292,0.384,0.676,0.288,0,0,0.1,599.3
Michael Lorenzen,Reds,14843,8,35,32,8,1,0,1,4,7,3,6,0,0,0,0.244,0.306,0.422,0.728,0.309,0,0,0.1,507.8
Chris Herrmann,,9284,10,38,34,7,1,0,1,4,4,4,12,0,0,0,0.204,0.293,0.342,0.635,0.277,0,0,0.1,999
Daulton Varsho,Diamondbacks,sa3002838,3,13,12,3,1,0,0,2,1,1,2,0,0,0,0.267,0.327,0.438,0.765,0.324,-0.1,0,0.1,999
Steven Duggar,Giants,17719,37,161,145,35,8,1,2,16,14,13,46,1,3,2,0.243,0.309,0.363,0.672,0.29,-0.8,-0.2,0.1,600.8
LaMonte Wade,Twins,18126,6,28,24,6,1,0,1,3,3,3,5,0,0,0,0.246,0.341,0.365,0.706,0.309,-0.2,0,0.1,999
Yairo Munoz,Cardinals,16313,47,123,114,29,5,1,3,13,13,7,25,1,3,1,0.255,0.301,0.386,0.687,0.291,-0.3,0,0,999
Pablo Sandoval,Giants,5409,37,101,93,23,5,0,4,11,13,6,22,1,0,0,0.247,0.297,0.421,0.719,0.301,-0.5,-0.3,0,600.9
Santiago Espinal,Blue Jays,sa918188,13,56,52,13,2,0,1,6,5,3,9,0,1,1,0.246,0.294,0.345,0.639,0.275,0.4,-0.1,0,999
Scott Heineman,Rangers,14453,26,112,101,25,5,1,3,13,11,8,28,2,2,2,0.252,0.316,0.396,0.712,0.305,0,-0.2,0,999
Harold Ramirez,Marlins,14387,62,206,192,51,10,1,4,22,21,10,40,3,2,1,0.266,0.308,0.397,0.705,0.3,-0.9,0,0,597
Jaylin Davis,Giants,19552,34,147,133,31,6,0,5,16,16,11,44,2,2,1,0.233,0.296,0.397,0.693,0.295,0.6,0,0,597.8
Ben Zobrist,,7435,23,98,86,22,4,0,2,12,10,11,14,0,0,0,0.26,0.341,0.377,0.718,0.312,-0.4,-0.2,0,999
Bryan Holaday,Orioles,11287,5,19,17,4,1,0,0,2,2,1,3,0,0,0,0.24,0.305,0.378,0.683,0.29,0.2,-0.1,0,999
Rangel Ravelo,Cardinals,10839,10,22,20,5,1,0,1,2,3,2,4,0,0,0,0.261,0.325,0.408,0.733,0.313,0,0,0,999
Erik Kratz,Yankees,4403,3,13,12,3,0,0,0,1,1,1,3,0,0,0,0.231,0.287,0.381,0.668,0.285,0,0,0,999
Eric Haase,Tigers,14111,5,19,17,4,1,0,1,2,2,1,7,0,0,0,0.205,0.266,0.404,0.67,0.282,0.1,0,0,999
David Freitas,Brewers,10619,3,13,11,3,1,0,0,1,1,1,2,0,0,0,0.258,0.327,0.386,0.713,0.307,-0.1,0,0,999
Vimael Machin,Athletics,sa602488,10,42,37,9,2,0,1,4,4,4,7,0,0,0,0.239,0.318,0.341,0.659,0.286,0,0,0,999
Devon Travis,,13862,16,70,66,17,4,0,2,8,8,3,13,1,1,0,0.258,0.296,0.408,0.704,0.298,-0.6,0,0,999
Alex Kirilloff,Twins,sa917929,6,28,26,7,1,0,1,3,3,1,6,0,0,0,0.273,0.315,0.429,0.745,0.314,-0.1,0,0,999
Dwight Smith Jr.,Orioles,13473,40,175,158,39,8,1,5,20,20,14,36,2,3,1,0.25,0.314,0.41,0.724,0.308,-1.1,0,0,999
Austin Wynns,Orioles,15271,6,26,23,6,1,0,1,3,2,2,5,0,0,0,0.241,0.297,0.35,0.647,0.28,0.1,0,0,999
Daniel Johnson,Indians,sa918018,8,35,32,8,2,0,1,4,4,2,9,0,1,0,0.253,0.308,0.419,0.727,0.307,0.1,0,0,999
Daniel Descalso,Cubs,8392,39,108,92,20,4,1,3,12,12,13,29,1,1,0,0.217,0.318,0.36,0.679,0.296,-0.4,0,0,999
Alex Jackson,Braves,17276,8,32,29,6,1,0,1,3,4,2,11,1,0,0,0.204,0.269,0.398,0.667,0.281,-0.1,0,0,999
Zack Collins,White Sox,19181,11,48,40,8,2,0,2,6,5,7,16,0,0,0,0.206,0.32,0.381,0.701,0.303,-0.2,0,0,600.8
Anthony Bemboom,Angels,13854,8,32,29,6,1,0,1,3,3,2,8,0,0,0,0.203,0.267,0.305,0.572,0.249,0.2,0,0,999
Jake Cronenworth,Padres,sa857694,3,14,13,3,1,0,0,1,1,1,3,0,0,0,0.252,0.32,0.358,0.678,0.295,0,0,0,999
Ryon Healy,Brewers,15447,6,28,26,7,1,0,1,3,4,2,6,0,0,0,0.259,0.303,0.469,0.773,0.322,-0.2,0,0,599.2
Jared Walsh,Angels,18607,5,21,19,4,1,0,1,3,3,2,7,0,0,0,0.233,0.301,0.433,0.734,0.309,0.1,0,0,999
Taylor Ward,Angels,17548,5,21,18,4,1,0,1,2,2,2,5,0,0,0,0.238,0.321,0.4,0.721,0.309,-0.1,0,0,999
Nick Williams,Phillies,14330,11,29,27,7,1,0,1,3,4,2,9,0,0,0,0.245,0.299,0.436,0.735,0.309,-0.1,0,0,999
Abraham Almonte,,5486,10,42,37,8,2,0,1,5,4,5,10,0,1,0,0.229,0.315,0.397,0.712,0.305,-0.4,0,0,999
Kevan Smith,,12284,3,13,12,3,1,0,0,1,1,1,2,0,0,0,0.259,0.311,0.38,0.691,0.297,-0.1,0,0,999
Andy Young,Diamondbacks,sa919031,3,14,13,3,1,0,1,2,2,1,4,0,0,0,0.237,0.306,0.419,0.725,0.308,0,0,0,999
Yu-Cheng Chang,Indians,14773,16,70,63,14,3,0,2,8,7,5,20,1,1,0,0.221,0.287,0.368,0.655,0.28,0.2,0,0,999
Jason Martin,Pirates,16429,21,71,65,16,4,1,2,8,8,5,16,0,1,1,0.249,0.302,0.407,0.709,0.3,0.1,-0.1,0,999
Breyvic Valera,Padres,12758,3,14,13,3,1,0,0,1,1,1,2,0,0,0,0.258,0.322,0.373,0.694,0.3,-0.1,0,0,999
Cedric Mullins II,Orioles,17929,6,28,25,6,1,0,1,3,3,2,5,0,1,0,0.237,0.292,0.377,0.669,0.285,0,0.1,0,600.2
Dylan Moore,Mariners,18042,13,56,50,11,2,0,1,6,5,4,15,1,2,1,0.213,0.288,0.352,0.64,0.277,-0.2,0,0,600.5
Donnie Walton,Mariners,19314,3,14,13,3,1,0,0,1,1,1,2,0,0,0,0.241,0.309,0.346,0.655,0.286,0,0,0,999
Esteban Quiroz,Padres,sa596560,3,14,12,3,1,0,0,2,2,1,3,0,0,0,0.234,0.32,0.383,0.703,0.302,0,0,0,999
Yonathan Daza,Rockies,15794,21,51,48,14,3,0,1,6,5,2,8,0,1,1,0.298,0.333,0.414,0.747,0.318,0.1,-0.1,0,999
Aramis Garcia,Giants,16925,5,19,18,4,1,0,1,2,2,1,6,0,0,0,0.212,0.265,0.357,0.621,0.265,0.1,0,0,999
Alex Blandino,Reds,16271,11,49,42,9,2,0,1,5,4,6,14,1,0,0,0.216,0.322,0.346,0.668,0.295,-0.3,-0.1,0,999
Tim Lopes,Mariners,14137,19,84,77,19,4,0,1,8,7,6,17,1,3,1,0.248,0.303,0.349,0.652,0.282,0.3,0,0,999
Edwin Rios,Dodgers,18316,8,15,14,3,1,0,1,2,2,1,5,0,0,0,0.228,0.283,0.432,0.715,0.298,0,0,0,600.6
Socrates Brito,Pirates,12944,15,63,58,14,3,1,2,7,7,4,16,0,1,1,0.245,0.291,0.407,0.698,0.294,0.1,0,0,999
Robel Garcia,Cubs,13167,3,14,13,3,0,0,1,2,2,1,5,0,0,0,0.22,0.292,0.423,0.715,0.301,0,0,0,999
Wyatt Mathisen,Diamondbacks,sa657937,2,7,6,1,0,0,0,1,1,1,2,0,0,0,0.235,0.32,0.407,0.728,0.312,0,0,0,999
Jack Mayfield,Astros,15402,3,14,13,3,1,0,0,2,2,1,3,0,0,0,0.232,0.278,0.404,0.682,0.287,0,0,0,999
Luis Torrens,Padres,15905,3,13,12,3,1,0,0,1,1,1,3,0,0,0,0.238,0.296,0.363,0.66,0.283,0,0,0,999
Deivy Grullon,Phillies,15988,3,13,12,3,1,0,1,1,2,1,4,0,0,0,0.231,0.293,0.418,0.711,0.3,-0.2,0,0,600.1
Welington Castillo,Nationals,3256,10,38,35,9,2,0,1,4,6,2,11,0,0,0,0.245,0.294,0.419,0.713,0.301,-0.2,-0.1,0,581.8
Cheslor Cuthbert,,10473,5,21,19,5,1,0,1,2,2,1,5,0,0,0,0.241,0.297,0.404,0.701,0.297,-0.1,0,0,999
Hernan Perez,,5751,3,14,13,3,1,0,0,2,2,1,3,0,0,0,0.253,0.293,0.407,0.7,0.295,-0.1,0,0,999
Ryan McBroom,Royals,16524,60,259,235,58,12,0,8,28,27,19,68,3,1,1,0.249,0.309,0.403,0.712,0.302,0.3,-0.3,0,597.5
Juan Lagares,,5384,29,106,96,23,5,1,2,12,9,7,25,1,2,1,0.238,0.296,0.356,0.652,0.278,0.4,0.1,0,999
Andrew Velazquez,Orioles,14196,32,140,130,30,6,1,3,15,14,8,38,1,4,2,0.234,0.281,0.367,0.648,0.277,0.2,0,0,999
Chris Iannetta,Yankees,8267,13,51,44,9,2,0,2,6,6,6,16,1,0,0,0.2,0.3,0.363,0.663,0.283,-0.6,-0.2,0,601
Joe Hudson,,14412,11,45,40,7,2,0,1,4,4,4,14,0,0,0,0.185,0.253,0.3,0.553,0.242,0.5,0,0,999
Logan Morrison,,9205,2,7,6,1,0,0,0,1,1,1,2,0,0,0,0.241,0.32,0.485,0.805,0.335,0,0,0,999
Tyler Wade,Yankees,15730,32,140,126,29,5,1,2,15,12,11,35,1,5,2,0.23,0.295,0.34,0.635,0.275,-0.1,0.3,0,600.9
Edmundo Sosa,Cardinals,17022,6,28,26,6,1,0,1,3,3,1,6,1,0,0,0.247,0.287,0.371,0.658,0.28,0,0,0,999
Mike Freeman,Indians,11241,6,28,25,6,1,0,0,3,2,2,7,0,0,0,0.237,0.307,0.334,0.641,0.28,0.2,0,0,999
Kelvin Gutierrez,Royals,17468,5,21,19,5,1,0,0,2,2,1,5,0,0,0,0.247,0.301,0.363,0.665,0.286,0.1,0,0,999
Nicky Delmonico,White Sox,13157,5,21,19,4,1,0,1,2,2,2,5,0,0,0,0.233,0.312,0.41,0.722,0.307,-0.2,0,0,999
Kyle Farmer,Reds,14813,37,117,107,26,6,0,3,12,13,7,27,1,1,0,0.238,0.29,0.378,0.668,0.284,-0.2,0.1,0,600.8
Nick Gordon,Twins,sa828662,3,14,13,3,1,0,0,1,1,1,3,0,0,0,0.25,0.294,0.361,0.655,0.281,0,0,0,999
Matt Adams,Mets,9393,5,13,12,3,1,0,1,2,2,1,4,0,0,0,0.223,0.281,0.446,0.727,0.301,0,0,0,600.8
Bobby Bradley,Indians,17278,5,21,19,4,1,0,1,3,3,2,7,0,0,0,0.226,0.292,0.45,0.742,0.309,0.1,0,0,999
Cristian Pache,Braves,sa916722,6,28,26,6,1,0,1,3,3,2,7,0,0,0,0.247,0.293,0.398,0.691,0.292,0.2,-0.1,0,576.4
Meibrys Viloria,Royals,17109,23,90,81,19,4,0,1,8,8,6,22,1,0,0,0.233,0.291,0.341,0.632,0.274,0.4,0,0,999
Logan Forsythe,Phillies,7185,3,14,12,3,1,0,0,1,1,2,4,0,0,0,0.23,0.324,0.357,0.681,0.298,-0.1,0,0,999
Brent Rooker,Twins,sa3003172,3,14,13,3,1,0,1,2,2,1,5,0,0,0,0.229,0.303,0.427,0.73,0.308,-0.1,0,0,999
Ryan McKenna,Orioles,sa875055,10,42,38,9,2,0,1,5,4,3,10,0,1,1,0.234,0.303,0.355,0.659,0.285,-0.1,0,0,999
Taylor Jones,Astros,sa876202,3,14,12,3,1,0,0,2,2,1,4,0,0,0,0.227,0.304,0.379,0.683,0.293,0,0,0,999
Cesar Puello,Red Sox,7216,2,7,6,2,0,0,0,1,1,1,2,0,0,0,0.247,0.332,0.381,0.713,0.309,0,0,0,999
Ronny Rodriguez,Brewers,11875,3,14,13,3,1,0,1,2,2,1,3,0,0,0,0.246,0.278,0.428,0.706,0.294,0,0,0,999
Tres Barrera,Nationals,19977,2,6,6,1,0,0,0,1,1,0,1,0,0,0,0.234,0.294,0.363,0.657,0.283,0,0,0,999
Yusniel Diaz,Orioles,sa912848,26,112,101,25,4,1,3,13,12,10,25,1,1,1,0.245,0.314,0.404,0.718,0.306,-0.5,-0.4,0,999
Nick Martini,Phillies,12005,3,6,5,1,0,0,0,1,1,1,1,0,0,0,0.249,0.335,0.361,0.696,0.304,0,0,0,999
Brandon Dixon,Tigers,15214,3,14,13,3,1,0,0,1,2,1,4,0,0,0,0.235,0.28,0.408,0.688,0.29,-0.1,0,0,600.3
Beau Taylor,,12384,3,13,11,2,1,0,0,1,1,1,4,0,0,0,0.21,0.304,0.328,0.631,0.278,0,0,0,999
Yangervis Solarte,,5352,3,14,13,3,1,0,0,2,2,1,2,0,0,0,0.253,0.305,0.414,0.719,0.303,-0.1,0,0,999
Austin Dean,Cardinals,18288,2,7,6,2,0,0,0,1,1,0,1,0,0,0,0.266,0.318,0.438,0.756,0.319,-0.1,0,0,999
Raudy Read,Nationals,15766,2,6,6,1,0,0,0,1,1,0,1,0,0,0,0.246,0.285,0.409,0.694,0.29,0,0,0,999
Mac Williamson,Nationals,14158,3,14,13,3,1,0,1,2,2,1,4,0,0,0,0.237,0.306,0.429,0.735,0.31,0,0,0,999
Seby Zavala,White Sox,18887,3,13,12,2,0,0,0,1,1,1,5,0,0,0,0.204,0.261,0.356,0.617,0.264,0,0,0,999
Bobby Dalbec,Red Sox,sa857701,13,56,50,11,2,0,2,7,7,5,18,1,0,0,0.229,0.308,0.426,0.733,0.309,0,-0.1,0,999
Eric Filia,Mariners,sa827359,3,14,12,3,1,0,0,1,1,1,2,0,0,0,0.258,0.332,0.356,0.688,0.298,-0.1,0,0,999
Christian Lopes,Marlins,sa601044,2,7,6,1,0,0,0,1,1,1,1,0,0,0,0.234,0.311,0.355,0.666,0.29,0,0,0,999
Tzu-Wei Lin,Red Sox,14678,6,28,26,6,1,0,0,3,2,2,7,0,1,0,0.243,0.299,0.351,0.65,0.281,0.1,0,0,999
Josh Phegley,,9308,5,19,18,4,1,0,1,2,3,1,4,0,0,0,0.235,0.288,0.395,0.683,0.289,-0.2,0,0,599.5
Mark Mathias,Brewers,sa875006,2,7,6,1,0,0,0,1,1,1,2,0,0,0,0.229,0.301,0.36,0.661,0.286,0,0,0,999
Daz Cameron,Tigers,sa874736,3,14,12,3,1,0,0,1,1,1,4,0,0,0,0.221,0.297,0.364,0.662,0.286,0,0,0,999
Brian O'Grady,Rays,16729,2,7,6,1,0,0,0,1,1,1,2,0,0,0,0.209,0.287,0.393,0.68,0.288,0,0,0,600.5
Kean Wong,Giants,15994,3,14,13,3,1,0,0,1,1,1,3,0,0,0,0.252,0.303,0.357,0.661,0.284,0,0,0,999
Eduardo Nunez,,6848,13,56,53,14,3,0,1,6,6,2,8,0,1,0,0.257,0.287,0.386,0.673,0.285,-0.5,0,0,999
Wilmer Difo,Nationals,14320,2,7,6,2,0,0,0,1,1,1,1,0,0,0,0.246,0.308,0.351,0.659,0.283,0,0,0,999
Pat Valaika,,14885,2,7,7,1,0,0,0,1,1,0,2,0,0,0,0.223,0.266,0.395,0.66,0.278,0,0,0,999
Luke Raley,Dodgers,sa918048,3,14,13,3,1,0,0,2,2,1,4,0,0,0,0.239,0.296,0.401,0.696,0.295,0,0,0,999
Michael A. Taylor,Nationals,11489,58,172,157,36,9,1,5,19,18,13,54,1,7,2,0.232,0.292,0.388,0.679,0.288,0.6,0.6,0,600.5
Sean Rodriguez,Marlins,6589,5,21,18,4,1,0,1,2,2,2,7,0,0,0,0.198,0.294,0.361,0.655,0.283,0,0,0,999
Cristhian Adames,Giants,6013,3,14,13,3,1,0,0,1,1,1,3,0,0,0,0.234,0.294,0.351,0.645,0.278,-0.1,0,0,999
John Hicks,Diamondbacks,12547,5,19,18,4,1,0,1,2,2,1,6,0,0,0,0.232,0.274,0.389,0.663,0.28,0,0,0,599.5
Skye Bolt,Athletics,17723,2,7,6,1,0,0,0,1,1,1,2,0,0,0,0.208,0.274,0.344,0.619,0.266,0,0,0,999
Keon Broxton,Brewers,9253,0,0,0,0,0,0,0,0,0,0,0,0,0,0,0,0,0,0,0,0,0,0,999
Luis Alexander Basabe,White Sox,sa736915,2,7,6,1,0,0,0,1,1,1,2,0,0,0,0.214,0.284,0.337,0.621,0.269,0,0,0,999
Justin Williams,Cardinals,15490,2,7,6,2,0,0,0,1,1,0,2,0,0,0,0.247,0.301,0.396,0.697,0.296,0,0,0,999
Humberto Arteaga,Royals,13595,3,14,13,3,1,0,0,1,1,1,2,0,0,0,0.25,0.281,0.326,0.608,0.262,0.2,0,0,999
Josh Ockimey,Red Sox,sa829375,3,14,12,3,1,0,1,2,2,2,5,0,0,0,0.219,0.318,0.408,0.726,0.31,0,0,0,999
Gordon Beckham,,9015,2,7,6,1,0,0,0,1,1,1,2,0,0,0,0.227,0.29,0.356,0.647,0.279,0,0,0,999
Ian Miller,,15156,3,14,13,3,1,0,0,1,1,1,3,0,1,0,0.245,0.301,0.336,0.637,0.277,0,0.1,0,999
Edward Olivares,Padres,sa832015,2,7,6,2,0,0,0,1,1,0,1,0,0,0,0.235,0.285,0.363,0.647,0.277,0,0,0,999
Jose Trevino,Rangers,16725,8,32,30,7,1,0,1,3,3,1,6,0,0,0,0.231,0.264,0.343,0.607,0.259,0.4,0,0,999
Erick Mejia,Royals,15817,11,49,45,11,2,0,0,5,4,3,10,0,1,1,0.239,0.292,0.331,0.624,0.271,0.3,0,0,999
Dustin Fowler,Athletics,17098,3,14,13,3,1,0,0,2,2,1,3,0,0,0,0.244,0.283,0.398,0.682,0.287,0,0,0,999
Elliot Soto,,sa390666,3,14,13,3,0,0,0,1,1,1,3,0,0,0,0.224,0.286,0.312,0.598,0.261,0,0,0,999
Troy Stokes Jr.,Tigers,sa828871,2,7,6,1,0,0,0,1,1,1,2,0,0,0,0.219,0.301,0.369,0.671,0.29,0,0,0,999
Patrick Wisdom,Mariners,13602,18,77,69,14,3,0,3,9,9,6,26,1,1,0,0.208,0.277,0.386,0.663,0.281,0,0.1,0,600.9
Travis Jankowski,Reds,13768,2,7,6,1,0,0,0,1,0,1,2,0,0,0,0.24,0.32,0.313,0.633,0.282,0,0,0,999
Kyle Garlick,Phillies,18063,2,7,6,1,0,0,0,1,1,0,2,0,0,0,0.225,0.278,0.437,0.715,0.297,0,0,0,600.9
Matt Thaiss,Angels,19318,28,119,106,25,5,1,3,13,13,11,27,1,1,0,0.237,0.309,0.392,0.701,0.3,-0.2,-0.1,0,999
Tyrone Taylor,Brewers,13675,3,14,13,3,1,0,0,1,2,1,3,0,0,0,0.23,0.283,0.385,0.668,0.284,0.1,0,0,999
Caleb Joseph,Blue Jays,7087,3,13,12,3,1,0,0,1,1,1,4,0,0,0,0.212,0.255,0.332,0.587,0.251,0,0,0,999
Phil Gosselin,Phillies,10953,3,14,13,3,1,0,0,1,1,1,3,0,0,0,0.24,0.303,0.354,0.657,0.284,0,0,0,999
Jacob Nottingham,Brewers,16448,2,6,6,1,0,0,0,1,1,0,2,0,0,0,0.204,0.274,0.341,0.615,0.265,0,0,0,999
Daniel Palka,White Sox,14897,8,35,31,7,1,0,2,4,5,3,11,0,0,0,0.222,0.296,0.424,0.72,0.302,-0.4,0,0,999
Elias Diaz,Rockies,11680,16,64,59,16,3,0,1,7,7,4,11,0,0,0,0.28,0.329,0.404,0.733,0.314,-0.4,0,0,572.2
Adrian Sanchez,Nationals,11338,3,14,13,3,1,0,0,1,1,1,3,0,0,0,0.256,0.294,0.366,0.659,0.28,0,0,0,999
Sam Haggerty,Mariners,18054,2,7,6,1,0,0,0,1,0,1,2,0,0,0,0.203,0.288,0.298,0.586,0.26,0,0,0,999
Jacoby Ellsbury,,4727,19,84,75,18,3,0,1,9,7,7,15,1,3,1,0.241,0.311,0.349,0.66,0.287,-0.7,0.2,0,999
Chris Shaw,Giants,17738,5,21,19,5,1,0,1,2,3,1,6,0,0,0,0.238,0.292,0.418,0.71,0.299,-0.2,0,0,999
Charlie Tilson,Pirates,12983,3,14,13,3,1,0,0,1,1,1,3,0,0,0,0.251,0.302,0.333,0.635,0.276,0,0,0,999
Steve Wilkerson,,16041,3,14,13,3,1,0,0,1,1,1,4,0,0,0,0.229,0.285,0.349,0.633,0.273,0,0,0,999
Eli White,Rangers,sa738478,5,21,19,4,1,0,0,2,2,1,6,0,0,0,0.233,0.298,0.353,0.651,0.282,-0.1,0,0,600.1
Jesus Sanchez,Marlins,sa872787,3,14,13,3,1,0,0,1,1,1,3,0,0,0,0.238,0.287,0.368,0.655,0.28,0.1,0,0,999
Nick Heath,Royals,sa918355,3,14,13,3,0,0,0,1,1,1,5,0,1,0,0.215,0.282,0.311,0.592,0.26,0,0,0,594.5
Juan Centeno,Red Sox,7168,3,13,12,3,1,0,0,1,1,1,2,0,0,0,0.246,0.297,0.344,0.642,0.277,-0.1,0,0,999
Rocky Gale,,10533,3,13,12,3,0,0,0,1,1,1,3,0,0,0,0.22,0.256,0.298,0.554,0.24,0.1,0,0,999
Charlie Culberson,Braves,3298,19,64,59,14,3,0,2,7,7,3,17,1,1,0,0.239,0.284,0.383,0.667,0.282,0.2,0,0,999
Sergio Alcantara,Tigers,sa739641,5,21,19,4,1,0,0,2,1,2,4,0,0,0,0.233,0.295,0.293,0.588,0.261,0.1,0,0,999
Richard Urena,Orioles,16411,5,21,20,5,1,0,0,2,2,1,5,0,0,0,0.235,0.272,0.343,0.616,0.263,0.1,0,0,999
Jose Siri,Mariners,sa736940,3,14,13,3,0,0,0,1,1,1,5,0,1,0,0.2,0.252,0.331,0.582,0.249,0,0,0,999
Matt Kemp,Marlins,5631,3,14,13,3,1,0,1,1,2,1,3,0,0,0,0.251,0.295,0.43,0.725,0.302,-0.3,0,0,999
Jorge Mateo,Athletics,sa657910,16,70,66,15,3,1,1,7,7,3,20,0,3,1,0.226,0.266,0.367,0.633,0.267,0,0,0,999
Ronnie Dawson,Astros,sa873674,3,14,13,3,0,0,0,1,1,1,5,0,0,0,0.2,0.269,0.334,0.604,0.261,-0.1,0,0,999
Corey Ray,Brewers,sa738510,2,7,6,1,0,0,0,1,1,1,3,0,0,0,0.199,0.266,0.354,0.619,0.264,0,0,0,999
Andrew Stevenson,Nationals,17932,3,14,13,3,1,0,0,1,1,1,4,0,0,0,0.248,0.302,0.349,0.651,0.281,-0.1,0,0,999
Joe McCarthy,Giants,sa858039,5,21,18,4,1,0,0,2,2,2,6,0,0,0,0.214,0.303,0.347,0.65,0.284,-0.1,0,0,999
Andrew Knapp,Phillies,14942,23,90,78,17,4,0,2,9,7,10,29,1,0,0,0.214,0.307,0.337,0.645,0.281,-1,0.1,0,600.4
Mickey Moniak,Phillies,sa917920,3,14,13,3,1,0,0,1,1,1,4,0,0,0,0.228,0.27,0.362,0.632,0.268,-0.1,0,0,999
C.J. Chatham,Red Sox,sa873984,16,70,66,17,3,0,1,7,6,3,15,0,1,0,0.263,0.294,0.358,0.652,0.279,0,0,0,999
Kevin Kramer,Pirates,17689,23,78,70,17,4,0,2,8,8,6,21,1,1,1,0.236,0.299,0.369,0.667,0.286,0,-0.1,0,999
Drew Robinson,,11761,3,14,12,2,1,0,0,1,1,1,5,0,0,0,0.201,0.289,0.346,0.634,0.275,0,0,0,999
Greg Allen,Indians,16623,42,182,163,40,7,1,3,21,17,11,40,5,7,3,0.243,0.309,0.357,0.666,0.288,1,0.3,0,595.5
Brendan McKay,Rays,20186,3,14,12,3,0,0,0,1,1,1,4,0,0,0,0.208,0.291,0.355,0.646,0.28,0,0,0,279.9
Harold Castro,Tigers,14691,10,42,40,10,1,0,1,4,4,1,9,0,1,0,0.262,0.286,0.352,0.639,0.273,0,-0.1,0,599.1
Richie Martin Jr.,Orioles,17736,15,63,57,13,2,1,1,6,5,4,15,1,2,1,0.225,0.281,0.341,0.623,0.269,0,0,0,600
Evan White,Mariners,sa915774,130,560,515,124,20,2,19,62,64,36,139,4,3,1,0.24,0.293,0.4,0.692,0.293,1.2,0.2,0,999
Josh Harrison,Phillies,8202,52,172,157,39,7,1,4,19,16,9,33,4,3,1,0.245,0.297,0.375,0.672,0.287,-0.2,0.3,0,999
Steve Pearce,,9957,11,49,43,10,2,0,2,5,6,4,12,1,0,0,0.227,0.307,0.391,0.697,0.299,0,-0.1,0,999
Chris Owings,,10030,13,36,33,8,2,0,1,4,4,2,10,0,1,0,0.249,0.299,0.402,0.701,0.296,0,0.1,0,999
Arquimedes Gamboa,Phillies,sa877497,3,14,12,2,0,0,0,1,1,1,4,0,0,0,0.185,0.268,0.269,0.537,0.241,0,0,0,999
Isiah Kiner-Falefa,Rangers,16512,19,83,75,19,4,0,1,8,7,6,15,1,1,1,0.251,0.314,0.349,0.663,0.289,-0.5,0,0,598
Adam Engel,White Sox,15082,32,140,127,28,6,1,3,15,13,8,41,3,4,2,0.218,0.279,0.346,0.625,0.27,0.8,0.3,0,999
Blake Swihart,Rangers,13176,3,14,13,3,0,0,0,2,1,1,4,0,0,0,0.211,0.282,0.339,0.622,0.27,0,0,0,999
Miguel Cabrera,Tigers,1744,130,560,501,135,24,0,15,53,65,51,111,3,0,0,0.27,0.338,0.408,0.746,0.318,0,-3.4,0,482.6
Lewin Diaz,Marlins,sa828420,11,49,46,11,2,0,2,5,5,2,10,0,0,0,0.236,0.276,0.412,0.688,0.286,0.2,0,0,599.7
Sam Travis,Rangers,16263,10,42,38,10,2,0,1,5,4,3,10,0,0,0,0.259,0.321,0.399,0.72,0.308,0,0,-0.1,999
Buddy Reed,,sa738683,6,28,26,5,1,0,1,3,3,2,9,0,1,1,0.202,0.258,0.322,0.58,0.249,0,0,-0.1,999
Hanley Ramirez,,8001,32,140,125,30,5,0,6,16,19,13,33,2,1,1,0.238,0.313,0.426,0.74,0.312,-0.3,-0.5,-0.1,999
Braden Bishop,Mariners,17806,28,119,108,24,5,0,2,12,10,8,29,1,1,1,0.223,0.286,0.325,0.611,0.267,1,0,-0.1,999
Monte Harrison,Marlins,sa828691,32,140,127,28,5,1,4,14,13,10,47,2,6,2,0.217,0.283,0.356,0.639,0.276,0,0.4,-0.1,999
Carlos Gonzalez,,7287,44,189,170,38,8,0,6,21,20,16,51,1,1,1,0.226,0.293,0.384,0.676,0.287,-0.3,-0.1,-0.1,600.6
Kyle Lewis,Mariners,19508,109,469,429,99,20,1,14,47,50,33,142,2,2,1,0.23,0.287,0.381,0.668,0.284,0.7,0.1,-0.1,488.6
Jorge Bonifacio,Tigers,12174,18,77,70,16,3,0,2,9,8,6,21,1,1,0,0.23,0.292,0.39,0.683,0.29,0,0,-0.1,999
Melky Cabrera,,4022,44,189,176,49,10,1,4,20,22,10,23,1,1,0,0.278,0.319,0.414,0.733,0.31,-0.9,-0.5,-0.1,600.1
Mark Trumbo,,6876,36,154,142,34,6,0,8,18,22,11,41,1,0,0,0.237,0.291,0.449,0.74,0.31,-0.7,-0.2,-0.1,999
Michael Hermosillo,Angels,16285,24,105,94,20,3,1,3,12,11,8,33,3,3,1,0.213,0.288,0.361,0.648,0.28,-0.2,-0.1,-0.1,999
Mark Reynolds,,7619,23,98,86,19,4,0,4,11,13,10,31,1,1,0,0.221,0.306,0.4,0.706,0.302,-0.1,-0.2,-0.1,999
Jon Jay,Diamondbacks,5227,39,128,116,31,6,1,1,14,9,7,23,3,1,0,0.268,0.322,0.345,0.666,0.291,-0.3,0,-0.1,999
Anthony Alford,Blue Jays,14329,32,140,126,27,6,0,3,15,12,10,44,2,6,2,0.216,0.284,0.337,0.621,0.27,-0.1,0.2,-0.1,599.8
Lucas Duda,,2502,26,112,99,22,5,0,5,12,16,10,33,2,0,0,0.219,0.298,0.418,0.716,0.3,-0.1,-0.3,-0.1,999
Seth Brown,Athletics,18171,39,168,154,35,7,1,5,19,20,11,50,1,2,1,0.227,0.281,0.392,0.673,0.285,0,0,-0.1,595.1
Ian Desmond,Rockies,6885,102,341,310,80,15,3,12,43,45,25,83,3,6,3,0.26,0.318,0.443,0.761,0.32,-2.7,0.1,-0.2,557.5
Josh Fuentes,Rockies,16885,45,136,127,33,7,1,4,15,16,6,35,1,1,1,0.259,0.295,0.422,0.718,0.301,0.6,-0.1,-0.2,999
Austin Jackson,,9848,16,70,63,15,3,0,1,7,6,5,20,0,1,0,0.238,0.3,0.343,0.644,0.279,-1.1,-0.1,-0.2,999
Drew Butera,,3411,31,122,109,26,6,1,3,13,13,10,29,1,1,0,0.238,0.307,0.375,0.682,0.293,-0.9,-0.1,-0.2,999
Jonathan Arauz,Red Sox,sa877498,28,119,110,24,5,1,2,12,12,7,25,1,1,1,0.223,0.276,0.352,0.629,0.27,-0.5,-0.2,-0.2,999
Adolis Garcia,Rangers,19287,44,189,176,41,9,1,8,23,25,8,57,3,4,2,0.232,0.274,0.426,0.699,0.292,0,-0.2,-0.2,599.6
Bubba Starling,Royals,13356,36,154,143,32,7,0,3,15,13,8,40,1,2,1,0.223,0.27,0.34,0.61,0.262,-0.1,0.1,-0.3,600.6
Erik Gonzalez,Pirates,13369,66,227,212,51,10,2,4,22,20,10,61,1,4,2,0.242,0.279,0.363,0.641,0.27,-0.5,-0.1,-0.3,999
Magneuris Sierra,Marlins,17023,50,157,147,36,5,2,1,14,12,7,29,1,6,3,0.246,0.283,0.333,0.616,0.265,-0.2,0.2,-0.3,600.9
Albert Pujols,Angels,1177,112,483,443,110,18,0,19,52,72,32,66,3,2,0,0.248,0.3,0.416,0.717,0.302,-1.9,-2.4,-0.3,539.1
Lewis Brinson,Marlins,14352,65,280,256,55,11,2,7,26,28,18,83,4,5,2,0.215,0.275,0.358,0.632,0.27,-0.1,0.2,-0.3,594.9
Sam Hilliard,Rockies,17954,78,336,305,74,13,3,13,40,41,26,107,2,11,5,0.243,0.303,0.428,0.731,0.308,-0.2,-0.1,-0.4,270.8
Jeff Mathis,Rangers,3448,58,230,211,42,9,0,3,18,16,16,78,1,1,0,0.197,0.255,0.28,0.534,0.233,1.3,-0.4,-0.5,999
Chris Davis,Orioles,9272,86,371,325,62,10,0,15,38,44,39,143,4,1,0,0.192,0.283,0.367,0.65,0.279,-0.3,-0.1,-0.8,592.2
