Name,Team,playerid,G,PA,AB,H,2B,3B,HR,R,RBI,BB,SO,HBP,SB,CS,AVG,OBP,SLG,OPS,wOBA,wRC+,BsR,Fld,Off,Def,WAR,ADP
Ronald Acuna Jr.,Braves,18401,150,680,593,168,29,3,37,107,94,70,166,7,29,11,0.283,0.363,0.528,0.891,0.37,127,2.9,0,27.5,-3.4,4.5,1.3
Mike Trout,Angels,10155,150,675,528,157,29,3,44,124,112,126,136,12,14,5,0.297,0.439,0.612,1.051,0.427,173,3.1,-1.7,66.3,0.6,8.8,2.3
Christian Yelich,Brewers,11477,150,672,570,174,35,4,36,112,100,86,137,7,22,7,0.305,0.4,0.569,0.969,0.398,145,3.3,0.7,43.5,-6.7,5.7,2.5
Cody Bellinger,Dodgers,15998,150,640,544,156,30,3,42,100,116,86,117,4,12,5,0.287,0.386,0.584,0.97,0.392,147,1.2,0.8,41,0.4,6,4.4
Mookie Betts,Dodgers,13611,150,688,589,165,38,3,32,112,87,82,101,6,17,5,0.28,0.371,0.516,0.887,0.369,132,4.5,12.6,33.3,5.3,5.9,6
Francisco Lindor,Indians,12916,150,692,616,178,39,2,35,112,95,60,99,6,22,7,0.289,0.355,0.532,0.887,0.365,125,0.7,7.8,22.7,15.3,6.1,8.2
Trea Turner,Nationals,16252,149,683,610,177,36,5,22,103,75,57,127,5,39,10,0.291,0.354,0.472,0.826,0.348,112,5,-2.5,15.5,5,4.1,9.3
Trevor Story,Rockies,12564,150,652,582,162,36,4,36,98,101,57,173,6,20,8,0.279,0.347,0.542,0.888,0.367,112,1.8,0.1,12.1,7.6,4,10.2
Juan Soto,Nationals,20123,150,646,534,156,30,4,34,97,106,102,122,4,9,4,0.293,0.407,0.556,0.963,0.4,146,0.1,-1.9,38.9,-9.4,4.9,11
Nolan Arenado,Rockies,9777,150,657,580,172,35,3,40,100,114,67,106,5,3,2,0.296,0.371,0.572,0.943,0.385,124,0.5,5.3,21.2,7.8,4.9,15.1
Fernando Tatis Jr.,Padres,19709,146,652,581,154,24,7,30,90,80,54,175,7,23,9,0.265,0.333,0.485,0.818,0.342,113,1.7,-2.8,12.6,4.5,3.7,15.6
Alex Bregman,Astros,17678,150,658,549,158,38,2,33,106,102,94,85,9,6,3,0.287,0.396,0.542,0.938,0.391,150,0.1,-1.8,42.2,0.9,6.4,15.8
Jose Ramirez,Indians,13510,150,648,564,157,39,3,31,96,101,72,84,5,23,8,0.278,0.362,0.523,0.885,0.366,126,3.9,2.7,25.1,5.2,5.2,16.9
Freddie Freeman,Braves,5361,150,662,568,167,36,2,33,98,103,81,126,7,6,3,0.293,0.385,0.542,0.927,0.382,135,0.5,3.4,31.1,-9.1,4.2,18.6
Anthony Rendon,Angels,12861,149,651,562,160,37,2,28,92,98,75,95,8,4,2,0.284,0.374,0.507,0.881,0.367,133,0.9,4.2,28.2,6.7,5.6,22.4
Rafael Devers,Red Sox,17350,150,640,579,174,42,3,32,95,103,49,113,4,9,5,0.3,0.356,0.547,0.903,0.371,129,1.5,-1,24.8,1.3,4.7,23.1
Bryce Harper,Phillies,11579,150,664,544,141,29,1,41,102,102,107,165,5,11,4,0.259,0.383,0.541,0.925,0.38,134,0.3,0,30.6,-7.5,4.3,23.1
J.D. Martinez,Red Sox,6184,150,649,570,172,34,2,39,101,119,69,148,4,3,1,0.302,0.378,0.577,0.955,0.391,142,-3.1,-0.4,31.7,-17.5,3.6,24
Starling Marte,Diamondbacks,9241,141,628,574,163,31,6,23,85,81,34,117,12,25,9,0.284,0.335,0.481,0.815,0.341,109,1.5,-3.2,8.8,-0.9,2.7,27.2
Aaron Judge,Yankees,15640,131,586,485,123,21,1,36,93,89,88,181,5,5,2,0.254,0.372,0.525,0.897,0.372,134,0.4,6.8,25.9,0,4.5,31.1
Gleyber Torres,Yankees,16997,144,594,531,145,25,1,33,82,94,51,123,5,6,3,0.272,0.339,0.51,0.849,0.352,121,-0.2,-8.4,15.4,-1.2,3.4,31.9
Peter Alonso,Mets,19251,150,663,573,145,27,2,44,98,105,68,167,14,2,1,0.252,0.344,0.535,0.878,0.362,128,-0.5,1.3,24.2,-11.2,3.3,33.2
Adalberto Mondesi,Royals,13769,139,607,565,143,27,8,19,77,71,31,163,3,46,13,0.254,0.293,0.431,0.724,0.303,85,4.5,4.1,-7,11,2.5,33.6
Ozzie Albies,Braves,16556,150,652,590,169,37,6,24,90,83,48,100,5,14,5,0.287,0.344,0.491,0.835,0.348,113,2.6,4.4,13.6,6.9,4,35
Austin Meadows,Rays,15672,136,603,539,147,29,5,27,84,82,49,123,6,14,6,0.272,0.338,0.493,0.831,0.345,119,0.6,-2.2,15,-8.9,2.7,36
Jonathan Villar,Marlins,10071,150,662,589,152,28,4,17,79,65,59,169,5,33,10,0.258,0.327,0.408,0.735,0.315,97,3.1,-7.2,0,-3.5,1.7,37.8
Jose Altuve,Astros,5417,149,669,597,177,34,4,24,99,92,57,99,7,12,4,0.296,0.361,0.487,0.848,0.357,127,-0.5,-4.3,22.2,-1.9,4.3,38.1
Yordan Alvarez,Astros,19556,134,568,490,135,27,1,37,88,101,68,139,4,3,1,0.276,0.366,0.557,0.923,0.377,141,-0.2,0,29.3,-15.7,3.3,39.4
Javier Baez,Cubs,12979,150,637,593,162,34,4,33,84,100,33,169,4,14,6,0.273,0.313,0.508,0.821,0.337,107,2,-1.6,7.6,5.9,3.3,39.5
Xander Bogaerts,Red Sox,12161,150,649,571,167,40,1,25,91,95,66,114,5,6,2,0.292,0.368,0.499,0.867,0.364,124,1.5,-2.5,21.1,5,4.8,43.4
Keston Hiura,Brewers,20003,144,606,549,149,32,3,29,78,91,41,160,10,12,6,0.272,0.331,0.496,0.827,0.344,110,0.2,-5.9,8.4,-3.5,2.4,44.8
Ketel Marte,Diamondbacks,13613,150,647,578,171,34,8,23,88,83,56,89,5,8,3,0.296,0.36,0.502,0.862,0.36,121,1,-0.4,19.2,2.3,4.1,45.2
Charlie Blackmon,Rockies,7859,141,645,578,170,32,6,29,99,82,49,118,8,8,3,0.295,0.357,0.521,0.878,0.365,111,0.3,-4.9,9.5,-11.9,1.8,46
J.T. Realmuto,Phillies,11739,130,557,504,136,29,2,24,71,77,39,116,7,6,2,0.27,0.329,0.478,0.808,0.337,106,1.6,4.9,6.4,15.2,4.3,49.4
George Springer,Astros,12856,144,665,570,156,27,2,34,108,88,76,132,8,8,3,0.274,0.365,0.511,0.875,0.367,133,0.7,-1.6,29.2,-0.8,5,49.9
Vladimir Guerrero Jr.,Blue Jays,19611,138,601,534,158,32,2,25,83,85,55,95,5,3,1,0.296,0.364,0.502,0.866,0.363,128,-1.6,-3.4,19.8,-5,3.5,55.6
Matt Olson,Athletics,14344,147,631,548,140,29,1,37,89,101,67,155,9,1,1,0.255,0.344,0.515,0.859,0.355,126,-0.7,5.7,20.1,-6.5,3.5,56.6
Whit Merrifield,Royals,11281,150,688,624,176,37,6,14,90,65,48,114,6,23,8,0.282,0.337,0.427,0.764,0.324,99,2.7,-4.8,1.8,-4.6,2.1,57.5
Eloy Jimenez,White Sox,17484,139,583,536,150,26,2,33,79,94,37,133,5,1,1,0.28,0.329,0.521,0.85,0.352,122,0.8,-2.5,17.3,-9.9,2.7,58.4
Kris Bryant,Cubs,15429,149,665,561,154,35,2,31,100,91,81,149,15,4,2,0.274,0.377,0.508,0.885,0.371,129,2.8,-2.2,28.6,-0.8,4.8,58.7
Giancarlo Stanton,Yankees,4949,123,541,470,126,21,1,43,89,102,60,159,6,2,1,0.268,0.355,0.59,0.945,0.385,143,-0.4,0.4,29.3,-12,3.5,59.8
Victor Robles,Nationals,18363,150,609,546,143,31,3,17,71,71,39,128,15,27,11,0.262,0.326,0.423,0.75,0.318,92,1.2,3.4,-5.1,5.6,2,61.5
Manny Machado,Padres,11493,150,664,591,161,29,3,37,93,102,63,119,4,7,3,0.272,0.344,0.519,0.863,0.356,122,-0.6,4.7,18.6,7.2,4.6,62.9
Bo Bichette,Blue Jays,19612,143,648,589,162,41,3,22,90,73,44,131,5,23,9,0.275,0.329,0.464,0.793,0.333,108,0.9,-0.7,7.2,6.4,3.6,66.1
Yoan Moncada,White Sox,17232,150,662,586,156,31,4,28,92,86,64,181,5,12,5,0.267,0.341,0.476,0.817,0.343,116,1.9,0.3,15.4,2.8,4,66.3
DJ LeMahieu,Yankees,9874,150,683,615,175,30,2,19,93,74,54,100,5,7,3,0.285,0.345,0.435,0.78,0.333,107,-0.5,2.4,5.8,4.5,3.3,70
Paul Goldschmidt,Cardinals,9218,150,663,566,155,29,2,31,91,92,84,158,6,5,2,0.273,0.369,0.495,0.864,0.362,126,1.3,1.8,24.3,-10.7,3.4,71
Tommy Pham,Padres,2967,141,630,538,146,27,3,24,89,74,76,136,7,18,6,0.272,0.366,0.467,0.833,0.353,120,1.3,1.8,17.9,-5.2,3.2,71
Anthony Rizzo,Cubs,3473,150,660,556,158,32,3,32,97,99,77,93,20,6,3,0.284,0.388,0.523,0.911,0.38,135,-2.3,3.9,28.5,-8.6,4,72.6
Max Muncy,Dodgers,13301,139,596,498,120,22,1,29,83,81,84,157,7,4,2,0.241,0.355,0.468,0.823,0.348,118,1.2,2.2,15.3,-7.2,2.7,75.8
Jose Abreu,White Sox,15676,147,651,592,163,34,1,31,86,100,41,138,12,3,1,0.276,0.332,0.498,0.83,0.344,117,-2.2,-3.1,11.8,-16.3,1.8,77.7
Ramon Laureano,Athletics,17128,133,538,483,128,28,1,21,68,71,40,135,8,13,5,0.264,0.328,0.458,0.786,0.331,109,2.1,0.7,8.6,2.8,3,77.9
Gary Sanchez,Yankees,11442,107,459,404,98,17,1,31,66,78,44,118,7,1,1,0.242,0.324,0.517,0.841,0.347,117,-0.4,-2.9,9.6,5.1,2.6,80.8
Nelson Cruz,Twins,2434,141,613,536,151,26,1,38,93,109,61,151,10,1,1,0.282,0.363,0.548,0.912,0.375,135,-3.3,0,23.8,-16.4,2.8,82.6
Eugenio Suarez,Reds,12552,149,647,559,141,24,2,35,87,97,73,168,9,3,2,0.253,0.345,0.493,0.839,0.35,113,-1.8,-2.3,9,0.1,2.9,87
Jorge Soler,Royals,14221,146,623,539,139,29,1,34,85,94,70,167,8,3,2,0.258,0.349,0.504,0.854,0.356,121,-0.5,-0.7,16.3,-16.5,2.1,88.9
Matt Chapman,Athletics,16505,150,656,571,147,35,3,34,95,97,68,153,9,3,1,0.258,0.343,0.511,0.854,0.356,126,1.4,7.5,23.4,10,5.5,89.3
Josh Donaldson,Twins,5038,144,630,526,141,30,1,35,98,101,91,147,6,4,2,0.268,0.379,0.528,0.907,0.378,137,-0.4,0.9,29.5,1.6,5.2,91.3
Joey Gallo,Rangers,14128,134,556,463,107,20,1,39,82,91,81,195,6,7,3,0.231,0.349,0.534,0.883,0.363,119,2.1,3,15.3,-5.2,2.9,91.6
Jeff McNeil,Mets,15362,144,645,581,167,36,3,20,86,71,41,86,14,9,4,0.288,0.348,0.463,0.811,0.342,116,1,-0.4,14.4,0.7,3.5,93.8
Marcus Semien,Athletics,12533,150,678,594,160,34,4,25,98,79,70,111,3,12,5,0.269,0.347,0.466,0.813,0.343,117,1.4,-4.9,16.5,2.6,4.2,96
Josh Bell,Pirates,13145,150,641,549,151,32,3,29,83,94,82,121,4,2,1,0.275,0.37,0.504,0.873,0.362,125,-2.2,-7.2,18.8,-19.7,1.9,96.1
Eddie Rosario,Twins,12155,134,578,541,154,31,2,28,79,94,29,96,2,4,2,0.284,0.321,0.502,0.823,0.34,111,2,-0.9,10.3,-7.7,2.2,96.7
Nicholas Castellanos,Reds,11737,139,618,561,153,41,2,26,83,85,44,144,6,3,1,0.273,0.33,0.494,0.824,0.343,108,-0.3,-8.4,6.5,-15.4,1.1,97.7
Tim Anderson,White Sox,15172,150,638,599,165,33,1,21,78,79,26,143,4,17,6,0.276,0.308,0.441,0.75,0.315,97,1.2,-7.9,-1.4,-0.4,2,98.7
Marcell Ozuna,Braves,10324,144,620,556,153,27,2,30,80,97,56,128,3,7,3,0.276,0.342,0.495,0.837,0.35,114,0.2,1.9,11.4,-5.3,2.5,99
Mike Moustakas,Reds,4892,144,619,556,143,27,1,36,82,97,50,109,6,3,1,0.257,0.323,0.504,0.827,0.341,107,-2.2,-4.2,3.4,-1.8,2.1,99
Yasmani Grandal,White Sox,11368,128,544,452,108,20,2,25,74,73,82,130,4,3,1,0.239,0.358,0.46,0.818,0.348,119,-3.1,0.3,10.3,7.5,4.9,99.5
Carlos Correa,Astros,14162,138,589,512,140,29,2,31,86,96,67,128,4,3,1,0.273,0.359,0.519,0.878,0.366,133,0.8,-1.1,25.4,5.5,5,107.6
Trey Mancini,Orioles,15149,150,657,588,160,31,2,30,86,90,54,148,7,1,1,0.273,0.339,0.486,0.825,0.345,114,-0.4,-4,11,-14.8,1.9,109.5
Andrew Benintendi,Red Sox,17901,146,646,565,154,38,4,18,90,77,67,126,6,13,5,0.273,0.353,0.452,0.806,0.342,109,1.2,1.5,8.5,-5.6,2.5,111.8
Oscar Mercado,Indians,16375,133,588,534,137,28,3,15,73,65,40,114,6,22,10,0.256,0.313,0.402,0.715,0.305,84,0.8,0.5,-10.9,0.4,1,112
Mitch Garver,Twins,15161,90,378,332,85,18,1,16,51,52,37,91,3,1,0,0.255,0.333,0.465,0.799,0.336,109,-0.3,-2.7,3.9,4.9,1.9,116.5
Rhys Hoskins,Phillies,16472,146,638,527,128,26,2,35,91,93,96,149,8,4,2,0.242,0.365,0.5,0.865,0.362,123,0.3,2.1,19.3,-10.1,2.9,116.6
Miguel Sano,Twins,12164,126,533,462,114,22,2,34,77,89,62,186,4,1,1,0.247,0.337,0.52,0.857,0.355,121,-1.3,-0.2,13.3,-10.4,2.1,117.9
Michael Conforto,Mets,16376,139,603,509,128,27,1,31,82,85,79,143,8,5,2,0.251,0.358,0.49,0.848,0.355,124,0.9,-0.6,19.8,-7.2,3.1,119.8
Willson Contreras,Cubs,11609,98,408,356,92,19,2,16,50,56,41,97,7,3,1,0.258,0.342,0.458,0.8,0.337,107,-1.2,-0.3,2.7,7.9,1.4,119.8
Eduardo Escobar,Diamondbacks,6153,147,639,579,149,31,6,25,78,85,48,127,5,4,2,0.257,0.317,0.463,0.78,0.325,98,0.6,0,-1,2.4,2.2,121.2
Shohei Ohtani,Angels,19755,113,486,431,121,23,3,25,70,78,46,125,4,11,5,0.281,0.352,0.525,0.877,0.364,131,0.5,0,19.5,-13.2,2.3,128.5
Amed Rosario,Mets,15518,149,621,574,158,29,6,15,69,68,33,112,4,19,8,0.276,0.318,0.424,0.742,0.313,96,1.7,-1.1,-1.3,6.3,2.4,128.7
Cavan Biggio,Blue Jays,19252,133,578,487,114,23,3,20,74,65,81,150,4,12,5,0.235,0.346,0.414,0.759,0.327,103,1.1,-0.3,3.6,-2.6,2.1,130.6
Michael Brantley,Astros,4106,136,600,541,156,33,2,20,82,84,47,70,5,5,2,0.289,0.35,0.467,0.817,0.344,118,0.1,-1.3,14.1,-9.4,2.5,131.6
Elvis Andrus,Rangers,8709,149,662,608,163,33,4,14,77,74,42,102,5,22,9,0.268,0.319,0.405,0.724,0.308,82,1.9,-3.7,-13.7,3.8,1.3,138.6
Danny Santana,Rangers,10322,123,524,484,121,24,4,18,63,64,28,145,5,17,7,0.249,0.295,0.43,0.725,0.303,78,1.3,-5.7,-13.3,-5.8,-0.1,139.3
Tommy Edman,Cardinals,19470,118,508,467,128,23,6,11,59,53,29,85,5,15,5,0.275,0.322,0.421,0.743,0.315,96,2.1,1,-0.8,-2.1,1.3,141.3
Max Kepler,Twins,12144,143,619,539,140,33,1,30,90,86,64,106,7,6,3,0.26,0.344,0.491,0.835,0.35,118,1.2,5.8,15.2,-0.4,3.6,142.4
Franmil Reyes,Indians,14566,136,572,510,133,23,1,36,81,93,52,148,3,1,1,0.26,0.33,0.518,0.848,0.35,115,-0.6,-0.5,10.3,-15.1,1.5,144.9
Kyle Schwarber,Cubs,16478,138,585,498,126,22,2,37,86,90,75,155,5,5,2,0.254,0.354,0.529,0.883,0.363,124,0.4,1.4,18.6,-5.5,3.1,146
Carlos Santana,Indians,2396,150,654,544,142,30,1,30,92,94,99,103,5,3,1,0.26,0.376,0.483,0.859,0.36,121,-0.4,0,17.4,-12.8,2.7,148.8
David Dahl,Rockies,13744,128,550,500,138,28,5,22,71,75,39,141,5,8,4,0.276,0.331,0.48,0.811,0.339,94,0.9,-3.9,-3.7,-4.7,0.9,149.6
Yuli Gurriel,Astros,19198,144,600,556,161,36,2,23,78,90,32,72,6,5,2,0.289,0.332,0.486,0.818,0.341,116,-1.6,-3.5,10.8,-15.3,1.6,150.7
Corey Seager,Dodgers,13624,133,572,508,141,35,1,22,77,76,52,104,5,2,1,0.278,0.348,0.479,0.827,0.347,117,1.5,-0.1,14.5,6.6,3.8,152
Mallex Smith,Mariners,13608,134,581,518,129,24,6,7,65,47,47,128,7,39,12,0.249,0.318,0.361,0.679,0.295,85,4,-5.1,-6.9,-4,0.9,152.6
Byron Buxton,Twins,14161,123,479,435,114,28,3,17,65,65,33,121,4,21,6,0.262,0.318,0.462,0.78,0.326,102,3.7,5.6,4.7,7.6,2.8,152.8
Will Smith,Dodgers,19197,98,397,351,79,15,1,20,47,55,35,100,6,3,1,0.225,0.304,0.441,0.745,0.313,95,0,0.7,-2.5,8.9,1.9,153.4
Yasiel Puig,,14225,86,359,321,86,16,1,16,45,52,31,75,3,9,4,0.268,0.335,0.479,0.813,0.34,110,-0.7,-0.1,4.2,-4.4,1.2,154.4
Kyle Tucker,Astros,18345,102,422,378,93,19,2,20,57,60,34,101,4,14,6,0.247,0.314,0.465,0.779,0.325,105,0.5,0.1,3.4,-4.6,1.3,155.1
Gavin Lux,Dodgers,19955,130,530,477,127,23,4,17,62,65,44,109,3,9,4,0.267,0.329,0.438,0.767,0.324,103,0.5,-0.9,2.3,1.3,2,155.4
Lourdes Gurriel Jr.,Blue Jays,19238,136,584,543,144,30,2,26,73,83,28,135,7,8,4,0.266,0.308,0.473,0.781,0.325,102,0.4,-0.5,2.1,-8,1.4,158.5
Salvador Perez,Royals,7304,128,550,515,130,26,1,27,66,82,22,110,8,2,1,0.252,0.291,0.465,0.756,0.314,93,-2.6,6.6,-7.7,12.5,1.5,160.9
Scott Kingery,Phillies,17975,136,564,516,124,27,3,17,60,64,35,150,6,14,5,0.24,0.294,0.403,0.697,0.295,79,2.2,2.1,-13.8,4.5,0.9,161.9
Jorge Polanco,Twins,13152,149,660,592,166,35,5,19,91,82,55,109,5,7,4,0.281,0.344,0.454,0.798,0.337,109,1.1,-9.2,8.8,-2,2.9,166.8
Justin Turner,Dodgers,5235,126,556,484,136,29,1,23,79,77,53,87,13,2,1,0.281,0.365,0.488,0.853,0.359,126,-0.7,-3,18.1,-0.9,3.4,171.1
Edwin Encarnacion,White Sox,2151,130,558,477,118,19,1,33,78,89,69,128,7,1,1,0.246,0.346,0.498,0.844,0.353,123,-2.6,-0.2,13.5,-14.6,1.8,173
Willie Calhoun,Rangers,17838,130,549,495,135,25,1,25,72,79,43,84,4,2,1,0.273,0.334,0.484,0.819,0.342,105,-0.3,-3.6,2.8,-11.4,1.1,173
J.D. Davis,Mets,16219,118,492,441,117,22,1,21,60,66,41,114,4,3,1,0.264,0.329,0.462,0.791,0.332,109,-0.7,-3.6,5.2,-7.1,1.4,174
Khris Davis,Athletics,9112,146,621,551,134,24,1,38,84,101,58,173,7,1,0,0.244,0.321,0.498,0.819,0.339,115,-1.9,-0.1,9.9,-17,1.4,175.6
Garrett Hampson,Rockies,19262,62,252,228,62,11,2,5,28,27,19,53,2,11,4,0.271,0.327,0.404,0.732,0.313,76,1,-0.5,-6.8,-1.5,0,175.8
Wilson Ramos,Mets,1433,99,412,373,102,18,1,15,47,55,32,65,2,1,0,0.274,0.332,0.448,0.78,0.328,106,-3.1,-1.2,0.2,7.1,1.6,176
Lorenzo Cain,Brewers,9077,139,627,555,154,29,1,15,81,62,56,108,7,18,6,0.277,0.349,0.415,0.764,0.328,100,1.5,3.2,1.5,5.5,2.7,177.1
Hunter Dozier,Royals,15117,146,621,555,140,30,7,22,73,80,55,168,4,4,2,0.252,0.322,0.446,0.768,0.323,99,-1.1,-1.9,-2,-7.2,1.2,187.6
Ryan McMahon,Rockies,15112,128,519,462,124,26,2,20,63,70,47,138,3,5,2,0.268,0.337,0.463,0.801,0.337,92,0.3,-0.7,-5,-1,1,189.3
Omar Narvaez,Brewers,13338,84,345,301,78,13,1,11,38,42,37,64,3,1,0,0.261,0.343,0.415,0.758,0.325,98,-0.6,-2.7,-1.5,4.3,0.6,190.4
Kevin Newman,Pirates,17696,131,563,517,146,26,4,9,61,53,33,73,5,17,7,0.283,0.33,0.402,0.731,0.312,92,0.3,-4.5,-5.9,1.6,1.4,192.2
Bryan Reynolds,Pirates,19326,141,618,554,160,32,4,17,77,70,50,131,6,6,3,0.288,0.35,0.454,0.804,0.341,111,0.5,-1.9,9.3,-7.1,2.2,194.6
Luke Voit,Yankees,14811,110,471,407,102,18,1,20,62,62,52,124,7,1,0,0.251,0.342,0.447,0.79,0.335,109,-0.6,-2.1,4.8,-11.7,0.9,195.7
Carson Kelly,Diamondbacks,13620,99,390,336,84,18,1,14,43,46,44,75,4,1,0,0.25,0.34,0.43,0.77,0.323,97,-0.3,0.8,-1.9,9.1,2,199.7
Jean Segura,Phillies,5933,131,588,541,156,30,3,14,74,62,33,74,6,12,4,0.288,0.334,0.433,0.767,0.325,99,1.3,0.6,0.2,3.4,2.2,200.4
Christian Vazquez,Red Sox,9774,107,426,391,103,21,1,13,49,52,26,80,3,5,2,0.263,0.312,0.419,0.731,0.308,86,-1.3,2.9,-9,10.9,2.7,200.7
Paul DeJong,Cardinals,18015,150,642,573,145,31,1,29,79,89,51,151,10,7,3,0.253,0.322,0.465,0.787,0.33,105,0.8,2.7,5.4,10.2,3.5,201.7
Christian Walker,Diamondbacks,13419,123,513,453,112,24,2,22,61,70,48,137,6,4,2,0.248,0.325,0.454,0.779,0.326,99,0.4,1.6,-0.4,-8.7,0.7,203.2
Brandon Lowe,Rays,18882,134,570,506,125,27,2,23,70,74,50,157,6,7,3,0.248,0.321,0.448,0.769,0.324,105,1.6,1.2,5.1,3,2.7,205.3
Adam Eaton,Nationals,11205,139,627,544,154,28,5,15,86,63,63,109,11,12,4,0.282,0.366,0.433,0.799,0.344,109,2,-1.2,9.3,-8.2,2.1,208.8
Didi Gregorius,Phillies,6012,134,572,527,136,25,3,23,67,79,34,84,5,5,2,0.259,0.308,0.451,0.759,0.317,93,1.6,0,-3.5,6.8,2.1,210.7
Jorge Alfaro,Marlins,12180,102,413,379,92,17,2,13,39,47,20,133,9,4,2,0.243,0.295,0.4,0.694,0.294,83,-0.9,-1.2,-10.4,7.3,1.1,212.6
Sean Murphy,Athletics,19352,90,358,322,81,17,1,14,44,46,27,76,4,2,1,0.25,0.313,0.442,0.755,0.318,100,0.3,0,0.4,7.5,1.8,214.1
Andrew McCutchen,Phillies,9847,123,554,471,122,23,2,25,78,69,71,123,6,7,3,0.259,0.359,0.477,0.836,0.353,117,-0.8,-2.2,11.5,-8.3,2,215.2
Kolten Wong,Cardinals,12532,136,550,481,128,27,3,12,59,58,49,86,13,15,6,0.267,0.347,0.409,0.756,0.323,101,2.1,1.7,2.6,4,2.4,218.4
Joc Pederson,Dodgers,11899,99,432,373,95,19,2,27,67,65,46,91,7,3,1,0.256,0.346,0.537,0.882,0.364,129,0.7,1.7,17,-3.7,2.6,218.8
Avisail Garcia,Brewers,5760,109,465,424,114,21,2,19,56,65,30,110,6,6,3,0.269,0.324,0.463,0.787,0.329,101,-0.6,-1.4,-0.3,-6.5,0.8,218.8
Justin Upton,Angels,5222,139,603,528,127,24,1,29,78,88,63,181,5,5,2,0.24,0.325,0.457,0.782,0.33,107,0.7,-3.4,6.3,-11.9,1.5,222.5
Alex Verdugo,Red Sox,17027,118,489,440,135,31,3,13,65,63,40,66,3,6,2,0.307,0.367,0.479,0.846,0.357,119,0.4,3.5,12.1,-2.4,2.6,224.1
Nick Senzel,Reds,19293,108,476,428,111,24,3,14,59,51,37,110,4,14,5,0.261,0.323,0.432,0.756,0.32,93,0.3,0.1,-4,-1,1,224.4
Francisco Mejia,Padres,16403,90,368,337,87,17,2,13,40,45,21,74,4,2,1,0.258,0.307,0.432,0.739,0.311,92,0.1,-0.6,-3.8,7,0.9,229
Brian Anderson,Marlins,18289,150,655,576,150,33,2,21,76,76,59,139,12,5,2,0.26,0.339,0.433,0.772,0.329,106,0.1,0.3,5,2.2,2.8,234
Yadier Molina,Cardinals,7007,98,409,377,99,20,1,12,43,48,23,62,5,4,2,0.263,0.311,0.411,0.722,0.306,90,-2.5,3.7,-8,11.9,1.8,234.2
Rougned Odor,Rangers,12282,134,559,502,118,25,1,28,70,77,43,152,7,13,7,0.235,0.302,0.457,0.759,0.316,87,1.5,-3,-7.9,-0.8,1.1,235.3
Tom Murphy,Mariners,13499,103,416,382,83,17,1,17,44,51,26,142,4,3,1,0.217,0.271,0.407,0.678,0.285,78,0.3,0.6,-11.3,6.6,1.4,235.9
Giovanny Urshela,Yankees,10681,126,510,472,126,25,1,17,59,65,27,92,5,2,1,0.268,0.312,0.43,0.741,0.313,94,-1.2,-1.1,-5.2,1,1.3,237.6
Eric Hosmer,Padres,3516,141,614,553,146,26,2,23,73,79,52,136,3,3,2,0.263,0.327,0.441,0.768,0.323,100,-1.3,0.8,-1,-11,0.8,239.7
Aristides Aquino,Reds,15482,62,264,243,58,11,1,15,33,42,17,75,2,3,2,0.24,0.294,0.481,0.776,0.32,93,0.1,-0.7,-2.2,-4.5,0.2,242.6
Luis Arraez,Twins,18568,130,544,490,153,28,2,6,65,57,43,46,3,6,3,0.312,0.37,0.416,0.786,0.338,110,0.9,-3.5,7.7,-1.3,2.5,244.7
Nomar Mazara,White Sox,14553,120,516,466,119,23,1,25,66,76,39,115,5,3,1,0.255,0.318,0.468,0.786,0.328,106,-0.6,-0.8,3.3,-6.8,1.4,245.8
Travis d'Arnaud,Braves,7739,85,352,319,82,17,1,14,41,46,26,71,3,1,1,0.258,0.316,0.442,0.758,0.32,94,-0.4,-0.6,-3.1,5.9,1.6,246.2
Austin Hays,Orioles,19363,112,466,433,112,23,1,20,56,62,23,100,4,8,4,0.259,0.3,0.459,0.759,0.317,94,0.4,-1.4,-2.9,0.5,1.4,248.4
Jon Berti,Marlins,12037,52,228,203,49,9,1,4,25,19,19,51,3,10,3,0.243,0.314,0.363,0.677,0.294,83,1,-0.1,-4.2,-0.7,0.2,248.7
Michael Chavis,Red Sox,17321,112,455,409,102,19,1,21,57,63,34,128,5,3,1,0.249,0.312,0.453,0.766,0.321,95,-0.3,0.6,-3.4,-2.3,1,249.2
Shin-Soo Choo,Rangers,3174,143,650,552,141,27,2,22,90,68,77,161,11,10,3,0.256,0.356,0.432,0.788,0.338,101,-0.3,-2.4,0.9,-16.2,0.8,249.9
Mark Canha,Athletics,11445,131,546,472,119,25,2,23,71,74,55,127,13,3,2,0.251,0.343,0.461,0.804,0.34,115,-0.2,-0.7,10.4,-6.7,2.2,250.9
C.J. Cron,Tigers,12546,131,551,496,130,27,1,29,71,82,37,125,11,2,1,0.262,0.325,0.496,0.82,0.341,111,-1.5,1.4,6.6,-9.9,1.6,251.4
David Peralta,Diamondbacks,2136,128,562,505,141,30,3,20,72,72,45,113,6,2,1,0.279,0.342,0.472,0.814,0.341,109,0.2,0.1,6.7,-6.1,1.8,252.8
Hunter Renfroe,Rays,15464,123,518,470,109,22,1,28,64,76,38,151,5,4,1,0.231,0.293,0.459,0.752,0.312,97,-0.3,0,-2.4,-6.5,0.9,258.2
Miguel Andujar,Yankees,15878,110,452,419,113,24,1,20,57,66,24,75,4,3,1,0.27,0.312,0.475,0.787,0.328,104,0.3,-4.3,2.5,-11.5,0.7,260.4
Shogo Akiyama,Reds,27461,104,428,377,103,18,2,12,48,48,42,82,4,7,4,0.274,0.35,0.428,0.778,0.332,101,-0.5,0,0.1,1.7,1.5,261.3
Yandy Diaz,Rays,16578,122,523,454,125,23,2,12,62,57,60,101,3,4,2,0.274,0.361,0.41,0.771,0.333,110,-0.2,-1.3,6.8,-3.8,2.1,263.7
Ryan Braun,Brewers,3410,107,456,412,111,23,1,21,59,68,34,94,5,8,3,0.268,0.329,0.487,0.815,0.339,107,-0.9,-2,3.4,-9.2,0.9,265.5
Daniel Murphy,Rockies,4316,120,508,463,134,32,2,18,64,71,36,78,3,2,1,0.288,0.341,0.483,0.824,0.344,97,-0.8,-0.8,-2.7,-10.8,0.3,266.4
Buster Posey,Giants,9166,117,508,451,124,26,1,11,55,56,47,74,6,2,1,0.275,0.347,0.41,0.758,0.324,103,-2.2,5.7,-0.5,13,3.6,266.9
Danny Jansen,Blue Jays,16535,77,301,265,66,14,1,11,36,37,26,54,5,2,1,0.25,0.326,0.432,0.758,0.322,100,0.2,0.6,0.2,7,2.2,267.4
Dansby Swanson,Braves,18314,141,585,519,131,28,3,17,67,65,54,130,4,10,4,0.252,0.325,0.416,0.741,0.313,90,1.8,-1.8,-6.1,5.2,1.8,267.4
A.J. Pollock,Dodgers,9256,93,402,364,92,20,1,16,51,53,28,85,6,7,2,0.254,0.315,0.45,0.765,0.321,100,0.9,-0.5,1.1,-3.8,1,270.4
Sam Hilliard,Rockies,17954,78,316,287,71,13,3,12,36,41,23,96,2,9,4,0.248,0.306,0.436,0.742,0.312,76,0.1,-1,-9.9,-3.9,-0.3,270.8
Randal Grichuk,Blue Jays,10243,130,548,502,123,30,3,30,72,85,34,148,5,3,1,0.245,0.298,0.5,0.798,0.329,105,0.2,-1.6,3.6,-4.2,1.8,279.2
Brendan McKay,Rays,20186,3,13,12,3,0,0,0,1,1,1,4,0,0,0,0.214,0.29,0.377,0.666,0.285,79,0,0,-0.4,-0.4,0,279.9
Nick Solak,Rangers,19294,109,458,407,109,18,2,17,55,60,40,100,6,6,2,0.268,0.339,0.445,0.784,0.333,98,0.1,-0.9,-1,-0.3,1.4,280.6
Starlin Castro,Nationals,4579,120,516,479,136,24,2,16,60,68,28,93,3,3,1,0.283,0.325,0.44,0.765,0.322,95,-0.9,-2.8,-4.4,-0.8,1.1,281.8
Wil Myers,Padres,10047,95,402,354,81,18,1,15,47,48,41,125,3,11,4,0.229,0.311,0.416,0.727,0.309,91,0.9,-0.6,-3.7,-6.1,0.3,284.9
Carter Kieboom,Nationals,19958,122,491,434,113,22,1,14,54,58,46,114,5,4,2,0.261,0.336,0.418,0.753,0.322,94,0.4,6.6,-3.2,8.8,2.1,285.6
Joey Votto,Reds,4314,147,658,548,148,30,1,22,90,76,95,121,7,4,1,0.27,0.382,0.452,0.834,0.356,117,-3.9,0,10.9,-12.2,1.9,285.8
Roberto Perez,Indians,2900,101,397,348,77,15,1,15,45,48,40,117,3,1,0,0.22,0.304,0.401,0.705,0.301,82,-1,4.2,-10.4,12.6,2.5,291.1
Dylan Carlson,Cardinals,sa917940,63,261,234,59,11,2,8,28,30,21,55,3,6,3,0.253,0.32,0.42,0.74,0.313,94,0.1,0,-1.8,0.3,0.7,292.7
Dee Gordon,Mariners,8203,75,314,295,81,11,3,3,32,26,12,47,3,14,5,0.274,0.307,0.36,0.666,0.286,79,1.5,-1.7,-6.8,-0.2,0.4,293.7
Kurt Suzuki,Nationals,8259,72,296,268,72,14,0,12,35,42,18,39,7,1,0,0.267,0.326,0.461,0.787,0.331,101,-0.9,-2.3,-0.7,3.7,0.6,296.6
Austin Riley,Braves,18360,71,290,264,66,13,1,15,35,43,20,84,3,1,1,0.25,0.306,0.474,0.78,0.323,97,0.2,-1.7,-1.1,-1.1,0.7,297.3
Niko Goodrum,Tigers,12092,136,587,526,127,28,4,17,67,65,50,161,4,12,5,0.241,0.309,0.407,0.717,0.305,87,2.1,-5.8,-7.8,-1.8,1.1,298.8
Renato Nunez,Orioles,14503,134,567,512,126,24,1,27,68,79,43,140,7,2,1,0.247,0.311,0.454,0.764,0.321,97,-0.3,0,-2.2,-14.3,0.3,301.5
Cesar Hernandez,Indians,10556,133,578,506,140,26,2,11,71,56,59,99,5,9,4,0.277,0.356,0.4,0.755,0.326,98,0.6,-1.3,-0.8,0.9,2,302.1
Gregory Polanco,Pirates,12907,126,542,480,119,27,3,21,65,69,52,123,4,9,3,0.249,0.325,0.449,0.774,0.325,100,0.5,-0.2,0.7,-6.5,1.1,303.1
Tommy La Stella,Angels,12371,89,370,332,92,17,1,11,46,44,29,47,4,2,1,0.276,0.338,0.431,0.769,0.327,106,0.1,-0.2,2.8,-3.6,1.2,304.8
Robinson Chirinos,Rangers,3142,86,339,290,65,14,1,13,40,41,36,99,9,2,1,0.225,0.327,0.416,0.743,0.319,89,-1.4,-1,-6.4,6.2,0.6,306.2
Corey Dickerson,Marlins,10762,118,507,468,127,30,4,18,59,63,29,102,4,4,2,0.272,0.317,0.463,0.78,0.324,102,-0.7,-0.8,0.9,-6.7,1,307.3
Domingo Santana,Indians,10348,89,382,332,82,17,1,15,49,50,42,119,3,5,2,0.248,0.335,0.442,0.777,0.33,101,0.4,-3.8,0.9,-9.8,0.4,319.3
Ian Happ,Cubs,17919,100,411,354,85,17,1,18,51,53,48,120,3,6,3,0.239,0.332,0.445,0.777,0.328,101,0.1,-1.2,0.6,0.1,1.4,322.3
Travis Shaw,Blue Jays,11982,107,448,385,89,19,1,20,56,60,53,112,4,3,1,0.232,0.329,0.441,0.771,0.325,102,-0.4,3.6,0.8,-2.9,1.3,327.9
Jose Peraza,Red Sox,13593,63,262,242,69,12,1,5,31,29,12,33,4,7,3,0.283,0.324,0.404,0.728,0.31,87,0.6,0,-3.7,0.8,0.6,328.7
Trent Grisham,Padres,18564,118,516,446,109,20,4,18,65,55,58,111,4,10,4,0.245,0.335,0.428,0.763,0.325,101,0.8,-0.6,1.7,0.8,1.9,338.8
Willy Adames,Rays,15986,144,572,509,130,24,2,18,65,66,52,139,3,7,3,0.256,0.326,0.415,0.742,0.316,99,1.2,-1,0.5,6.2,2.6,343.1
Kole Calhoun,Diamondbacks,11200,133,569,494,120,25,2,23,70,70,62,137,6,4,2,0.243,0.332,0.442,0.775,0.326,99,-0.1,2,-0.8,-4.7,1.3,343.1
Mike Yastrzemski,Giants,14854,138,598,531,129,28,4,18,69,62,53,155,5,7,3,0.243,0.316,0.415,0.731,0.31,93,0.8,-2.1,-4.8,-5.6,0.9,355.1
Brett Gardner,Yankees,9927,122,523,459,113,20,4,17,69,59,51,103,5,10,3,0.246,0.327,0.422,0.749,0.32,99,2.3,-0.9,1.4,-0.7,1.9,360.2
David Fletcher,Angels,17992,131,571,519,146,28,3,7,68,53,39,61,4,8,3,0.28,0.334,0.386,0.72,0.31,94,0.5,1.8,-4,2.3,1.8,360.9
Jason Castro,Angels,8722,90,354,307,67,15,1,12,40,41,38,110,4,1,1,0.22,0.312,0.387,0.699,0.301,88,-0.9,1.2,-6.3,8.7,1.9,375.2
Jonathan Schoop,Tigers,11265,134,550,509,134,28,2,26,67,79,26,125,8,2,1,0.262,0.306,0.478,0.784,0.326,101,-0.9,-4.2,-0.1,-2.4,1.6,376
Yoshitomo Tsutsugo,Rays,27459,110,455,386,97,18,1,21,60,61,60,116,3,1,1,0.251,0.353,0.468,0.822,0.346,119,0,0,11.2,-10.9,1.6,376.7
Brandon Nimmo,Mets,12927,113,488,400,93,20,3,14,60,48,71,131,10,7,3,0.232,0.358,0.4,0.758,0.33,107,1,-5.1,5.6,-4.3,1.7,377.8
Kevin Kiermaier,Rays,11038,113,474,428,103,19,5,14,54,53,34,109,6,15,6,0.24,0.302,0.411,0.713,0.301,89,2.2,5.1,-4.3,7,1.9,381
James McCann,White Sox,12859,48,196,178,42,8,0,6,21,23,13,54,2,1,1,0.238,0.298,0.391,0.689,0.294,83,-0.6,1.4,-4.9,3.2,0.3,384.5
Kyle Seager,Mariners,9785,139,586,525,127,28,1,25,68,77,49,119,6,3,1,0.243,0.312,0.446,0.758,0.319,101,-0.8,1.3,0.4,3.6,2.4,387.5
Kevin Pillar,Red Sox,12434,71,295,275,75,18,1,9,35,38,12,47,4,6,2,0.273,0.31,0.44,0.75,0.314,90,1.1,2.4,-2.7,0.4,0.8,392.6
Jesus Aguilar,Marlins,11342,94,390,342,83,16,1,17,45,51,39,96,4,1,0,0.243,0.325,0.442,0.767,0.324,103,-0.8,0.5,0.7,-7.3,0.6,394
Teoscar Hernandez,Blue Jays,13066,125,523,466,107,23,3,24,64,68,46,161,4,7,3,0.23,0.303,0.444,0.746,0.313,94,0.2,-3.5,-3.8,-11.1,0.3,401.4
Jurickson Profar,Padres,10815,123,503,440,108,23,2,17,56,60,48,75,8,7,3,0.244,0.327,0.423,0.75,0.319,98,0.6,-1.5,-0.9,0.2,1.5,405.2
Anthony Santander,Orioles,14551,131,561,520,136,29,2,23,66,75,30,112,4,5,2,0.262,0.306,0.455,0.761,0.318,96,0.5,-0.4,-2.7,-6,1.1,413
Luis Urias,Brewers,16622,117,467,409,103,20,2,12,49,52,44,96,7,4,2,0.252,0.333,0.404,0.736,0.316,92,-0.2,-1.6,-5.1,4.1,1.4,413.2
Mitch Haniger,Mariners,14274,76,339,296,74,16,1,13,43,40,34,84,5,4,1,0.249,0.334,0.445,0.779,0.33,109,-0.3,0,3.7,-4.7,1.1,425
Tucker Barnhart,Reds,10200,83,334,292,70,15,1,8,34,34,35,69,2,2,1,0.238,0.321,0.377,0.698,0.298,79,-1.5,2.8,-10.9,9.7,0.8,427.8
Austin Romine,Tigers,5491,78,306,282,73,16,1,9,34,36,17,67,2,2,1,0.258,0.304,0.419,0.723,0.306,88,-0.7,-0.2,-5.5,6.4,1.2,434.5
Matt Carpenter,Cardinals,8090,122,540,450,107,26,2,21,73,59,76,135,6,5,2,0.237,0.352,0.442,0.794,0.338,110,-0.2,-5.7,7.3,-4,2,437
Mike Tauchman,Yankees,15274,84,333,295,73,15,2,9,39,37,31,74,2,6,3,0.247,0.321,0.399,0.72,0.308,91,0.1,1.4,-3.8,-1.9,0.6,437.1
Andrelton Simmons,Angels,10847,133,561,514,143,28,2,11,63,64,37,53,4,10,4,0.278,0.328,0.404,0.732,0.313,96,-0.3,9,-3.3,15.7,3.1,442.6
Howie Kendrick,Nationals,4229,80,334,303,93,19,1,11,43,46,23,54,4,3,1,0.308,0.362,0.483,0.845,0.356,117,-0.7,-0.8,6.7,-4.2,1.3,445.9
Jarrod Dyson,Pirates,4866,86,367,325,78,13,2,6,39,31,33,66,4,19,5,0.239,0.315,0.347,0.661,0.289,77,2.6,1.9,-8.8,3.3,0.6,448.3
Nick Ahmed,Diamondbacks,12147,144,580,525,128,28,4,17,59,68,44,111,4,7,3,0.244,0.304,0.412,0.717,0.303,84,0.6,0.1,-11.8,7.3,1.4,449.5
Freddy Galvis,Reds,6609,136,572,527,127,25,2,16,59,62,34,132,3,6,2,0.241,0.289,0.388,0.676,0.287,71,0.4,-1.7,-21.3,5.1,0.2,450.7
Yoenis Cespedes,Mets,13110,65,285,256,65,13,1,15,38,41,24,73,3,2,1,0.255,0.323,0.491,0.814,0.337,112,0.2,-0.8,4.7,-4.8,0.9,451.8
Robinson Cano,Mets,3269,117,509,463,126,28,1,18,61,66,35,82,5,1,0,0.271,0.327,0.449,0.776,0.326,105,-1.9,-1.6,1.2,0.3,1.7,461.2
Hanser Alberto,Orioles,11902,134,569,537,154,26,2,12,62,59,19,56,5,5,3,0.288,0.316,0.412,0.728,0.308,89,-0.3,0.4,-8.6,2.8,1.4,466.2
Franchy Cordero,Padres,14567,96,402,365,82,15,3,12,41,44,28,135,3,7,3,0.225,0.284,0.383,0.667,0.284,75,1,-0.2,-12.5,-4.5,-0.4,467.9
Nathaniel Lowe,Rays,19566,15,60,53,14,3,0,2,7,8,6,14,0,0,0,0.263,0.345,0.458,0.803,0.339,115,0.1,0,1.2,-1.4,0.2,469.3
Harrison Bader,Cardinals,18030,96,382,335,80,15,2,13,41,44,33,108,7,9,4,0.238,0.318,0.408,0.727,0.308,91,1.2,5.2,-3.2,5.9,1.5,475.6
Mauricio Dubon,Giants,16530,118,483,449,120,23,1,12,48,51,23,76,3,11,5,0.266,0.305,0.404,0.709,0.3,87,0.3,-0.5,-8.3,2.2,0.9,481.6
Miguel Cabrera,Tigers,1744,130,568,504,140,26,1,18,67,72,54,117,4,1,0,0.278,0.35,0.443,0.793,0.336,108,-4.3,0,1.4,-15,0.6,482.6
Ender Inciarte,Braves,4922,102,438,391,104,19,3,8,50,41,36,67,4,13,5,0.265,0.33,0.387,0.718,0.308,87,1.9,1,-5.8,1.8,1,483.5
Jesse Winker,Reds,13590,104,448,387,109,20,2,16,58,53,50,72,5,3,1,0.281,0.369,0.462,0.831,0.352,114,-0.9,-3.9,7.6,-9.3,1.3,483.7
Manuel Margot,Rays,14712,86,359,325,81,16,3,9,42,38,27,68,2,12,5,0.25,0.31,0.404,0.715,0.303,91,0.8,4,-3.5,2.7,1.2,486
Garrett Cooper,Marlins,15279,80,346,312,82,17,1,10,38,39,26,86,3,1,0,0.264,0.325,0.425,0.75,0.319,99,-0.5,0.5,-0.9,-5.2,0.5,486.7
Victor Reyes,Tigers,15487,89,383,358,98,18,3,7,43,38,17,73,2,11,4,0.273,0.308,0.4,0.708,0.3,84,0.3,3.3,-7.5,0.2,0.6,488
Kyle Lewis,Mariners,19508,109,460,418,98,20,1,15,47,52,34,133,3,2,1,0.234,0.293,0.393,0.686,0.292,83,0.5,-0.2,-9.4,-5.7,0.1,488.6
Jose Martinez,Rays,7996,57,238,213,57,10,1,7,28,29,21,51,1,2,1,0.27,0.338,0.427,0.766,0.326,106,-0.2,-0.2,1.8,-6.4,0.4,488.9
Maikel Franco,Royals,12179,120,481,433,116,24,1,21,59,66,40,67,2,1,0,0.268,0.331,0.474,0.804,0.328,102,-1.3,-2.7,-0.2,-2,1.4,489.3
Nico Hoerner,Cubs,21479,76,306,282,77,14,3,7,32,35,17,39,3,4,2,0.273,0.319,0.416,0.735,0.311,90,0.3,2.3,-3.7,3.7,1,492
Delino DeShields,Indians,11379,42,178,156,36,7,1,3,20,15,18,44,1,9,3,0.232,0.313,0.338,0.651,0.286,71,1.3,-0.2,-5.2,0.5,0.2,493.1
Victor Caratini,Cubs,14968,63,257,228,60,12,1,7,29,30,22,53,3,1,0,0.263,0.334,0.421,0.755,0.323,98,-0.1,-0.3,-1,2.2,1,494.9
Stephen Piscotty,Athletics,13367,100,418,372,98,23,1,17,52,56,36,88,5,2,1,0.262,0.334,0.463,0.797,0.336,113,-0.7,-1.6,6,-6.9,1.4,497.5
Eric Thames,Nationals,3711,104,431,372,88,19,2,19,54,56,47,131,6,4,2,0.237,0.33,0.448,0.779,0.327,98,0.2,-1.7,-0.9,-10.2,0.3,499
Justin Smoak,Brewers,9054,104,448,378,91,18,0,23,59,65,62,106,4,1,0,0.24,0.35,0.473,0.822,0.346,112,-2.2,-0.5,4.8,-9.4,1,500.7
Pedro Severino,Orioles,14523,68,274,247,60,11,1,9,29,31,20,58,3,2,1,0.245,0.307,0.402,0.708,0.301,84,-0.3,-0.2,-5.8,5.4,0.5,500.7
Shed Long,Mariners,16542,120,502,452,112,21,3,15,57,53,40,122,4,9,4,0.248,0.311,0.407,0.718,0.306,93,0.9,-0.7,-3.9,0.8,1.4,501.7
Marwin Gonzalez,Twins,5497,112,461,414,112,24,1,16,57,60,37,98,5,2,1,0.27,0.334,0.445,0.779,0.329,104,-0.5,-0.7,1.7,-4.3,1.3,504.4
Chance Sisco,Orioles,15694,72,291,254,60,11,0,10,33,33,26,81,7,1,1,0.238,0.325,0.401,0.725,0.313,92,-0.1,-0.7,-3.1,5.4,0.4,507.1
Asdrubal Cabrera,Nationals,4962,64,270,241,64,14,1,9,32,34,24,54,2,1,1,0.265,0.334,0.439,0.772,0.327,98,-1.2,-0.4,-1.9,-0.9,0.6,508.2
Tyler O'Neill,Cardinals,15711,106,430,390,93,16,1,21,50,60,32,136,3,4,2,0.238,0.298,0.45,0.747,0.313,94,0.7,1.5,-2.7,-4.3,0.7,510.9
Mike Zunino,Rays,13265,99,389,348,71,14,1,17,43,47,31,134,5,1,1,0.204,0.276,0.396,0.672,0.285,78,-0.4,2.2,-11.3,10.5,1.9,511.5
Chris Taylor,Dodgers,13757,70,298,264,64,16,2,8,35,32,27,83,3,4,2,0.244,0.318,0.406,0.724,0.309,92,1,-0.9,-2,-2,0.5,511.6
Alec Bohm,Phillies,sa3007284,53,221,199,53,10,1,8,26,28,17,38,2,2,1,0.265,0.325,0.452,0.777,0.327,100,0.2,0,0.1,0.9,0.8,512.8
Willians Astudillo,Twins,15608,20,83,78,23,4,0,3,10,11,3,5,1,1,0,0.296,0.326,0.46,0.786,0.33,105,-0.1,0,0.4,0,0.3,514.2
Brendan Rodgers,Rockies,17907,36,144,133,37,7,1,5,16,19,8,30,2,1,1,0.28,0.327,0.453,0.78,0.328,87,0.1,-0.1,-2.4,0.6,0.3,516.9
Yan Gomes,Nationals,9627,66,262,234,56,12,0,9,28,32,20,67,4,1,0,0.238,0.307,0.412,0.719,0.302,82,-0.4,1.4,-6.7,7,0.9,522.2
Clint Frazier,Yankees,15983,47,192,174,43,10,1,8,24,26,14,49,2,2,1,0.247,0.31,0.445,0.755,0.317,97,-0.1,-1.4,-0.9,-3.8,0.2,527.2
Jackie Bradley Jr.,Red Sox,12984,136,532,464,111,27,3,18,67,66,51,139,9,10,4,0.24,0.325,0.427,0.752,0.318,93,1.8,0.8,-3,3.1,1.8,528.5
Jacob Stallings,Pirates,13723,80,316,287,75,16,1,7,30,33,20,61,4,1,1,0.262,0.317,0.394,0.711,0.301,85,0,0.2,-6.5,6.9,1.7,529.1
Evan Longoria,Giants,9368,125,537,489,124,26,3,20,60,69,37,113,6,3,1,0.253,0.31,0.439,0.749,0.315,96,-0.4,-0.7,-3.1,1.4,1.5,531.5
Josh Rojas,Diamondbacks,19734,28,116,103,27,6,1,3,14,13,10,23,1,5,2,0.265,0.335,0.427,0.762,0.324,98,0,0.3,-0.3,-0.8,0.3,534.6
Albert Pujols,Angels,1177,112,478,437,110,18,0,20,57,68,34,70,3,2,1,0.252,0.308,0.435,0.744,0.313,96,-3.4,-2.1,-5.9,-11.7,-0.1,539.1
Adam Frazier,Pirates,15223,130,561,502,139,29,5,10,64,53,43,75,7,7,4,0.277,0.341,0.413,0.753,0.321,98,1,-1.4,-0.5,0.8,1.8,539.2
Daniel Vogelbach,Mariners,14130,102,427,357,83,15,0,19,52,54,63,105,3,1,0,0.232,0.349,0.436,0.785,0.335,113,-0.4,0.1,6.5,-11.5,1,539.3
Todd Frazier,Rangers,785,125,515,447,108,21,2,23,64,69,52,112,10,4,2,0.242,0.332,0.452,0.784,0.331,97,-0.7,0.2,-2.6,-0.7,1.4,539.6
Jason Heyward,Cubs,4940,118,494,433,113,21,3,14,57,56,51,83,4,6,2,0.261,0.342,0.419,0.761,0.324,98,1.3,4.3,0.3,-0.8,1.5,539.7
Stephen Vogt,Diamondbacks,5000,64,262,237,58,14,1,10,30,34,20,59,2,2,1,0.246,0.305,0.439,0.744,0.312,90,-0.5,-1,-4,0.6,0.3,540.7
Reese McGuire,Blue Jays,15674,71,280,252,61,13,1,8,30,30,21,55,3,3,1,0.242,0.304,0.388,0.692,0.295,82,0.1,-0.6,-6.3,5.3,1.3,541.9
Tony Wolters,Rockies,11470,90,354,308,77,16,2,5,34,33,35,63,5,2,1,0.251,0.334,0.361,0.695,0.3,68,0,2.4,-14.8,9.9,0.4,546
Brandon Belt,Giants,10264,126,551,467,118,28,3,18,68,63,74,121,4,4,2,0.253,0.358,0.441,0.799,0.34,113,-0.1,3.8,9.1,-6.7,2,546.3
Jake Fraley,Mariners,19260,66,267,244,59,13,2,7,28,29,16,63,3,8,3,0.243,0.297,0.401,0.698,0.295,85,0.2,-0.1,-4.8,-2.7,0.2,546.3
Rowdy Tellez,Blue Jays,15679,65,270,243,61,14,0,12,33,38,22,67,3,2,1,0.251,0.317,0.463,0.78,0.326,103,0,0.4,0.8,-5.7,0.5,547.2
Raimel Tapia,Rockies,14350,72,296,275,76,15,3,6,33,33,15,63,1,7,3,0.278,0.317,0.419,0.736,0.311,76,0.4,-2.4,-9.1,-4.9,-0.4,547.3
Colin Moran,Pirates,16909,118,485,439,118,23,1,14,51,58,36,103,4,2,1,0.268,0.327,0.424,0.751,0.317,95,-1.2,-6.4,-4.3,-4.9,0.6,547.7
Tyler Flowers,Braves,9134,62,248,215,50,9,1,8,26,28,23,73,6,1,0,0.232,0.323,0.392,0.714,0.307,86,-0.6,-2.1,-5.3,3.1,1.5,551.7
Ji-Man Choi,Rays,5452,110,471,402,100,21,2,18,59,60,58,117,5,3,1,0.248,0.347,0.443,0.79,0.336,112,0,-0.3,7.5,-9.8,1.4,552
Adam Haseley,Phillies,19878,107,423,382,97,19,1,12,43,48,29,88,5,5,2,0.255,0.314,0.404,0.718,0.305,86,0.4,0.9,-7.6,2.4,0.8,552
Leury Garcia,White Sox,5913,96,427,397,104,18,2,8,49,38,18,98,6,10,4,0.261,0.301,0.375,0.675,0.289,80,1,0.1,-10.2,-0.9,0.4,552.4
J.P. Crawford,Mariners,15491,143,610,528,123,26,4,14,67,58,68,129,6,8,3,0.233,0.325,0.373,0.698,0.303,91,0.6,-0.6,-6.5,6.5,2.1,552.9
Steven Souza Jr.,Cubs,5667,77,328,285,68,13,2,15,42,44,36,95,4,5,2,0.239,0.329,0.451,0.78,0.33,102,0.8,-1.4,1.7,-6.6,0.6,553.6
Aaron Hicks,Yankees,5297,52,224,191,46,9,1,9,30,29,29,51,2,3,1,0.24,0.342,0.439,0.781,0.333,107,0.6,-0.4,2.7,0.5,1.1,556.1
Isan Diaz,Marlins,17922,126,537,474,111,20,3,18,58,58,51,136,5,7,3,0.233,0.312,0.399,0.711,0.303,89,-0.3,-5.4,-8,-3.3,0.6,556.1
Jose Iglesias,Orioles,10231,138,551,513,138,28,3,10,55,56,26,70,5,9,4,0.268,0.308,0.389,0.696,0.296,80,0.1,2.7,-13.7,9.6,1.5,556.2
Ian Desmond,Rockies,6885,79,322,292,77,15,2,12,38,43,24,80,3,6,2,0.263,0.322,0.455,0.777,0.327,86,0.2,-1.4,-5.9,-5.1,-0.1,557.5
Dominic Smith,Mets,15653,50,204,184,45,10,0,7,23,25,15,48,2,1,1,0.243,0.305,0.42,0.724,0.306,92,-0.1,-0.7,-2.2,-5,-0.1,557.9
Nicky Lopez,Royals,19339,126,519,472,129,24,3,6,55,49,36,56,4,9,4,0.272,0.327,0.378,0.704,0.304,86,0.1,1.7,-9.3,4.2,1.3,558.3
Nick Markakis,Braves,5930,79,334,296,84,18,1,8,39,41,32,48,2,1,0,0.282,0.355,0.429,0.783,0.334,103,-1,-2.1,0.4,-7.2,0.4,558.5
Franklin Barreto,Athletics,15519,70,282,256,61,12,2,10,33,34,19,85,3,5,2,0.238,0.297,0.415,0.712,0.301,89,0.5,0,-3.5,1.3,0.8,559.6
Scooter Gennett,,10339,36,151,139,36,7,0,4,17,18,9,33,1,1,0,0.261,0.31,0.418,0.728,0.308,89,-0.1,-1.6,-2.3,-1,0.2,560.5
Jake Lamb,Diamondbacks,13329,70,294,251,59,13,2,11,35,37,36,77,4,2,1,0.234,0.335,0.432,0.768,0.326,99,0.6,-0.5,0.2,-4.7,0.5,561.8
Martin Maldonado,Astros,6887,86,333,299,66,14,1,10,37,38,21,83,7,1,0,0.221,0.286,0.375,0.661,0.283,77,-1,2.5,-11,9.7,1.4,562.2
Johan Camargo,Braves,14950,93,372,337,91,20,1,12,42,47,27,72,3,2,1,0.269,0.326,0.44,0.766,0.322,96,-0.1,1.8,-2.1,2.6,1.2,562.6
JaCoby Jones,Tigers,14818,125,512,460,107,23,4,15,58,54,36,150,8,11,4,0.234,0.299,0.397,0.696,0.295,81,1,-3.9,-11.6,-1.9,0.5,562.7
Enrique Hernandez,Dodgers,10472,64,266,234,58,12,1,11,33,34,26,54,2,2,1,0.246,0.325,0.445,0.769,0.323,102,0.6,0.1,1.2,-1.6,0.8,563.7
Jake Bauers,Indians,15194,49,200,173,42,10,0,7,24,24,23,49,2,4,2,0.242,0.333,0.416,0.749,0.321,95,0.4,0,-0.8,-2.9,0.3,563.7
Dexter Fowler,Cardinals,4062,126,541,462,109,23,2,16,63,56,66,131,6,8,3,0.235,0.336,0.399,0.736,0.317,97,0.8,-3.2,-1.3,-8.7,0.7,568.6
Roman Quinn,Phillies,13546,64,255,228,55,10,3,6,27,26,21,68,2,11,4,0.241,0.309,0.38,0.689,0.296,79,0.7,-1.6,-6.2,-2.3,0,569.2
Jarred Kelenic,Mariners,sa3007741,0,1,1,0,0,0,0,0,0,0,0,0,0,0,0.245,0.299,0.421,0.72,0.304,92,0,0,0,0,0,569.4
Josh Reddick,Astros,3892,92,379,343,92,15,2,12,47,48,30,55,1,4,1,0.267,0.326,0.429,0.755,0.319,101,0.4,-1,1.1,-5.4,0.9,569.7
Brian Goodwin,Angels,12858,91,377,338,78,17,1,12,43,43,31,108,3,6,2,0.231,0.299,0.394,0.693,0.295,84,0.2,-0.8,-7.6,-5.1,0.1,570.3
Joey Wendle,Rays,13853,73,305,280,72,16,2,5,32,30,17,59,5,7,3,0.257,0.308,0.38,0.688,0.294,85,0.5,1.1,-5.6,2.6,0.8,570.4
Elias Diaz,Rockies,11680,15,60,55,16,3,0,1,6,7,4,11,0,0,0,0.285,0.336,0.424,0.761,0.324,84,-0.1,-0.3,-1.4,1,0,572.2
Mitch Moreland,Red Sox,3086,110,463,410,103,24,2,21,60,67,44,108,3,2,1,0.251,0.326,0.469,0.795,0.333,103,-1.6,0.7,0.2,-8.8,0.8,572.5
Eric Sogard,Brewers,7927,75,325,285,73,14,1,7,38,30,32,51,3,4,2,0.256,0.335,0.386,0.721,0.31,88,0.3,-0.2,-4.8,0.8,0.6,572.5
Orlando Arcia,Brewers,13185,47,185,168,42,8,1,5,18,21,13,36,1,3,1,0.25,0.307,0.392,0.699,0.295,78,0.2,0.2,-5.1,0.7,0.2,572.5
Myles Straw,Astros,17620,34,137,121,32,5,1,1,16,12,13,26,1,7,2,0.261,0.335,0.34,0.675,0.297,86,0.5,0.1,-1.8,0.5,0.3,572.9
David Bote,Cubs,14593,66,263,230,56,11,1,8,29,30,25,68,4,3,1,0.241,0.323,0.403,0.725,0.309,89,0.4,-1,-3.6,-2.1,0.3,573.7
Miguel Rojas,Marlins,7802,117,492,449,123,25,1,8,49,45,30,62,6,7,3,0.274,0.325,0.387,0.712,0.305,90,-1.2,1.4,-7.7,6.8,1.5,573.8
Austin Allen,Athletics,18083,50,199,182,44,10,0,6,22,23,12,45,2,1,0,0.242,0.295,0.401,0.695,0.292,83,0.1,-0.6,-4.2,3.2,0.5,575.2
Austin Nola,Mariners,15941,97,407,364,88,18,1,9,40,41,33,89,5,3,1,0.242,0.31,0.368,0.678,0.293,84,0.2,0.3,-8.2,-1.9,0.4,575.5
Cameron Maybin,Tigers,5223,109,439,384,98,21,1,10,49,45,46,100,3,14,5,0.256,0.337,0.394,0.731,0.316,95,0.6,-0.3,-2.4,-5,0.8,575.6
Cristian Pache,Braves,sa916722,6,27,25,6,1,0,1,3,3,2,6,0,0,0,0.253,0.298,0.39,0.688,0.292,76,0,0,-0.8,0,0,576.4
Jeimer Candelario,Tigers,13621,104,452,393,96,22,3,15,55,51,47,110,6,3,1,0.243,0.331,0.425,0.756,0.322,99,0.5,0.4,-0.1,-0.1,1.5,576.8
Greg Bird,,14131,28,113,98,23,5,0,5,14,15,13,29,1,1,0,0.234,0.326,0.449,0.775,0.327,94,0,0.4,-0.9,-1.9,0.1,578
Wilmer Flores,Giants,5827,79,327,299,84,18,1,12,38,43,20,39,4,1,0,0.281,0.332,0.463,0.794,0.334,109,-1.1,-2,2.7,-4.5,0.9,578.5
Hunter Pence,Giants,8252,88,368,335,87,16,2,12,40,45,26,87,3,4,2,0.26,0.315,0.428,0.743,0.314,96,0,-1.8,-1.9,-7.3,0.3,579.2
Alex Gordon,Royals,5209,118,505,446,115,23,1,14,58,57,42,97,11,5,2,0.258,0.334,0.407,0.741,0.317,95,-0.9,3.3,-4.4,-2.6,1.1,579.3
Austin Hedges,Padres,12976,57,226,205,44,8,1,9,22,27,15,66,2,1,0,0.213,0.272,0.392,0.664,0.278,71,-0.2,0.3,-8.8,5.1,1.3,579.5
Billy Hamilton,,10199,45,183,164,37,6,2,1,17,14,15,43,1,11,3,0.227,0.293,0.31,0.604,0.265,64,1.9,1.7,-6.9,2.5,0.1,579.8
Welington Castillo,Nationals,3256,9,37,34,8,2,0,2,4,5,2,10,0,0,0,0.244,0.296,0.424,0.72,0.304,83,-0.2,0,-1,0.8,0,581.8
Christin Stewart,Tigers,17714,105,452,397,98,19,2,17,54,56,45,108,5,1,1,0.245,0.327,0.434,0.761,0.322,98,-0.5,-4,-1.4,-10.3,0.4,582.8
Alex Dickerson,Giants,12649,101,419,377,103,21,4,13,47,52,32,88,5,3,1,0.273,0.336,0.449,0.785,0.33,106,-0.2,-3,3.2,-8.5,0.8,583.4
Manny Pina,Brewers,2829,62,248,224,55,11,1,7,26,29,17,58,3,1,0,0.245,0.307,0.401,0.708,0.301,82,-0.7,1.4,-6.6,6.6,1.2,584.4
Mike Ford,Yankees,15585,40,163,142,36,7,0,9,22,24,17,31,2,1,0,0.255,0.34,0.487,0.827,0.345,116,0.1,-0.3,3.3,-3.7,0.5,584.8
Brandon Crawford,Giants,5343,133,546,488,121,27,2,13,54,59,48,115,4,4,2,0.248,0.318,0.394,0.712,0.302,88,-0.2,2.3,-9.1,8.9,1.7,586.1
Kevin Cron,Diamondbacks,16211,8,33,29,7,1,0,2,4,5,3,9,0,0,0,0.247,0.316,0.484,0.8,0.332,103,0,0.1,0.1,-0.7,0,586.6
Randy Arozarena,Rays,19290,11,46,41,10,2,0,1,5,5,3,10,1,2,1,0.256,0.322,0.41,0.731,0.312,97,0,0.3,-0.2,-0.2,0.1,586.8
Matt Wieters,Cardinals,4298,41,162,146,34,6,0,6,17,19,13,36,1,1,0,0.234,0.3,0.401,0.701,0.297,84,-0.5,0.8,-4,4.2,0.1,587.1
Matt Beaty,Dodgers,17710,40,161,147,40,9,0,5,19,20,10,23,2,2,1,0.274,0.327,0.442,0.768,0.324,102,0,-0.8,0.4,-4,0.2,588.1
Brian Dozier,Padres,9810,48,204,177,40,9,0,8,24,24,22,45,2,3,1,0.228,0.319,0.422,0.741,0.315,95,0.2,-0.4,-1.2,-1.5,0.4,588.3
Jason Kipnis,,9776,58,247,221,54,13,1,7,28,28,21,47,2,3,1,0.246,0.315,0.406,0.722,0.308,88,0.3,-0.3,-3.7,0.2,0.4,588.6
Drew Waters,Braves,sa3004378,0,1,1,0,0,0,0,0,0,0,0,0,0,0,0.257,0.303,0.394,0.697,0.296,79,0,0,0,0,0,589.3
Derek Fisher,Blue Jays,16192,83,336,293,67,13,1,13,41,39,35,106,3,8,3,0.229,0.314,0.417,0.731,0.311,93,0.3,0.6,-2.8,-3.6,0.5,589.4
Jay Bruce,Phillies,9892,61,257,231,54,12,1,14,32,39,21,63,1,1,1,0.234,0.3,0.474,0.774,0.321,96,-0.4,-1.2,-1.8,-6.1,0,591.4
Lane Thomas,Cardinals,16939,46,185,167,41,8,1,6,21,22,14,48,2,5,2,0.244,0.308,0.418,0.726,0.308,91,0.1,0.7,-2.1,-2.4,0.1,591.8
Chris Davis,Orioles,9272,86,352,308,61,10,0,16,38,42,37,134,4,1,0,0.197,0.288,0.389,0.677,0.288,75,-0.2,-0.6,-11.3,-7.7,-0.6,592.2
Alex Avila,Twins,7476,51,205,169,36,7,0,7,25,23,32,68,1,1,0,0.214,0.342,0.38,0.723,0.31,91,-0.8,1.4,-3.1,5.4,1.1,592.5
Josh VanMeter,Reds,15170,13,55,49,12,3,0,2,7,6,5,11,0,1,1,0.25,0.322,0.427,0.749,0.317,92,0,0.1,-0.6,-0.6,0.1,592.5
Jared Oliva,Pirates,sa915844,0,1,1,0,0,0,0,0,0,0,0,0,0,0,0.254,0.31,0.375,0.685,0.295,81,0,0,0,0,0,592.5
Jordan Luplow,Indians,16424,68,282,247,62,13,1,11,36,38,29,64,3,4,2,0.25,0.334,0.45,0.784,0.331,102,0,1,0.7,-3.3,0.7,592.8
Chad Pinder,Athletics,15191,39,161,146,37,8,0,6,19,20,10,41,2,1,0,0.25,0.307,0.428,0.735,0.31,95,-0.2,0.8,-1.1,-0.9,0.4,592.8
Ty France,Padres,17982,8,34,31,8,2,0,1,4,4,2,7,1,0,0,0.26,0.323,0.446,0.769,0.325,101,0,0.1,0,-0.4,0.1,593.4
Aledmys Diaz,Astros,15937,42,170,154,40,9,1,6,21,22,12,26,2,1,1,0.261,0.319,0.442,0.762,0.32,102,-0.3,-0.5,0.1,-0.6,0.5,593.7
Cole Tucker,Pirates,17326,15,58,52,13,2,1,1,5,6,4,12,0,2,1,0.248,0.309,0.372,0.681,0.292,79,0.1,0.1,-1.5,0.8,0.1,594.2
Julio Rodriguez,Mariners,sa3005720,0,1,1,0,0,0,0,0,0,0,0,0,0,0,0.229,0.272,0.357,0.628,0.268,67,0,0,0,0,0,594.2
Ryan O'Hearn,Royals,16442,102,419,370,87,19,2,17,49,53,41,112,3,1,1,0.235,0.314,0.435,0.749,0.316,94,-0.3,-0.5,-3.6,-9,0.2,594.3
Nick Heath,Royals,sa918355,3,13,12,3,0,0,0,1,1,1,4,0,1,0,0.227,0.294,0.33,0.624,0.272,64,0,0,-0.6,0.1,0,594.5
Rio Ruiz,Orioles,14103,97,395,353,88,16,2,12,43,45,35,85,2,2,1,0.249,0.317,0.406,0.724,0.309,89,-0.3,0.5,-5.7,2.1,1,594.8
Lewis Brinson,Marlins,14352,65,260,237,51,10,2,7,23,26,16,78,4,4,2,0.217,0.276,0.362,0.639,0.272,69,0.1,-0.2,-10.7,-0.7,-0.3,594.9
Jonathan Lucroy,Red Sox,7870,15,60,54,14,3,0,1,7,7,5,9,1,0,0,0.262,0.326,0.403,0.73,0.312,88,-0.3,0.2,-1.2,1.4,0.2,595.1
Seth Brown,Athletics,18171,39,160,146,34,7,1,5,17,19,11,45,1,1,1,0.232,0.287,0.401,0.688,0.291,82,0,0.3,-3.7,-2.5,-0.1,595.1
Andrew Vaughn,White Sox,sa3011226,0,1,1,0,0,0,0,0,0,0,0,0,0,0,0.211,0.27,0.338,0.609,0.263,62,0,0,0,0,0,595.3
Bradley Zimmer,Indians,16221,21,85,76,17,4,0,2,10,9,7,27,1,2,1,0.23,0.302,0.383,0.684,0.293,76,0.3,0.4,-2.3,0.5,0.1,595.5
Greg Allen,Indians,16623,42,169,152,37,7,1,3,18,17,11,37,4,6,2,0.247,0.311,0.362,0.673,0.291,74,0.3,0.4,-5.3,-1.4,-0.1,595.5
Ryan Zimmerman,Nationals,4220,67,281,254,67,14,1,13,35,42,23,60,2,1,0,0.263,0.326,0.475,0.801,0.336,104,-0.2,-0.9,1.2,-7.1,0.3,595.8
Jake Marisnick,Mets,11339,74,290,262,57,12,1,10,31,33,18,91,5,7,3,0.218,0.279,0.391,0.67,0.284,77,1,0,-7.6,-0.6,0.1,596.1
Ehire Adrianza,Twins,8418,24,97,88,22,5,1,2,11,11,7,19,1,1,0,0.256,0.317,0.39,0.707,0.302,85,0.1,-0.5,-1.8,0.2,0.2,596.7
Harold Ramirez,Marlins,14387,47,198,184,51,10,1,5,20,22,10,38,2,2,1,0.275,0.317,0.42,0.737,0.312,95,0.1,-0.5,-1.3,-3.6,0.1,597
Sheldon Neuse,Athletics,19635,31,123,112,29,6,0,3,13,13,8,35,1,1,0,0.256,0.306,0.392,0.698,0.297,87,0,0.1,-2.1,0.6,0.3,597.3
Adley Rutschman,Orioles,sa3011643,0,1,1,0,0,0,0,0,0,0,0,0,0,0,0.183,0.234,0.282,0.516,0.224,32,0,0,-0.1,0,0,597.4
Kyle Higashioka,Yankees,5517,33,131,119,27,5,0,6,15,17,9,34,1,1,0,0.223,0.279,0.42,0.699,0.293,81,0.1,-0.2,-3.2,2.5,0.7,597.5
Tony Kemp,Athletics,14894,65,257,229,60,10,3,4,29,25,22,36,3,7,3,0.261,0.33,0.381,0.711,0.306,93,-0.2,-0.5,-2.7,0.1,0.6,597.5
Ryan McBroom,Royals,16524,60,246,223,57,12,0,7,27,28,18,65,3,1,1,0.255,0.315,0.409,0.725,0.308,88,-0.1,0.1,-3.7,-4.1,0.1,597.5
Josh Naylor,Padres,18839,47,198,178,47,10,0,7,23,24,17,35,1,1,1,0.267,0.332,0.437,0.769,0.325,101,0.1,-0.8,0.5,-3.9,0.3,597.7
Jaylin Davis,Giants,19552,34,137,124,30,5,0,5,14,16,10,39,2,2,1,0.241,0.304,0.412,0.716,0.303,89,0.1,-0.1,-2,-1.8,0.1,597.8
Abraham Toro,Astros,19844,18,72,64,16,3,1,2,9,9,6,14,1,1,0,0.253,0.324,0.423,0.747,0.317,100,0.1,0.4,0,-0.2,0.2,598
Isiah Kiner-Falefa,Rangers,16512,19,77,69,18,4,0,1,8,7,6,14,1,1,1,0.256,0.32,0.362,0.682,0.296,73,0,0.2,-2.6,0.8,0,598
Addison Russell,,14106,29,116,104,26,5,0,4,13,14,10,27,1,1,0,0.249,0.32,0.417,0.737,0.312,92,0.2,1.1,-1,2,0.5,598.2
Jazz Chisholm,Marlins,sa919327,0,1,1,0,0,0,0,0,0,0,0,0,0,0,0.211,0.274,0.365,0.639,0.273,69,0,0,0,0,0,598.4
Curt Casali,Reds,12510,60,241,213,50,10,0,8,25,28,22,57,2,1,0,0.236,0.313,0.397,0.71,0.303,82,-0.2,0,-5.8,4.5,0.6,598.6
Luis Rengifo,Angels,19858,50,196,174,43,9,1,4,22,21,17,39,2,5,2,0.249,0.32,0.384,0.704,0.303,89,0.3,-0.2,-2.4,1.2,0.6,598.6
Willi Castro,Tigers,17338,37,151,139,36,7,1,3,16,15,8,33,2,3,1,0.256,0.303,0.389,0.692,0.295,80,0.1,-0.1,-3.7,1.8,0.3,598.7
Tim Locastro,Diamondbacks,15124,39,164,146,37,8,1,3,18,15,9,31,7,6,2,0.25,0.32,0.374,0.694,0.301,83,0.6,-0.2,-3.2,-2.3,0,598.7
Garrett Stubbs,Astros,18067,32,132,117,27,6,0,3,15,13,11,27,1,3,1,0.231,0.302,0.352,0.654,0.284,77,0.2,0,-3.6,2.6,0.2,598.8
Nolan Jones,Indians,sa917941,0,1,1,0,0,0,0,0,0,0,0,0,0,0,0.243,0.334,0.402,0.736,0.317,92,0,0,0,0,0,598.8
Brandon Drury,Blue Jays,11615,83,334,303,73,18,1,10,37,38,24,82,3,2,1,0.241,0.3,0.407,0.707,0.3,85,-0.2,-0.1,-6.6,-1.1,0.4,598.9
Albert Almora Jr.,Cubs,14109,67,275,255,68,13,1,7,30,31,15,48,2,2,1,0.266,0.309,0.413,0.721,0.303,85,-0.3,-0.5,-5.8,-0.8,0.2,598.9
Seth Beer,Diamondbacks,sa3006658,0,1,1,0,0,0,0,0,0,0,0,0,0,0,0.26,0.322,0.443,0.765,0.321,96,0,0,0,0,0,598.9
Harold Castro,Tigers,14691,10,41,39,10,1,0,1,4,4,1,9,0,1,0,0.263,0.289,0.36,0.649,0.277,68,0,-0.2,-1.6,0,0,599.1
Ryon Healy,Brewers,15447,6,26,24,6,1,0,1,3,4,2,6,0,0,0,0.257,0.303,0.464,0.768,0.32,95,-0.1,-0.3,-0.3,-0.5,0,599.2
Francisco Cervelli,Marlins,5275,62,258,221,52,10,1,6,25,26,28,62,6,2,1,0.235,0.335,0.37,0.705,0.309,93,-0.6,-0.5,-3.1,0.7,0.5,599.3
Jose Osuna,Pirates,12937,74,300,274,73,18,1,9,33,38,19,57,2,2,1,0.265,0.317,0.441,0.758,0.32,97,-0.3,-1.9,-1.4,-5.9,0.2,599.3
Thairo Estrada,Yankees,16426,16,66,61,15,3,0,2,7,8,3,13,1,1,0,0.253,0.296,0.393,0.689,0.293,81,0.1,-0.1,-1.6,0,0.1,599.3
Austin Barnes,Dodgers,12158,50,197,169,38,8,1,5,20,20,22,47,3,2,1,0.226,0.323,0.364,0.687,0.297,85,-0.2,-0.2,-4.1,3.9,1.2,599.5
Ronald Guzman,Rangers,14388,89,352,310,76,16,1,13,41,43,33,91,4,2,1,0.246,0.324,0.424,0.749,0.318,88,-0.3,2.2,-5.8,-5.2,0.1,599.5
Josh Phegley,,9308,5,17,16,4,1,0,1,2,2,1,4,0,0,0,0.231,0.287,0.398,0.685,0.29,76,0,0,-0.6,0.4,0,599.5
John Hicks,Diamondbacks,12547,5,18,17,4,1,0,1,2,2,1,6,0,0,0,0.229,0.275,0.381,0.655,0.278,67,0,0.1,-0.8,0.4,0,599.5
Adam Jones,,6368,0,1,1,0,0,0,0,0,0,0,0,0,0,0,0.259,0.306,0.424,0.73,0.307,89,0,0,0,0,0,599.6
Adolis Garcia,Rangers,19287,44,181,169,39,8,1,7,20,22,7,55,2,4,2,0.232,0.27,0.417,0.687,0.287,67,0,-0.6,-7.5,-2.5,-0.4,599.6
Matt Joyce,Marlins,3353,84,341,287,68,14,1,11,39,37,47,73,2,2,1,0.239,0.346,0.412,0.758,0.327,104,-0.3,-1.8,1.6,-7.3,0.5,599.7
Lewin Diaz,Marlins,sa828420,11,46,43,10,2,0,2,5,5,2,9,0,0,0,0.24,0.28,0.413,0.693,0.289,80,0,0,-1.2,-0.9,-0.1,599.7
Nolan Gorman,Cardinals,sa3007017,0,1,1,0,0,0,0,0,0,0,0,0,0,0,0.202,0.251,0.337,0.588,0.25,53,0,0,-0.1,0,0,599.8
Anthony Alford,Blue Jays,14329,32,134,121,27,6,1,3,14,13,10,40,2,5,2,0.225,0.291,0.35,0.641,0.278,70,0.3,-0.6,-4.9,-0.6,-0.1,599.8
Jedd Gyorko,Brewers,10816,60,247,217,53,9,1,11,30,34,25,56,2,2,1,0.246,0.325,0.449,0.774,0.327,99,-0.7,-0.7,-0.9,-1.4,0.6,599.9
Kevin Plawecki,Red Sox,13807,32,126,112,28,6,0,3,14,14,10,26,2,1,0,0.246,0.319,0.393,0.712,0.305,84,-0.3,-0.1,-2.9,2.3,0.4,600
Richie Martin Jr.,Orioles,17736,15,57,52,12,2,0,1,6,5,3,13,1,2,1,0.235,0.288,0.352,0.64,0.275,67,0,-0.1,-2.4,0.4,0,600
Deivy Grullon,Phillies,15988,3,12,11,3,0,0,1,1,2,1,4,0,0,0,0.232,0.287,0.422,0.708,0.298,81,0,0,-0.3,0.3,0,600.1
Eli White,Rangers,sa738478,5,20,18,4,1,0,0,2,2,1,5,0,0,0,0.237,0.3,0.355,0.655,0.283,65,0,0,-0.9,0.2,0,600.1
Melky Cabrera,,4022,44,183,169,47,10,1,5,20,22,11,24,1,1,0,0.276,0.321,0.423,0.745,0.314,93,-0.8,-1.1,-2.4,-4.9,-0.1,600.1
Grayson Greiner,Tigers,17062,36,143,128,29,6,1,3,14,14,11,39,1,0,0,0.225,0.292,0.359,0.651,0.281,71,0,-0.3,-5.3,2.7,0.1,600.2
Cedric Mullins II,Orioles,17929,6,28,25,6,1,0,1,3,3,2,5,0,1,0,0.239,0.296,0.378,0.674,0.288,75,0.1,-0.2,-0.8,-0.1,0,600.2
Jeter Downs,,sa3004615,0,1,1,0,0,0,0,0,0,0,0,0,0,0,0.231,0.29,0.37,0.659,0.282,75,0,0,0,0,0,600.2
Andrew Knizner,Cardinals,19514,12,49,44,12,2,0,1,5,6,3,8,1,0,0,0.263,0.318,0.411,0.728,0.31,92,0,0.1,-0.5,1.1,0.1,600.3
Khalil Lee,Royals,sa917996,0,1,1,0,0,0,0,0,0,0,0,0,0,0,0.236,0.314,0.363,0.676,0.294,79,0,0,0,0,0,600.3
Brandon Dixon,Tigers,15214,3,14,12,3,1,0,0,1,2,1,4,0,0,0,0.238,0.284,0.408,0.692,0.292,78,0,-0.2,-0.4,-0.1,0,600.3
Tyler Naquin,Indians,13359,65,256,234,64,14,1,9,31,33,17,61,2,3,2,0.275,0.326,0.45,0.776,0.325,98,0.3,1.3,-0.4,-1.9,0.7,600.4
Dom Nunez,Rockies,15055,17,66,58,13,2,0,2,7,8,6,18,1,1,0,0.223,0.305,0.394,0.699,0.299,67,0.1,-0.1,-2.8,1.3,0.1,600.4
Andrew Knapp,Phillies,14942,21,84,73,16,3,0,2,8,8,9,26,1,0,0,0.214,0.307,0.343,0.65,0.282,70,0.1,-0.6,-3.2,1.1,0,600.4
Jake Cave,Twins,14477,36,143,129,33,7,1,4,17,18,10,42,2,1,0,0.256,0.316,0.424,0.739,0.313,93,0.1,-0.6,-1.2,-1.2,0.3,600.5
Brad Miller,Cardinals,12775,38,154,135,32,7,1,6,18,19,15,42,1,1,1,0.238,0.319,0.436,0.754,0.318,98,0,-1.2,-0.5,-2.8,0.2,600.5
Dylan Moore,Mariners,18042,13,52,46,10,2,0,1,5,5,4,13,1,2,1,0.222,0.291,0.363,0.654,0.281,76,0,-0.2,-1.5,0.3,0.1,600.5
Brian O'Grady,Rays,16729,2,6,6,1,0,0,0,1,1,1,2,0,0,0,0.222,0.296,0.404,0.701,0.297,86,0,0.1,-0.1,0,0,600.5
Zach Green,Giants,14973,0,1,1,0,0,0,0,0,0,0,0,0,0,0,0.218,0.284,0.401,0.685,0.289,80,0,0,0,0,0,600.5
Michael A. Taylor,Nationals,11489,40,158,143,34,7,1,5,17,18,12,49,1,6,2,0.236,0.296,0.391,0.687,0.291,74,0.5,0.5,-4.8,-1.5,-0.1,600.5
Danny Mendick,White Sox,18889,24,100,90,22,4,0,2,11,11,8,20,1,2,1,0.243,0.311,0.376,0.687,0.296,84,0,0,-2,0.6,0.2,600.6
Tim Beckham,,7949,37,156,142,34,7,0,5,17,19,10,44,1,1,1,0.241,0.297,0.416,0.714,0.302,85,-0.1,-1,-3.2,-0.6,0.1,600.6
Carlos Gonzalez,,7287,44,183,165,38,8,0,7,19,22,15,50,1,1,1,0.23,0.298,0.402,0.701,0.297,86,0,0.3,-3.2,-2,0.1,600.6
Jed Lowrie,Mets,4418,43,187,165,39,9,0,5,20,20,19,39,1,0,0,0.236,0.316,0.386,0.702,0.302,89,-0.4,-0.5,-3,-2,0.1,600.6
Derek Dietrich,Reds,10542,17,69,61,14,3,0,3,8,9,5,18,3,0,0,0.238,0.322,0.44,0.762,0.322,94,0,0.2,-0.5,-1.5,0,600.6
Edwin Rios,Dodgers,18316,3,13,12,3,1,0,1,2,2,1,5,0,0,0,0.227,0.281,0.43,0.711,0.297,84,0,0,-0.3,-0.4,0,600.6
Bubba Starling,Royals,13356,36,144,133,32,7,1,3,13,14,8,37,1,2,1,0.237,0.284,0.361,0.645,0.276,67,0.1,-0.5,-6,-0.3,-0.1,600.6
Jake Rogers,Tigers,19452,32,124,110,23,4,1,4,13,14,10,36,2,1,0,0.21,0.286,0.377,0.664,0.284,73,0,0,-4.2,2.7,0.2,600.7
Adam Duvall,Braves,10950,36,150,135,31,7,1,7,18,22,11,40,2,1,0,0.232,0.299,0.457,0.756,0.314,91,0.3,0.2,-1.6,-2.7,0.1,600.7
Cam Gallagher,Royals,12981,27,106,95,24,5,0,2,11,11,8,19,1,1,0,0.249,0.31,0.372,0.683,0.294,79,-0.2,0,-3.1,2.3,0.5,600.8
Tomas Nido,Mets,13755,39,155,144,33,7,0,4,14,16,8,36,1,1,0,0.227,0.27,0.356,0.626,0.265,65,-0.1,-1.5,-7.3,1.8,0.2,600.8
Steven Duggar,Giants,17719,37,157,141,34,8,1,2,15,13,13,44,1,3,1,0.242,0.306,0.36,0.666,0.288,79,0.2,-0.5,-4.3,0.1,0.1,600.8
Zack Collins,White Sox,19181,11,44,37,8,2,0,2,5,5,6,14,0,0,0,0.214,0.325,0.395,0.72,0.31,94,0,0,-0.3,-0.5,0,600.8
Matt Adams,Mets,9393,3,12,11,2,0,0,1,1,2,1,4,0,0,0,0.225,0.285,0.453,0.738,0.306,92,0,0,-0.1,-0.3,0,600.8
Kyle Farmer,Reds,14813,27,109,99,23,5,0,3,11,11,7,26,1,1,1,0.237,0.29,0.373,0.664,0.283,69,0,-0.4,-4.4,0,-0.1,600.8
D.J. Stewart,Orioles,17766,65,263,231,58,11,1,10,32,33,26,57,3,5,2,0.253,0.335,0.443,0.778,0.33,103,0.1,-0.9,1.2,-4.1,0.6,600.9
Tyler Heineman,,13897,20,79,71,17,3,0,2,7,8,6,14,1,1,0,0.246,0.309,0.372,0.68,0.292,82,0,0.1,-1.9,1.7,0.2,600.9
Tyler Wade,Yankees,15730,32,129,116,27,5,1,2,14,12,10,31,1,4,2,0.237,0.301,0.348,0.649,0.281,72,0.3,-0.6,-4.2,0.1,0,600.9
Trevor Larnach,Twins,sa3008376,0,1,1,0,0,0,0,0,0,0,0,0,0,0,0.265,0.324,0.414,0.737,0.313,93,0,0,0,0,0,600.9
Brandon Marsh,Angels,sa917944,0,1,1,0,0,0,0,0,0,0,0,0,0,0,0.243,0.309,0.363,0.672,0.289,80,0,0,0,0,0,600.9
Tommy Joseph,Red Sox,10349,0,1,1,0,0,0,0,0,0,0,0,0,0,0,0.244,0.298,0.441,0.739,0.31,87,0,0,0,0,0,600.9
Pablo Sandoval,Giants,5409,23,94,86,22,5,0,4,10,12,6,21,1,0,0,0.25,0.304,0.437,0.741,0.31,93,-0.3,-0.5,-1.2,-1.9,0,600.9
Kyle Garlick,Phillies,18063,2,7,6,1,0,0,0,1,1,0,2,0,0,0,0.222,0.276,0.421,0.697,0.291,76,0,0,-0.2,-0.1,0,600.9
Patrick Wisdom,Mariners,13602,18,72,65,13,3,0,3,7,8,6,25,1,1,0,0.203,0.272,0.371,0.643,0.273,71,0.1,-0.2,-2.6,-0.7,-0.1,600.9
Magneuris Sierra,Marlins,17023,36,146,136,35,5,2,1,12,13,6,27,1,6,3,0.254,0.29,0.347,0.637,0.273,69,0.2,-0.1,-5.7,-1.9,-0.3,600.9
Brett Phillips,Royals,14735,81,324,283,59,10,5,8,34,33,35,110,2,8,3,0.21,0.299,0.367,0.666,0.286,74,0.8,4.5,-10,3.2,0.5,601
Matt Duffy,Rangers,13836,29,126,112,31,6,0,2,15,13,11,21,2,1,1,0.282,0.351,0.4,0.751,0.324,92,-0.2,-0.9,-1.4,-0.2,0.3,601
Chris Iannetta,Yankees,8267,12,48,41,9,2,0,2,6,6,5,14,1,0,0,0.218,0.315,0.404,0.719,0.305,89,-0.2,-0.2,-0.9,0.8,0.1,601
Adeiny Hechavarria,Braves,10459,38,150,138,35,7,0,3,14,16,8,29,1,2,1,0.252,0.297,0.376,0.673,0.286,72,0.1,0.9,-5.4,1.1,0.1,601
