Name,Team,playerid,W,L,SV,ERA,GS,G,IP,H,ER,HR,SO,BB,WHIP,K/9,BB/9,FIP,ADP
Kirby Yates,Padres,9073,3,3,34,2.62,0,63,62,47,18,7,91,18,1.03,13.16,2.54,2.71,72.4
Josh Hader,Brewers,14212,4,3,35,2.84,0,70,76,48,24,10,132,27,0.98,15.59,3.2,2.74,56.8
Liam Hendriks,Athletics,3548,4,3,31,2.91,0,68,68,54,22,7,91,20,1.09,12.09,2.61,2.78,92.8
Nick Anderson,Rays,18337,4,3,22,3.19,0,66,63,48,22,8,93,18,1.05,13.29,2.6,2.85,156.9
Jacob deGrom,Mets,10954,14,8,0,2.77,32,32,203,164,62,21,249,47,1.04,11.07,2.09,2.86,7.3
Edwin Diaz,Mets,14710,3,3,32,3.24,0,65,65,48,23,8,101,22,1.07,14.06,3.04,2.86,109.3
Aroldis Chapman,Yankees,10233,4,2,36,2.76,0,60,59,40,18,5,88,26,1.13,13.43,4.02,2.89,76.7
Isaac Mattson,Orioles,sa915667,0,0,0,3.75,0,4,7,6,3,1,8,2,1.22,11.01,2.92,2.94,999
Chris Sale,Red Sox,10603,10,5,0,3.35,22,22,130,103,48,16,178,31,1.03,12.37,2.13,2.96,35.2
Chris Martin,Braves,11847,2,2,1,3.42,0,56,54,51,21,6,60,8,1.1,9.89,1.4,2.99,594.4
Austin Adams,Mariners,13801,1,1,0,3.63,0,23,23,17,9,2,34,11,1.23,13.34,4.49,3,999
Jose Castillo,Padres,17169,2,1,0,3.57,0,29,28,22,11,3,39,11,1.17,12.56,3.5,3.01,999
Taylor Rogers,Twins,13449,3,3,30,3.11,0,66,67,57,23,7,80,16,1.09,10.68,2.12,3.01,101
Ken Giles,Blue Jays,12910,2,3,33,3.12,0,63,63,51,22,8,86,19,1.11,12.18,2.78,3.06,115.8
Ryan Pressly,Astros,7005,3,2,5,3.06,0,63,60,48,20,7,77,16,1.07,11.55,2.44,3.08,401.5
Max Scherzer,Nationals,3137,14,8,0,3.1,29,30,188,147,65,24,251,44,1.02,11.99,2.11,3.1,15.4
Gerrit Cole,Yankees,13125,16,8,0,3.14,32,32,203,154,71,28,280,56,1.03,12.4,2.48,3.13,5.9
Will Smith,Braves,8048,4,2,15,3.18,0,62,61,49,22,8,83,20,1.12,12.14,2.96,3.15,149.4
Walker Buehler,Dodgers,19374,15,7,0,3.24,32,32,189,159,68,23,217,43,1.06,10.31,2.03,3.2,15.4
Matt Barnes,Red Sox,12863,4,3,5,3.56,0,67,66,51,26,7,96,32,1.26,13.03,4.39,3.22,489.1
Dellin Betances,Mets,6216,3,3,3,3.05,0,53,52,36,18,5,81,24,1.16,14.05,4.2,3.22,384.6
Seth Lugo,Mets,12447,4,3,5,3.14,0,63,72,60,25,9,83,17,1.07,10.38,2.12,3.24,309.9
Corey Knebel,Brewers,15010,2,2,4,3.4,0,49,48,37,18,6,69,21,1.21,12.9,4,3.31,508.1
Roberto Osuna,Astros,13764,3,2,37,3.11,0,63,63,52,22,8,71,12,1.02,10.17,1.74,3.31,81.6
Diego Castillo,Rays,17496,4,3,7,3.31,0,63,64,53,24,7,76,22,1.16,10.59,3.04,3.31,383.3
Chad Green,Yankees,15552,4,3,1,3.62,0,62,67,56,27,10,90,18,1.11,12.02,2.43,3.31,569.5
Giovanny Gallegos,Cardinals,14986,3,3,16,3.27,0,63,68,55,25,9,83,18,1.07,10.92,2.32,3.31,191.1
Will Harris,Nationals,3192,3,2,3,3.12,0,61,58,51,20,6,61,15,1.15,9.39,2.36,3.33,530.2
Andres Munoz,Padres,20373,3,2,4,3.39,0,51,53,40,20,5,69,26,1.24,11.87,4.38,3.33,548
Zac Grotz,Mariners,18256,1,0,0,3.65,1,18,21,21,9,2,21,6,1.26,8.95,2.49,3.34,999
Shane Bieber,Indians,19427,14,8,0,3.6,31,32,196,182,78,27,219,38,1.12,10.08,1.73,3.35,26.7
Justin Verlander,Astros,8700,16,8,0,3.24,32,32,199,154,72,30,257,45,1,11.64,2.04,3.36,12.8
Blake Snell,Rays,13543,13,9,0,3.35,30,30,167,133,62,20,212,65,1.18,11.42,3.47,3.36,32.2
Emmanuel Clase,Indians,21032,2,2,2,3.27,0,30,33,30,12,3,32,10,1.24,8.86,2.8,3.36,504.5
Stephen Strasburg,Nationals,10131,14,8,0,3.41,30,30,188,161,71,22,218,53,1.14,10.44,2.53,3.36,27.4
Colin Poche,Rays,19403,4,3,2,3.79,0,57,57,42,24,8,79,21,1.12,12.54,3.3,3.36,587.8
Andrew Kittredge,Rays,12828,2,1,4,3.8,0,38,39,35,17,5,43,11,1.18,9.93,2.5,3.39,600.2
Mark Melancon,Braves,4264,3,3,20,3.76,0,64,62,64,26,6,58,17,1.28,8.4,2.38,3.39,199.7
Jose Alvarado,Rays,17780,2,3,4,3.51,0,51,49,39,19,4,60,26,1.33,11.03,4.78,3.41,496.9
Charlie Morton,Rays,4676,13,8,0,3.41,30,31,177,149,67,18,206,58,1.17,10.51,2.95,3.41,58.7
Tyler Glasnow,Rays,14374,10,7,0,3.51,27,27,146,116,57,17,175,48,1.13,10.85,2.97,3.42,64.7
Nick Burdi,Pirates,16074,3,2,0,4.55,0,39,37,32,19,4,50,17,1.33,12.05,4.07,3.42,999
Noah Syndergaard,Mets,11762,12,9,0,3.75,31,31,187,177,78,21,191,48,1.2,9.21,2.3,3.44,65.4
Tommy Kahnle,Yankees,11384,3,2,0,3.58,0,63,60,48,24,8,81,22,1.16,12.07,3.22,3.45,587.6
Andrew Chafin,Diamondbacks,12988,2,3,1,3.51,0,65,54,48,21,5,64,22,1.29,10.66,3.61,3.46,999
Oliver Drake,Rays,8823,3,2,1,3.69,0,50,51,43,21,6,60,19,1.21,10.71,3.28,3.46,600.7
Daniel Zamora,Mets,17811,1,0,0,4.36,0,13,12,11,6,1,13,4,1.25,9.85,3.02,3.46,999
Mike Clevinger,Indians,12808,12,7,0,3.34,26,26,156,128,58,19,190,53,1.16,10.98,3.05,3.47,32.5
Jake Diekman,Athletics,5003,2,2,1,3.89,0,61,55,44,24,5,67,28,1.31,11.08,4.56,3.48,600.7
Joe Kelly,Dodgers,9761,4,3,4,4.04,0,61,59,52,26,6,66,24,1.29,10.02,3.69,3.49,597.6
James Karinchak,Indians,20151,2,1,2,3.43,0,47,48,35,18,5,68,27,1.28,12.73,5.05,3.5,478.2
Seranthony Dominguez,Phillies,19249,3,3,2,3.59,0,49,51,42,20,6,61,21,1.24,10.81,3.71,3.5,556.3
Luke Jackson,Braves,11752,4,2,1,3.84,0,59,60,57,26,7,76,24,1.34,11.31,3.62,3.5,591.5
Jack Flaherty,Cardinals,17479,13,8,0,3.33,32,32,188,151,70,24,219,57,1.11,10.47,2.72,3.51,22.5
Emilio Pagan,Padres,14771,3,3,5,3.33,0,62,64,51,24,10,81,17,1.05,11.36,2.33,3.51,284.3
Keone Kela,Pirates,14696,3,3,24,3.22,0,59,59,47,21,7,72,21,1.14,10.84,3.16,3.51,190.9
Jordan Hicks,Cardinals,19618,1,1,5,3.62,0,18,19,16,8,1,20,9,1.29,9.44,4.25,3.52,577.6
Ty Buttrey,Angels,14719,3,3,4,3.7,0,63,64,57,26,8,74,23,1.25,10.4,3.24,3.54,555.8
Brandon Workman,Red Sox,11428,4,3,28,3.26,0,67,67,52,24,7,85,32,1.23,11.42,4.22,3.56,145.8
Patrick Corbin,Nationals,9323,13,9,0,3.54,32,32,192,174,75,24,219,61,1.23,10.26,2.88,3.56,44.1
Aaron Bummer,White Sox,16258,2,2,2,3.2,0,62,62,54,22,5,60,24,1.26,8.76,3.47,3.56,531.9
Wyatt Mills,Mariners,sa918372,0,0,0,4.52,0,5,6,6,3,0,6,2,1.41,9.28,3.63,3.56,999
David Bednar,Padres,19569,0,1,0,4.09,0,11,11,10,5,1,13,5,1.29,10.65,3.76,3.56,999
Tyler Duffey,Twins,13758,4,3,1,3.6,0,60,63,56,25,9,74,16,1.15,10.6,2.32,3.57,590.7
Kenley Jansen,Dodgers,3096,3,3,35,3.64,0,64,63,52,25,9,76,16,1.07,10.9,2.23,3.57,109.5
Jose Leclerc,Rangers,14524,3,3,26,3.66,0,65,65,48,27,7,92,36,1.29,12.69,4.98,3.58,156.7
Gerardo Reyes,Padres,16306,1,0,0,4.39,0,14,15,13,7,2,18,6,1.3,11.16,3.94,3.59,999
Drew Pomeranz,Padres,11426,2,3,5,3.5,0,56,61,50,24,8,75,23,1.19,11.01,3.36,3.6,519.7
Zack Britton,Yankees,3240,3,2,2,2.98,0,61,60,51,20,4,54,27,1.3,8.13,4.09,3.6,531.9
Joakim Soria,Athletics,6941,3,3,2,3.96,0,61,60,53,26,7,67,19,1.21,10.06,2.91,3.61,594.5
Brad Hand,Indians,9111,4,3,31,3.45,0,63,64,52,24,9,84,21,1.15,11.91,3,3.61,104
A.J. Minter,Braves,18655,1,1,0,4.09,0,20,19,18,9,2,22,7,1.32,10.32,3.4,3.62,999
Josh Taylor,Red Sox,17359,3,2,1,3.7,0,58,56,51,23,7,66,23,1.31,10.51,3.66,3.62,600.5
Archie Bradley,Diamondbacks,12918,3,3,31,3.69,0,67,66,60,27,7,74,25,1.28,9.96,3.44,3.62,160.4
Luis Castillo,Reds,15689,13,9,0,3.43,32,32,189,159,72,24,222,65,1.19,10.58,3.11,3.63,38.9
Tanner Scott,Orioles,17586,2,2,0,4.16,0,35,36,31,17,4,44,18,1.37,11.11,4.59,3.63,999
Caleb Ferguson,Dodgers,19349,2,1,0,3.84,0,40,38,32,16,5,46,16,1.25,10.76,3.71,3.63,999
Clayton Kershaw,Dodgers,2036,13,6,0,3.4,28,28,171,153,65,24,177,39,1.12,9.29,2.07,3.65,51
Lance McCullers Jr.,Astros,14120,9,6,0,3.83,22,23,130,117,55,14,143,51,1.29,9.9,3.5,3.66,184.9
Adam Kolarek,Dodgers,10843,3,1,0,3.51,0,43,38,37,15,3,32,12,1.28,7.5,2.74,3.67,999
Trevor Gott,Giants,15046,3,3,3,4.18,0,54,54,50,25,6,54,19,1.29,9.03,3.27,3.67,599.9
Chris Paddack,Padres,20099,11,9,0,3.57,30,30,169,147,67,25,184,39,1.1,9.79,2.09,3.68,53.5
Brandon Woodruff,Brewers,16162,12,8,0,3.75,29,30,165,150,69,21,182,50,1.2,9.88,2.71,3.68,82.9
Kevin Ginkel,Diamondbacks,19876,4,3,2,3.4,0,57,57,47,21,7,67,22,1.21,10.7,3.42,3.69,533.3
Aaron Nola,Phillies,16149,13,9,0,3.69,31,32,192,170,79,24,211,65,1.22,9.88,3.05,3.71,52.2
Mike Soroka,Braves,18383,12,8,0,3.57,30,30,177,173,70,19,151,45,1.23,7.7,2.28,3.71,106.7
Darwinzon Hernandez,Red Sox,19848,2,2,0,4.12,1,48,52,41,24,5,74,37,1.5,12.9,6.4,3.71,596.3
Scott Alexander,Dodgers,10591,1,1,0,3.63,0,28,27,26,11,2,22,10,1.34,7.33,3.49,3.71,999
Yu Darvish,Cubs,13074,12,8,0,3.73,31,31,180,151,75,25,219,57,1.15,10.94,2.83,3.72,58.8
Brusdar Graterol,Dodgers,20367,3,2,0,3.71,1,44,46,40,19,5,47,17,1.23,9.12,3.24,3.72,558.8
Ross Stripling,Dodgers,13273,6,5,0,3.77,11,43,93,90,39,13,93,21,1.2,9.02,2.08,3.72,287.9
Max Fried,Braves,13743,13,9,0,3.59,31,31,172,162,69,18,180,61,1.3,9.42,3.2,3.72,131.7
Justin Wilson,Mets,4301,3,3,1,3.37,0,61,55,44,21,6,66,25,1.27,10.8,4.14,3.72,599.5
Trevor May,Twins,6398,3,3,2,3.78,0,61,59,50,25,8,72,22,1.22,10.93,3.3,3.73,535.5
Brendan McKay,Rays,20186,6,5,0,3.82,18,22,100,89,42,14,111,31,1.2,10.01,2.78,3.74,279.9
Brandon Morrow,,9346,1,0,0,3.42,0,15,16,15,6,2,16,5,1.24,9.01,2.71,3.74,599.5
Jeurys Familia,Mets,5114,3,3,1,4.15,0,56,55,50,25,5,58,27,1.4,9.52,4.43,3.74,597.3
Craig Stammen,Padres,7274,3,3,1,3.66,0,62,63,60,25,8,59,16,1.22,8.51,2.28,3.75,598.1
Rowan Wick,Cubs,14646,3,2,2,3.72,0,63,61,54,25,6,64,27,1.32,9.4,4,3.75,560.9
Brad Brach,Mets,6627,2,2,1,4.25,0,45,44,40,21,5,46,18,1.34,9.59,3.77,3.75,999
Sean Doolittle,Nationals,1581,3,2,23,3.77,0,59,58,52,24,9,66,14,1.13,10.11,2.19,3.75,184.7
Peter Fairbanks,Rays,17998,2,2,1,4.28,0,36,37,33,18,5,45,14,1.28,10.95,3.51,3.76,601
Jeffrey Springs,Rangers,17677,2,1,0,4.5,0,20,24,22,12,3,27,10,1.33,10.25,3.6,3.76,999
Joshua James,Astros,16794,7,5,0,3.94,13,38,106,87,46,15,137,47,1.27,11.63,4,3.77,283.9
Joe Jimenez,Tigers,15761,3,4,26,4.02,0,65,64,56,29,9,81,23,1.23,11.32,3.2,3.78,190.1
Jesus Luzardo,Athletics,19959,9,7,0,3.79,23,29,137,126,58,18,140,41,1.22,9.19,2.69,3.79,119.7
James Paxton,Yankees,11828,8,4,0,3.85,18,18,97,86,42,15,116,30,1.19,10.75,2.79,3.79,172.8
Scott Oberg,Rockies,13911,4,3,9,3.73,0,63,65,61,27,7,65,23,1.29,8.92,3.24,3.79,260.7
Wander Suero,Nationals,15855,3,3,0,4.17,0,51,51,47,23,6,53,18,1.29,9.52,3.17,3.79,999
Dustin May,Dodgers,19716,6,4,0,3.86,14,25,81,79,35,10,71,20,1.23,7.89,2.27,3.79,249
Shohei Ohtani,Angels,19755,6,4,0,3.61,16,20,89,74,36,12,107,37,1.25,10.81,3.78,3.8,128.5
Brad Wieck,Cubs,16390,2,2,0,4.13,0,45,43,34,20,6,58,18,1.24,12.14,3.9,3.8,999
Brett Martin,Rangers,17369,2,3,1,4.22,0,53,57,58,27,7,56,20,1.34,8.85,3.06,3.8,999
Richard Lovelady,Royals,19337,1,1,1,4.44,0,30,30,31,15,3,27,10,1.35,7.85,2.99,3.8,600.7
Raisel Iglesias,Reds,17130,3,4,31,3.73,0,67,68,58,28,10,82,22,1.18,10.95,2.94,3.81,136.6
Nick Vincent,,7555,0,1,0,4.49,0,24,24,24,12,3,22,6,1.23,8.29,2.2,3.81,999
Jeremy Walker,Braves,19981,0,0,0,3.79,0,11,14,14,6,2,11,3,1.23,7.27,1.74,3.82,999
Jose Alvarez,Phillies,5358,2,2,0,3.76,0,57,54,53,22,6,50,17,1.31,8.33,2.83,3.82,999
Reyes Moronta,Giants,14966,1,0,0,3.61,0,13,13,10,5,1,15,7,1.32,10.56,4.67,3.82,596.1
David Robertson,Phillies,8241,0,0,0,3.58,0,6,6,5,2,1,7,3,1.2,10.71,3.71,3.83,999
Trey Wingenter,Padres,17793,1,1,0,4.1,0,24,24,19,11,3,32,12,1.29,11.78,4.49,3.83,999
Trevor Bauer,Reds,12703,12,10,0,3.9,31,31,194,170,84,27,228,71,1.24,10.58,3.29,3.84,82.2
Mitch Keller,Pirates,17594,8,10,0,4.17,27,28,148,145,68,19,156,52,1.33,9.5,3.2,3.84,232.8
Sonny Gray,Reds,12768,12,9,0,3.73,32,32,176,154,73,21,189,69,1.26,9.67,3.51,3.84,101.8
Ryne Stanek,Marlins,15947,2,3,7,3.64,0,69,65,54,26,9,78,29,1.28,10.89,4.01,3.85,519.2
Blake Treinen,Dodgers,12572,4,4,7,3.54,0,64,66,58,26,7,69,27,1.29,9.49,3.64,3.86,338.5
Brian Moran,,9646,1,0,0,3.99,0,14,10,9,5,1,13,5,1.33,11.23,3.99,3.86,999
Ryan Hendrix,Reds,sa738145,1,0,0,4.2,0,6,6,5,3,1,6,3,1.34,9.44,4.35,3.86,999
Matt Strahm,Padres,13799,3,5,0,3.92,2,55,67,62,29,10,72,18,1.18,9.67,2.35,3.86,583.2
Framber Valdez,Astros,17295,4,4,0,4.05,5,39,66,59,30,7,69,31,1.37,9.48,4.3,3.86,593.9
Jace Fry,White Sox,16159,2,2,0,4.18,0,55,51,43,24,6,60,27,1.37,10.59,4.67,3.87,999
Dillon Maples,Cubs,14672,1,1,0,4.47,0,17,15,11,8,1,22,12,1.51,13.12,7.22,3.87,999
Zack Wheeler,Phillies,10310,12,9,0,3.96,31,31,189,182,83,26,188,54,1.25,8.96,2.56,3.88,113.5
Carlos Carrasco,Indians,6632,11,8,0,3.78,26,26,154,144,65,23,175,37,1.17,10.22,2.18,3.88,108.3
Victor Arano,Phillies,15915,2,2,0,3.91,0,31,32,30,14,5,38,12,1.32,10.49,3.47,3.89,999
Cody Reed,Reds,15232,2,2,0,3.94,1,39,46,41,20,5,48,19,1.32,9.44,3.83,3.89,999
Chaz Roe,Rays,9866,2,2,2,4.07,0,57,49,43,22,6,55,22,1.32,10.14,3.97,3.89,999
Lou Trivino,Athletics,15043,4,3,0,4.14,0,59,60,55,28,7,61,26,1.34,9.09,3.8,3.89,597.7
Dinelson Lamet,Padres,17186,9,8,0,3.8,27,27,148,124,63,20,185,58,1.23,11.23,3.55,3.9,133.2
Stefan Crichton,Diamondbacks,16058,2,2,0,4.04,0,45,46,45,21,6,44,16,1.32,8.61,3.01,3.9,999
Junior Fernandez,Cardinals,18496,1,1,0,4.13,0,40,39,35,18,4,44,18,1.35,10,4.21,3.9,999
Marcus Stroman,Mets,13431,11,10,0,3.79,31,31,175,175,74,18,152,58,1.33,7.82,3,3.9,210.2
Marcus Walden,Red Sox,8004,4,3,1,4.07,0,60,64,61,29,7,60,26,1.36,8.38,3.64,3.91,999
David Price,Dodgers,3184,12,7,0,3.79,28,28,150,137,63,22,162,44,1.2,9.7,2.64,3.91,170.4
Joe Musgrove,Pirates,12970,10,11,0,4.12,31,31,172,173,79,23,156,39,1.24,8.2,2.05,3.92,214.3
Adam Ottavino,Yankees,1247,4,3,3,3.57,0,66,64,50,25,8,82,33,1.29,11.55,4.58,3.92,530.2
Tim Hill,Royals,16814,2,2,1,4.05,0,58,52,51,23,6,47,18,1.32,8.12,3.06,3.92,999
Hector Neris,Phillies,11804,3,3,32,3.54,0,67,66,53,26,10,87,23,1.15,11.8,3.14,3.92,130.8
Zac Gallen,Diamondbacks,19291,10,9,0,3.81,30,30,163,147,69,22,174,58,1.26,9.58,3.2,3.92,127.8
German Marquez,Rockies,15038,12,10,0,4.22,30,31,183,179,86,27,190,47,1.24,9.33,2.31,3.92,183.2
Stephen Tarpley,Marlins,15859,2,2,0,4.27,0,36,37,34,18,4,40,17,1.38,9.58,4.15,3.93,999
Lance Lynn,Rangers,2520,12,10,0,4.06,31,31,184,172,83,24,201,64,1.28,9.83,3.11,3.93,124.1
Dylan Floro,Dodgers,13394,2,1,0,3.88,0,31,32,32,14,4,28,9,1.3,7.93,2.65,3.94,999
Zack Greinke,Astros,1943,15,8,0,3.78,31,31,194,185,81,30,182,39,1.16,8.44,1.83,3.94,66.2
Kyle Hendricks,Cubs,12049,12,10,0,3.88,31,31,177,175,76,24,150,38,1.2,7.63,1.93,3.94,159.2
Scott Barlow,Royals,14993,3,4,2,4.04,0,64,73,64,33,9,85,34,1.35,10.42,4.21,3.94,598.4
Frankie Montas,Athletics,14309,10,8,0,3.81,28,28,159,153,68,20,157,49,1.27,8.84,2.78,3.95,116.1
Ryne Harper,Nationals,12680,2,0,0,4.36,0,28,27,27,13,4,26,8,1.29,8.64,2.52,3.95,999
A.J. Puk,Athletics,19343,8,6,0,4.1,19,31,119,106,54,15,130,48,1.29,9.84,3.66,3.96,230.4
John Brebbia,Cardinals,12777,3,3,2,3.78,0,64,66,58,28,9,74,21,1.2,10.12,2.89,3.96,597.8
Jeremy Jeffress,Cubs,9490,3,2,3,3.95,0,50,50,49,22,5,45,18,1.35,8.19,3.32,3.96,600.1
Tyler Rogers,Giants,15541,3,2,4,3.47,0,53,54,54,21,4,43,23,1.42,7.23,3.82,3.97,600.7
Lucas Giolito,White Sox,15474,12,10,0,4.05,30,31,181,152,81,27,211,65,1.2,10.53,3.21,3.98,48.2
Brandon Kintzler,Marlins,9939,3,3,16,3.8,0,63,62,62,26,7,49,17,1.27,7.16,2.47,3.98,295
Michael Feliz,Pirates,11903,3,3,2,4.1,0,57,58,50,27,9,72,25,1.28,11.04,3.79,3.98,597.7
Freddy Peralta,Brewers,18679,7,5,0,4.3,14,37,103,87,49,16,135,48,1.32,11.82,4.22,3.99,465.2
Ryan Brasier,Red Sox,5615,2,2,0,4.18,0,48,48,45,22,7,49,17,1.29,9.28,3.11,3.99,600.2
Adam Morgan,Phillies,12580,2,2,1,4.23,0,51,46,42,22,6,47,16,1.26,9.29,3.06,3.99,999
Luke Weaver,Diamondbacks,16918,9,8,0,4.16,25,26,139,136,64,20,141,43,1.28,9.11,2.78,4,191.7
Joe Smith,Astros,3281,3,2,0,3.86,0,55,51,49,22,7,49,13,1.22,8.62,2.36,4,599.8
Jairo Diaz,Rockies,12774,3,4,4,4.31,0,65,66,64,32,8,68,27,1.37,9.36,3.65,4,523.8
Corey Kluber,Rangers,2429,11,9,0,3.99,29,29,172,164,76,24,178,44,1.21,9.31,2.29,4,98
Adrian Morejon,Padres,20039,0,0,0,4.19,0,13,17,15,8,2,19,7,1.29,9.96,3.7,4,999
Cam Bedrosian,Angels,13360,3,3,1,3.84,0,60,60,55,26,8,60,22,1.29,9.07,3.28,4,599.2
Kevin Gausman,Giants,14107,7,9,0,4.22,26,28,145,145,68,19,140,44,1.31,8.69,2.76,4,330.4
Jon Duplantier,Diamondbacks,19546,2,2,0,4.07,1,33,43,39,19,4,43,21,1.39,9,4.34,4,595.5
Jon Gray,Rockies,14916,11,10,0,4.34,30,30,177,176,85,24,179,58,1.32,9.11,2.97,4.01,257
Miles Mikolas,Cardinals,9803,7,7,0,4.05,20,20,116,121,52,16,91,22,1.22,7.05,1.67,4.01,297.9
Collin McHugh,Red Sox,7531,3,2,0,3.98,1,44,50,45,22,7,54,17,1.24,9.76,3.02,4.01,600.8
Eduardo Rodriguez,Red Sox,13164,14,9,0,3.94,32,32,187,176,82,25,196,67,1.3,9.43,3.23,4.01,140.2
Pedro Strop,Reds,4070,3,3,1,3.98,0,57,55,48,25,7,61,23,1.28,9.83,3.71,4.01,594.3
Hyun-Jin Ryu,Blue Jays,14444,11,9,0,3.78,28,28,166,165,70,24,150,35,1.21,8.11,1.91,4.01,147.4
Andrew Heaney,Angels,15423,10,8,0,4.15,28,28,155,144,71,26,173,44,1.21,10.08,2.57,4.01,205
Sam Selman,Giants,13397,1,0,0,3.74,0,24,24,19,10,3,29,12,1.27,10.75,4.33,4.01,999
Andrew Miller,Cardinals,6785,3,4,5,3.98,0,65,59,50,26,8,71,25,1.27,10.94,3.79,4.02,494.1
Pablo Lopez,Marlins,17085,7,10,0,4.21,27,27,146,147,68,19,126,39,1.27,7.74,2.4,4.02,413.9
Oliver Perez,Indians,1514,2,2,0,3.99,0,58,47,42,21,7,54,16,1.22,10.29,2.96,4.02,999
Alex Claudio,Brewers,12890,3,2,1,4.06,0,57,55,58,25,5,38,16,1.36,6.25,2.69,4.03,999
Kyle Finnegan,Nationals,sa708446,1,0,0,4.28,0,10,10,9,5,1,10,4,1.34,9.23,3.78,4.04,999
Tony Watson,Giants,3132,3,3,16,3.83,0,64,59,58,25,7,53,16,1.24,8.04,2.47,4.04,381.6
Adrian Houser,Brewers,12718,8,8,0,4.06,26,33,146,143,66,19,138,50,1.32,8.53,3.09,4.05,245.9
Alex Vesia,Marlins,sa3008070,0,0,0,3.91,0,9,9,8,4,1,10,4,1.31,9.79,3.84,4.05,999
Sterling Sharp,Marlins,sa738458,2,2,0,4.18,0,35,37,40,17,4,29,13,1.42,7.12,3.07,4.06,999
Chris Archer,Pirates,6345,8,10,0,4.35,28,28,158,151,76,23,178,58,1.33,10.16,3.32,4.06,262.6
Mychal Givens,Orioles,10430,3,4,16,4.09,0,66,68,57,31,10,83,27,1.22,10.88,3.52,4.07,264.8
Carlos Estevez,Rockies,14542,3,3,6,4.26,0,63,64,62,30,9,70,24,1.32,9.81,3.29,4.07,999
Craig Kimbrel,Cubs,6655,3,3,25,3.89,0,55,55,41,24,8,75,24,1.19,12.43,3.98,4.07,135.8
Julio Urias,Dodgers,14765,8,6,0,3.58,23,28,130,115,52,17,138,48,1.26,9.54,3.32,4.07,151.5
Garrett Richards,Padres,9784,6,6,0,4.21,20,21,109,100,51,14,112,46,1.34,9.23,3.78,4.08,274.7
Logan Webb,Giants,17995,4,5,0,4.35,14,17,75,76,36,9,66,28,1.39,7.94,3.41,4.08,592.1
Phil Maton,Indians,18064,1,1,0,4.54,0,28,29,27,15,4,31,10,1.29,9.68,3.15,4.08,999
Josh Sborz,Dodgers,18323,0,0,0,4.23,0,6,7,6,3,1,7,2,1.28,8.93,3.28,4.09,999
Shane Greene,Braves,10756,3,3,4,3.76,0,66,65,60,27,9,66,21,1.25,9.13,2.93,4.09,549
Edgar Santana,Pirates,17355,1,1,0,4.11,0,22,22,22,10,3,19,6,1.32,7.86,2.62,4.09,999
Hector Rondon,Diamondbacks,2391,2,3,1,4.02,0,60,58,56,26,8,54,19,1.3,8.43,3.01,4.09,593.2
Michael Lorenzen,Reds,14843,3,3,8,3.77,0,69,74,69,31,9,71,27,1.3,8.67,3.31,4.09,507.8
Nate Jones,,4696,1,0,0,4.35,0,17,16,14,8,2,17,6,1.3,9.42,3.66,4.1,999
Cole Sulser,Orioles,15256,1,1,0,4.22,0,14,15,13,7,2,16,6,1.32,9.88,3.57,4.1,999
Brent Honeywell,Rays,sa828706,3,2,0,4.14,8,10,43,43,20,7,45,13,1.28,9.32,2.72,4.1,999
Richard Rodriguez,Pirates,13549,3,4,2,3.94,0,66,66,63,29,10,69,21,1.28,9.41,2.88,4.11,596.4
Evan Marshall,White Sox,12297,2,2,0,3.93,0,54,52,51,22,6,44,17,1.32,7.74,2.97,4.11,999
Brandon Brennan,Mariners,13527,3,5,3,4.18,0,57,60,54,28,7,59,27,1.35,8.89,4,4.11,600.8
Jonathan Loaisiga,Yankees,19753,5,4,0,4.37,9,38,81,75,39,13,90,29,1.28,10.07,3.22,4.11,579.4
Cody Stashak,Twins,18088,2,1,0,4.39,0,26,28,28,14,5,29,6,1.22,9.21,2.05,4.11,999
Fernando Abad,Nationals,4994,1,0,0,4.3,0,19,18,19,8,2,16,5,1.33,7.95,2.38,4.11,999
Grant Dayton,Braves,11203,1,1,0,3.92,0,33,32,29,14,6,36,9,1.19,10.22,2.64,4.12,999
Michel Baez,Padres,20100,1,1,0,3.73,0,19,23,21,10,3,25,10,1.33,9.7,4.02,4.12,999
Drew Steckenrider,Marlins,18806,1,2,2,4.27,0,37,37,32,17,5,41,15,1.28,10.04,3.6,4.12,598.2
Corbin Burnes,Brewers,19361,4,5,0,4.68,6,42,78,75,40,12,86,28,1.33,9.91,3.24,4.12,477.6
Lewis Thorpe,Twins,15906,2,2,0,4.62,4,20,30,30,16,5,32,10,1.31,9.42,2.82,4.12,598.5
Ryan Helsley,Cardinals,18138,2,2,1,3.89,0,38,45,41,20,6,45,19,1.32,8.94,3.77,4.12,496.8
Matthew Boyd,Tigers,15440,10,12,0,4.34,31,31,180,165,87,31,203,53,1.21,10.19,2.64,4.12,166.3
Matt Grace,,11449,0,0,0,4.71,0,20,20,20,10,2,16,6,1.31,7.09,2.53,4.13,999
Alex Colome,White Sox,6661,3,3,29,3.79,0,64,65,59,27,9,64,23,1.26,8.88,3.14,4.13,145.3
Conner Menez,Giants,19199,1,2,0,4.24,4,19,31,28,15,4,34,14,1.36,9.99,4.2,4.13,999
Kyle Ryan,Cubs,11753,3,3,0,4.07,0,62,59,57,27,6,53,26,1.41,8.02,3.99,4.13,999
Yusmeiro Petit,Athletics,4020,4,3,1,3.91,0,71,73,69,32,12,65,15,1.14,7.96,1.8,4.14,584.2
Ryan Yarbrough,Rays,16502,9,7,0,4.11,22,24,133,131,61,19,114,32,1.23,7.71,2.14,4.14,252.8
Chad Sobotka,Braves,17470,1,1,0,4.54,0,22,21,20,11,3,26,11,1.42,10.97,4.54,4.14,999
Yoshihisa Hirano,Mariners,19756,3,3,18,4.3,0,57,55,51,26,7,55,21,1.32,9.01,3.47,4.14,460
Randy Dobnak,Twins,23798,3,3,0,4.18,6,25,52,56,24,7,39,13,1.32,6.65,2.3,4.14,570.7
Jake Jewell,,16958,0,1,0,5.36,0,6,8,8,5,1,6,3,1.44,7.24,3.66,4.15,999
Jeff Brigham,Marlins,16631,1,2,0,4.38,0,41,45,41,22,6,45,18,1.31,9.08,3.58,4.15,999
Noe Ramirez,Angels,12800,3,2,0,4.26,0,56,60,55,28,10,65,20,1.25,9.9,2.95,4.15,600.4
Nick Wittgren,Indians,15594,4,2,2,3.79,0,61,62,58,26,10,61,18,1.23,8.94,2.61,4.15,590.6
Pierce Johnson,Padres,13435,1,2,0,4.59,0,28,30,27,15,4,32,14,1.37,9.82,4.18,4.15,600.2
Amir Garrett,Reds,14375,3,2,1,3.8,0,64,62,54,26,9,78,31,1.36,11.2,4.5,4.15,598.1
Kyle Crick,Pirates,13182,2,4,5,4.08,0,62,62,54,28,8,70,32,1.39,10.16,4.61,4.16,543.6
Robbie Erlin,Pirates,10354,1,1,0,4.63,2,15,30,33,16,4,25,7,1.33,7.42,2.21,4.16,999
Jose Urquidy,Astros,18413,9,7,0,4.08,25,26,141,136,64,24,140,32,1.2,8.96,2.07,4.16,215.5
Robbie Ray,Diamondbacks,11486,11,8,0,4.12,30,30,166,140,76,25,212,79,1.32,11.48,4.3,4.16,155.6
Bud Norris,,9492,0,0,2,4.42,0,17,14,13,7,2,16,6,1.35,10.28,3.71,4.16,999
Jimmie Sherfy,Diamondbacks,15118,1,1,0,4.39,0,18,18,17,9,2,20,8,1.37,9.93,4.08,4.16,999
Sam Dyson,,11710,2,1,0,4.01,0,31,31,31,14,4,26,10,1.31,7.61,2.84,4.16,999
Pedro Baez,Dodgers,5420,4,2,1,3.75,0,63,61,52,25,9,64,22,1.22,9.41,3.28,4.16,590.3
Ian Kennedy,Royals,6986,3,3,28,3.97,0,63,66,63,29,10,69,20,1.26,9.28,2.76,4.16,180
Hansel Robles,Angels,11801,3,3,27,3.66,0,66,67,60,27,9,72,24,1.25,9.7,3.23,4.16,149.6
Jose Berrios,Twins,14168,14,9,0,4.01,31,32,193,185,86,28,189,55,1.24,8.82,2.58,4.16,81.1
Ricardo Sanchez,Cardinals,sa830302,1,1,0,4.71,2,5,10,11,5,1,9,4,1.47,8.54,3.31,4.16,999
Adam Cimber,Indians,15288,3,3,0,4.3,0,54,53,56,25,7,40,14,1.32,6.78,2.43,4.17,999
Eric Yardley,Brewers,15538,0,0,0,4.17,0,15,16,17,7,2,11,4,1.35,6.24,2.41,4.17,999
Kwang-hyun Kim,Cardinals,27458,5,4,0,3.97,12,26,79,79,35,11,71,22,1.28,8.02,2.55,4.17,496.7
Luke Gregerson,,4090,1,1,0,4.51,0,27,26,27,13,3,22,9,1.38,7.59,3.06,4.17,999
Anthony Bass,Blue Jays,7982,2,3,2,4.09,0,56,59,57,27,8,53,20,1.31,8.14,3.12,4.17,594.9
Robert Stephenson,Reds,13594,3,2,4,3.94,0,57,61,50,27,9,76,26,1.24,11.14,3.85,4.18,585.1
Kenta Maeda,Twins,18498,12,8,0,4.29,28,35,160,145,76,24,172,55,1.25,9.67,3.1,4.18,173.8
Darren O'Day,Braves,3321,2,2,0,3.78,0,41,39,34,16,5,45,14,1.25,10.51,3.26,4.18,999
John Schreiber,Tigers,20020,3,3,0,4.64,0,44,45,43,23,7,47,17,1.35,9.4,3.47,4.18,999
Zack Littell,Twins,15823,3,2,0,4.3,0,39,45,43,21,6,42,15,1.3,8.33,3,4.19,999
Logan Gilbert,Mariners,sa3008598,2,2,0,4.34,5,7,25,23,12,4,25,8,1.27,8.85,3.03,4.19,600
Yonny Chirinos,Rays,16401,8,7,0,4.08,20,35,128,126,58,19,111,30,1.22,7.75,2.14,4.19,278.9
Brad Peacock,Astros,5401,4,4,0,4.14,4,37,59,53,27,9,67,22,1.26,10.18,3.31,4.19,514.8
Chris Bassitt,Athletics,12304,6,5,0,4.23,16,31,96,91,45,13,89,33,1.29,8.34,3.07,4.2,385.1
Colten Brewer,Red Sox,12997,1,1,0,4.57,0,35,34,34,17,4,32,16,1.47,8.52,4.18,4.2,999
Joey Lucchesi,Padres,19320,10,10,0,4.18,30,30,168,161,78,24,162,59,1.31,8.68,3.17,4.2,227.3
MacKenzie Gore,,sa3005068,3,3,0,4,8,11,43,38,19,6,44,16,1.28,9.29,3.41,4.2,999
Tanner Rainey,Nationals,17610,3,3,1,4.24,0,59,56,43,26,7,77,39,1.46,12.33,6.25,4.21,598.4
Fernando Romero,Twins,15885,1,1,0,4.76,0,22,23,22,12,3,21,10,1.42,8.37,3.94,4.21,999
Shaun Anderson,Giants,19453,2,4,7,4.36,1,51,59,61,29,8,49,20,1.35,7.48,2.98,4.21,414
Ray Black,Brewers,14244,2,2,0,4.36,0,53,52,41,25,8,68,26,1.3,11.72,4.56,4.21,600.6
Austin Davis,Phillies,17117,1,1,0,4.41,0,16,18,16,9,3,20,8,1.36,10.04,3.95,4.21,999
Bryan Abreu,Astros,16609,2,1,0,4.24,0,30,33,29,16,4,40,20,1.45,10.9,5.27,4.21,600.3
Dan Altavilla,Mariners,16507,3,2,1,4.25,0,37,37,31,18,5,46,19,1.32,11.01,4.47,4.21,600.8
Jason Adam,,11861,0,0,0,5.25,0,9,10,8,6,1,10,4,1.26,9.79,3.81,4.21,999
Trevor Megill,Cubs,sa828803,1,1,0,4.14,0,20,19,18,9,3,22,8,1.32,10.2,3.53,4.21,999
Drew Smith,Mets,17755,0,0,0,4.14,0,6,6,6,3,1,6,2,1.37,7.82,3.36,4.22,999
Carlos Martinez,Cardinals,11682,7,6,13,3.81,17,30,114,103,48,12,112,48,1.32,8.83,3.76,4.22,180.4
Juan Nicasio,,7731,1,1,2,4.75,0,20,20,20,11,3,19,7,1.35,8.72,3.13,4.22,999
Luis Patino,Padres,sa3002792,2,2,0,3.65,6,6,32,32,13,4,31,13,1.38,8.7,3.56,4.22,592.2
Aaron Loup,,10343,1,0,0,3.82,0,15,14,13,6,2,14,5,1.31,9.18,3.32,4.22,999
Griffin Canning,Angels,19867,5,5,0,4.28,16,16,89,82,42,14,92,31,1.28,9.4,3.19,4.22,241.5
John Gant,Cardinals,13684,4,3,1,3.91,0,55,61,56,27,7,56,27,1.36,8.31,4.02,4.22,599.2
Bryse Wilson,Braves,19990,4,3,0,4.32,8,15,50,51,24,7,46,16,1.32,8.18,2.8,4.23,594.6
Sam Tuivailala,Mariners,13485,3,3,2,3.9,0,58,60,56,26,7,59,23,1.33,8.85,3.53,4.23,572.9
Deolis Guerra,Phillies,8410,1,0,0,3.97,0,13,12,11,5,2,12,4,1.22,9.2,2.63,4.23,999
Ian Hamilton,White Sox,19261,1,1,0,4.11,0,17,18,17,8,3,18,6,1.31,9.15,3.12,4.24,999
Pat Neshek,,4682,2,1,0,3.75,0,22,23,22,10,4,18,3,1.14,7.25,1.38,4.24,999
Spencer Howard,Phillies,sa3004923,1,1,0,3.99,4,6,19,17,8,3,20,7,1.28,9.36,3.43,4.24,499.6
Casey Sadler,Cubs,11209,2,1,0,3.87,0,24,29,29,12,4,24,9,1.34,7.47,2.93,4.24,999
Spencer Turnbull,Tigers,16207,7,12,0,4.51,28,29,154,156,77,21,145,57,1.38,8.49,3.33,4.25,508.5
Chris Devenski,Astros,12763,3,2,0,4.43,0,58,58,53,29,10,62,17,1.21,9.66,2.67,4.25,999
Michael Pineda,Twins,5372,8,6,0,4.39,21,21,116,119,57,20,111,27,1.26,8.64,2.11,4.25,311.4
Parker Markel,Angels,12106,1,1,0,4.41,0,12,12,10,6,1,14,8,1.5,10.95,5.8,4.25,999
Jake Odorizzi,Twins,6397,11,9,0,4.3,30,31,165,153,79,26,174,60,1.29,9.44,3.27,4.26,185.4
Trevor Richards,Rays,19309,3,4,0,4.19,5,40,62,58,29,9,62,21,1.29,9.01,3.11,4.26,583.8
Joel Payamps,Diamondbacks,14332,0,0,0,4.04,0,12,13,13,6,2,12,3,1.27,8.15,2.31,4.26,999
Buck Farmer,Tigers,14814,3,4,2,4.14,0,67,68,66,31,9,69,26,1.35,9.1,3.48,4.26,596.6
Ian Anderson,Braves,sa917921,3,2,0,4.07,8,8,44,40,20,5,47,23,1.43,9.73,4.63,4.27,999
Ranger Suarez,Phillies,17277,3,2,0,4.1,2,37,52,54,24,7,44,17,1.36,7.66,2.93,4.27,999
Geoff Hartlieb,Pirates,19558,1,0,0,4.52,0,20,22,22,11,3,23,9,1.42,9.13,3.73,4.27,999
Adam Warren,,9029,1,0,0,4.03,0,6,7,7,3,1,7,3,1.28,8.56,3.43,4.28,999
Sam Coonrod,Giants,17264,3,2,1,4.2,0,45,43,41,20,5,40,22,1.48,8.48,4.63,4.28,999
Taylor Guilbeau,Mariners,18306,1,1,0,3.98,0,23,22,22,10,3,18,9,1.37,7.41,3.53,4.28,999
Tyler Webb,Cardinals,14974,2,2,0,4.3,0,49,46,44,22,6,42,17,1.32,8.21,3.35,4.28,600.6
Matt Magill,Mariners,3950,3,3,9,4.16,0,55,59,55,27,9,65,23,1.32,9.92,3.54,4.28,329
Dany Jimenez,Giants,sa885967,1,1,0,4.11,0,18,18,16,8,2,19,8,1.35,9.51,4.01,4.29,999
David Phelps,Brewers,6316,3,2,1,4.27,0,58,57,54,27,8,58,25,1.38,9.18,3.91,4.29,999
Madison Bumgarner,Diamondbacks,5524,11,9,0,4.2,31,31,186,181,87,31,176,47,1.23,8.51,2.26,4.29,121.4
Jonny Venters,,7175,1,1,0,4.35,0,19,17,16,8,2,16,10,1.53,8.55,5.11,4.3,999
Dennis Santana,Dodgers,17878,1,0,0,4.38,0,9,12,11,6,2,13,5,1.37,9.83,4.04,4.3,999
Tommy Hunter,Phillies,1157,1,1,0,4.07,0,21,20,19,9,3,18,5,1.23,8.24,2.37,4.3,999
Blake Wood,,1345,1,1,0,4.31,0,12,12,12,6,1,12,6,1.41,8.97,4.06,4.31,999
J.B. Wendelken,Athletics,14506,3,2,0,4.11,0,37,39,38,18,6,39,16,1.38,9.07,3.7,4.31,999
Alex Wood,Dodgers,13781,7,6,0,3.89,19,30,115,112,50,15,102,30,1.24,8.01,2.36,4.31,377.3
Steven Matz,Mets,13361,9,9,0,4.16,26,33,151,147,70,23,144,50,1.31,8.63,3,4.31,293
Robert Gsellman,Mets,13696,2,2,0,4.25,0,46,50,49,23,6,45,17,1.32,8.06,3.08,4.31,999
Jose Quintana,Cubs,11423,11,10,0,4.28,31,31,172,176,82,24,156,54,1.33,8.13,2.82,4.32,337
Ben Heller,Yankees,15100,1,1,0,4.19,0,21,23,20,11,4,25,10,1.31,9.91,3.84,4.32,999
Patrick Sandoval,Angels,19447,5,6,0,4.42,16,21,87,84,43,12,84,38,1.41,8.74,3.95,4.33,564.9
Zac Houston,Tigers,sa874155,1,0,0,5.45,0,9,13,13,8,1,12,7,1.49,8.15,4.71,4.33,999
Wandy Peralta,Giants,14295,1,1,0,4.52,0,31,28,29,14,3,22,12,1.45,7.11,3.89,4.33,999
Rich Hill,Twins,4806,4,3,0,4.08,11,14,60,54,27,9,67,20,1.24,9.98,3.02,4.34,491.6
Brent Suter,Brewers,13942,5,4,1,4.01,3,57,81,80,36,12,72,18,1.21,7.96,2.03,4.34,594.1
Jake Petricka,Blue Jays,10534,0,0,0,4.51,0,9,10,10,5,1,8,4,1.4,7.33,3.28,4.34,999
Joely Rodriguez,Rangers,11487,2,2,1,4.52,0,47,49,49,24,6,46,21,1.44,8.49,3.89,4.34,586.5
Corey Oswalt,Mets,13677,1,1,0,4.04,2,12,18,18,8,3,16,5,1.3,7.96,2.33,4.34,999
Fernando Rodney,,494,1,1,1,4.47,0,24,24,22,12,3,25,12,1.43,9.32,4.57,4.35,999
Taylor Williams,Mariners,14899,1,1,0,4.75,0,10,10,10,5,1,10,4,1.35,8.77,3.57,4.35,999
Dallas Keuchel,White Sox,9434,10,10,0,4.15,30,30,177,182,82,23,139,58,1.36,7.09,2.97,4.35,267.8
Hunter Wood,Indians,15091,2,2,0,4.15,0,43,47,45,22,7,46,16,1.3,8.76,3.03,4.36,999
Steve Cishek,White Sox,6483,3,3,2,3.89,0,63,59,53,26,8,57,24,1.29,8.7,3.63,4.36,565.1
Devin Williams,Brewers,15816,2,1,0,4.42,1,27,28,25,14,4,31,15,1.45,10.1,4.97,4.36,999
Josh A. Smith,Marlins,10946,1,0,0,5.51,0,19,19,21,12,3,18,7,1.49,8.29,3.49,4.36,999
Grant Holmes,,sa828669,1,1,0,4.21,0,11,12,12,6,2,11,5,1.35,8.2,3.44,4.36,999
D.J. Johnson,,12578,1,0,0,4.97,0,11,10,12,6,2,10,4,1.59,9.15,3.72,4.37,999
Michael Kopech,White Sox,17282,5,5,0,4.46,15,21,89,81,44,13,99,41,1.37,10.04,4.16,4.37,284.5
Josh Lindblom,Brewers,7882,9,10,0,4.38,27,27,153,154,75,25,147,46,1.31,8.61,2.72,4.37,352.5
Cal Quantrill,Padres,19312,4,5,0,4.68,13,24,76,81,40,11,65,23,1.36,7.66,2.75,4.37,579.7
Kevin McCarthy,Royals,15240,3,3,1,4.32,0,58,61,67,29,7,39,20,1.42,5.82,2.91,4.37,999
Luis Avilan,Yankees,2882,1,0,0,4.52,0,25,20,20,10,3,20,8,1.36,8.94,3.5,4.37,999
Jandel Gustave,Giants,14665,2,3,1,4.11,0,53,53,52,24,6,42,23,1.41,7.22,3.84,4.37,999
Jonathan Holder,Yankees,16588,2,1,0,4.59,0,37,38,37,19,6,39,11,1.25,9.19,2.56,4.37,999
Tarik Skubal,Tigers,sa3007593,2,2,0,4.64,6,6,33,31,17,5,36,13,1.35,9.99,3.64,4.37,579.4
Chris Mazza,Red Sox,14151,1,1,0,4.09,1,15,21,22,9,3,15,6,1.36,6.65,2.63,4.38,999
Mike Minor,Rangers,10021,11,10,0,4.24,30,30,184,179,87,30,174,58,1.28,8.51,2.81,4.38,178.9
Keynan Middleton,Angels,15264,3,2,5,3.69,0,48,48,45,20,7,49,20,1.36,9.14,3.74,4.38,584.6
Clay Holmes,Pirates,13649,2,2,0,4.56,1,34,41,41,21,3,37,26,1.65,8.28,5.84,4.38,999
Cole Hamels,Braves,4972,8,7,0,4.21,23,23,127,124,60,18,124,47,1.34,8.76,3.33,4.39,319.6
Yimi Garcia,Marlins,12095,2,3,2,4.25,0,54,52,50,25,10,53,14,1.2,9.08,2.33,4.39,599
David Carpenter,,3959,0,0,0,3.82,0,9,7,7,3,1,6,3,1.39,6.95,3.88,4.39,999
Tyler Mahle,Reds,16358,6,7,0,4.3,14,47,100,99,48,16,99,31,1.3,8.92,2.8,4.39,512.9
Trevor Cahill,Giants,6249,1,1,0,4.56,3,16,24,23,12,3,22,9,1.35,8.27,3.49,4.39,999
Joel Kuhnel,Reds,19995,1,2,0,4.38,0,28,27,27,13,4,25,10,1.35,8.29,3.25,4.39,999
Luis Perdomo,Padres,14682,1,1,0,4.32,0,27,30,31,14,4,24,9,1.31,7.29,2.68,4.39,999
Art Warren,Mariners,18251,0,1,0,3.96,0,15,15,14,7,2,15,8,1.44,9.02,4.71,4.39,999
Chris Stratton,Pirates,13761,2,3,0,4.6,1,39,51,53,26,7,45,19,1.41,7.95,3.28,4.39,999
Nathan Eovaldi,Red Sox,9132,8,6,0,4.53,25,25,133,133,67,21,127,45,1.34,8.64,3.02,4.4,441.8
Touki Toussaint,Braves,16929,3,2,0,4.49,2,34,50,47,25,7,53,26,1.45,9.58,4.65,4.4,597.3
Xavier Cedeno,,36,0,0,0,4.41,0,12,11,11,5,1,9,4,1.42,7.55,3.76,4.4,999
Kyle Wright,Braves,19665,4,5,0,4.47,12,17,71,71,35,10,64,28,1.4,8.12,3.57,4.4,548.8
Rafael Montero,Rangers,12760,3,3,3,3.66,0,60,66,60,27,10,72,23,1.27,9.8,3.13,4.41,568.1
Nate Pearson,Blue Jays,sa3005097,3,3,0,4.37,9,13,51,48,25,8,49,17,1.27,8.62,2.96,4.41,999
Jimmy Nelson,Dodgers,10547,2,2,0,4.27,3,32,43,40,20,6,45,16,1.3,9.45,3.39,4.41,573.5
Kelvin Herrera,White Sox,6033,2,3,2,4.6,0,50,49,49,25,8,48,17,1.34,8.87,3.09,4.41,999
Felix Pena,Angels,13403,3,2,0,4.49,3,35,59,54,30,10,60,20,1.26,9.13,3.06,4.41,600.6
Dylan Cease,White Sox,18525,8,10,0,4.53,24,24,133,126,67,19,138,60,1.4,9.36,4.05,4.41,282.5
Merrill Kelly,Diamondbacks,11156,8,9,0,4.49,19,47,139,143,69,22,125,44,1.35,8.08,2.85,4.41,490.7
Anthony DeSclafani,Reds,13050,9,9,0,4.34,27,27,150,148,72,26,147,43,1.27,8.82,2.56,4.41,259.8
Bernardo Flores,White Sox,sa874080,1,1,0,4.61,3,9,18,20,9,3,14,5,1.38,7.08,2.49,4.42,999
J.P. Feyereisen,Brewers,sa829227,1,0,0,4.39,0,12,13,11,6,2,15,7,1.37,10.53,4.64,4.42,999
Daniel Hudson,Nationals,7146,3,3,10,3.96,0,62,63,58,28,9,63,25,1.32,8.96,3.6,4.42,292.8
Justin Anderson,Angels,16201,2,1,0,4.55,0,36,36,32,18,5,41,20,1.44,10.22,5.09,4.42,999
Drew VerHagen,,13424,2,2,0,4.68,0,24,40,42,21,5,34,15,1.44,7.68,3.31,4.42,999
Brad Keller,Royals,15734,9,12,0,4.41,30,30,170,174,83,19,127,68,1.42,6.7,3.6,4.42,568.7
Luis Garcia,,6984,1,1,1,4.62,0,22,22,22,11,3,21,10,1.44,8.55,4.04,4.42,999
Kyle Gibson,Rangers,10123,10,11,0,4.52,30,30,169,175,85,24,156,62,1.41,8.3,3.3,4.42,405.6
Tyler Anderson,Giants,12880,4,5,0,4.37,13,19,69,66,33,10,66,23,1.29,8.72,2.97,4.43,601
Tyler Olson,,14741,1,0,0,3.83,0,21,17,17,7,3,17,7,1.38,8.83,3.61,4.43,999
Junior Guerra,Diamondbacks,5702,3,3,1,4.34,0,53,58,55,28,8,55,24,1.36,8.51,3.77,4.43,600.3
JT Brubaker,Pirates,sa875176,0,1,0,4.74,3,4,15,16,8,2,12,5,1.44,7.21,3.08,4.43,999
Austin Gomber,Cardinals,16561,2,2,0,4.39,5,9,30,29,15,4,27,11,1.36,8.22,3.4,4.43,600.6
Alex Reyes,Cardinals,15015,2,2,1,4.58,1,31,39,33,20,5,41,23,1.45,9.66,5.31,4.44,428.3
Hunter Harvey,Orioles,15507,2,3,5,4.29,0,55,57,55,27,9,62,23,1.37,9.78,3.67,4.44,520.4
Marco Gonzales,Mariners,15467,12,13,0,4.39,32,32,188,200,92,28,143,51,1.33,6.85,2.45,4.44,444.6
James Marvel,Pirates,19675,1,1,0,4.69,3,4,18,19,9,2,11,6,1.41,5.59,3.08,4.44,999
Rick Porcello,Mets,2717,11,11,0,4.58,28,29,162,167,82,27,144,41,1.29,7.99,2.28,4.44,426.3
Dakota Hudson,Cardinals,19206,10,10,0,4.22,29,29,161,162,76,17,122,72,1.45,6.83,4.04,4.45,329.7
Demarcus Evans,Rangers,sa875783,1,1,0,4.74,0,17,17,14,9,2,22,12,1.52,11.33,6.32,4.45,600.8
Tyler Beede,Giants,16981,2,4,0,4.58,8,16,51,50,26,7,50,22,1.42,8.8,3.93,4.45,481.5
Heath Hembree,Red Sox,11632,2,2,0,4.4,0,49,48,45,23,8,54,18,1.33,10.06,3.46,4.46,999
Nick Pivetta,Phillies,15454,4,4,0,4.49,9,34,72,69,36,12,76,27,1.33,9.41,3.38,4.46,536.5
Michael Fulmer,Tigers,13218,2,4,0,4.61,9,11,49,50,25,7,41,14,1.32,7.59,2.66,4.46,599.6
Masahiro Tanaka,Yankees,15764,12,8,0,4.34,30,30,172,176,83,29,153,40,1.25,8,2.09,4.46,224.7
Sixto Sanchez,Marlins,sa873550,3,3,0,4.18,9,9,54,55,25,8,44,16,1.3,7.35,2.58,4.46,999
Domingo German,Yankees,17149,5,4,0,4.47,13,19,76,72,38,14,82,24,1.26,9.66,2.83,4.46,425.3
Jimmy Cordero,White Sox,15690,2,2,0,4.16,0,40,41,40,19,5,36,19,1.45,7.95,4.27,4.46,999
Cionel Perez,Astros,19614,1,1,0,4.7,0,11,15,15,8,2,15,6,1.37,8.73,3.68,4.46,999
Chad Kuhl,Pirates,14975,4,5,0,4.65,12,16,68,70,35,10,64,26,1.41,8.45,3.45,4.47,999
Brett Anderson,Brewers,8223,8,9,0,4.51,25,25,136,153,68,17,84,38,1.41,5.6,2.49,4.47,587.9
Adam Wainwright,Cardinals,2233,9,9,0,4.46,25,25,137,144,68,18,118,51,1.42,7.75,3.34,4.47,561
Jose De Leon,Reds,15463,2,2,0,4.53,2,21,35,33,18,6,41,18,1.44,10.62,4.63,4.48,595.7
Matt Wisler,Twins,12804,2,2,0,4.77,0,36,40,41,21,7,40,11,1.3,8.84,2.52,4.48,999
Daniel Ponce de Leon,Cardinals,16110,3,4,0,4.26,7,22,63,56,30,8,61,31,1.38,8.72,4.42,4.48,583.1
Chasen Shreve,Mets,10855,0,0,0,4.18,0,10,9,8,4,1,9,4,1.34,8.99,4.26,4.48,999
Drew Smyly,Giants,11760,5,8,0,4.49,21,22,116,110,58,19,118,44,1.33,9.22,3.43,4.49,558.9
Taylor Cole,Angels,11964,2,2,0,4.45,0,32,38,38,19,5,38,16,1.4,8.89,3.67,4.49,999
Jordan Yamamoto,Marlins,17585,6,10,0,4.51,25,25,135,126,67,20,128,56,1.35,8.58,3.72,4.49,500.1
Richard Bleier,Orioles,7803,3,3,2,4.35,0,61,64,71,31,7,36,14,1.34,5.03,2.01,4.49,601
Tony Cingrani,,12555,1,1,0,4.24,0,25,24,21,11,4,25,10,1.34,9.63,3.9,4.5,999
Ben Bowden,Rockies,sa873701,0,0,0,4.78,0,7,7,7,4,1,8,4,1.46,10.38,4.79,4.5,999
Trevor Oaks,,16468,1,1,0,4.48,1,6,15,17,8,1,9,6,1.47,5.02,3.38,4.5,999
Sergio Romo,Twins,9817,2,2,7,4.41,0,62,59,57,29,10,58,19,1.29,8.91,2.85,4.5,543.9
Sam Gaviglio,Blue Jays,12778,3,3,0,4.67,0,53,66,68,34,11,58,17,1.29,7.92,2.37,4.5,999
Corbin Martin,Diamondbacks,19884,1,0,0,5.22,2,5,9,9,5,1,9,4,1.49,8.59,4.28,4.5,999
Jacob Webb,Braves,19274,1,1,0,3.96,0,29,28,26,12,4,27,12,1.37,8.78,3.92,4.5,999
Ryan Burr,,17536,0,0,0,4.7,0,11,13,12,7,2,13,6,1.42,9.2,4.54,4.5,999
Jalen Beeks,Rays,17192,3,3,0,4.3,4,31,55,54,26,8,51,21,1.38,8.31,3.52,4.5,999
Evan Phillips,Orioles,17734,1,1,0,5.15,0,23,24,23,14,3,26,12,1.46,9.67,4.53,4.51,999
Aaron Civale,Indians,19479,8,8,0,4.27,24,24,137,144,65,22,110,35,1.3,7.18,2.28,4.51,261.2
T.J. McFarland,Athletics,3237,2,1,0,4.32,0,41,44,49,21,5,27,15,1.45,5.5,3.01,4.51,999
Caleb Smith,Marlins,14875,10,12,0,4.51,29,30,162,147,81,28,172,62,1.29,9.53,3.46,4.51,234.2
Alex Young,Diamondbacks,18333,4,4,0,4.35,7,33,65,66,32,10,57,24,1.38,7.83,3.26,4.52,581.2
Devin Smeltzer,Twins,19487,2,2,0,4.51,3,24,41,43,21,7,35,11,1.31,7.55,2.39,4.52,597.1
Edubray Ramos,,16086,0,0,3,4.69,0,16,13,12,7,2,12,4,1.32,8.25,3.1,4.53,999
Austin Voth,Nationals,15047,4,5,0,4.33,12,31,79,78,38,13,74,26,1.32,8.39,3.01,4.53,511.2
Jesse Chavez,Rangers,5448,3,3,1,4.55,0,63,72,76,37,12,66,21,1.33,8.22,2.57,4.53,999
Matt Hall,Red Sox,18076,3,3,0,5.22,7,20,51,54,30,8,50,21,1.48,8.84,3.77,4.53,999
David Hernandez,Nationals,4259,0,0,0,4.05,0,9,10,10,4,2,10,3,1.36,9.32,3.26,4.54,999
Anthony Swarzak,Phillies,7466,2,2,0,4.8,0,34,34,33,18,6,34,12,1.33,9.13,3.26,4.54,999
Tony Gonsolin,Dodgers,19388,4,3,0,4.08,8,21,59,55,27,10,58,22,1.31,8.84,3.44,4.54,519.9
Matt Andriese,Angels,12022,4,4,0,4.59,6,36,72,73,37,12,71,24,1.33,8.8,2.94,4.54,600.8
Eric Lauer,Brewers,19316,8,9,0,4.62,25,25,137,142,70,22,127,48,1.39,8.34,3.18,4.54,566.6
Dereck Rodriguez,Giants,14509,3,5,0,4.46,5,47,69,70,34,10,55,23,1.35,7.18,3.01,4.55,999
Trevor Rosenthal,,10745,1,1,1,4.84,0,23,22,19,12,2,25,14,1.5,10.17,5.67,4.55,600.3
Jarlin Garcia,Giants,18282,2,2,0,4.26,0,32,34,34,16,4,28,12,1.33,7.23,3.21,4.55,999
Sean Manaea,Athletics,15873,12,8,0,4.05,27,27,156,152,70,22,137,41,1.23,7.88,2.37,4.55,177.4
Sean Newcomb,Braves,16943,5,5,0,4.08,10,41,90,84,41,12,88,41,1.39,8.76,4.09,4.55,554.4
Dylan Bundy,Angels,12917,10,10,0,4.45,30,31,170,164,84,30,174,55,1.29,9.22,2.92,4.55,262.4
Sam McWilliams,Rays,sa829124,1,1,0,5.21,2,2,10,13,6,1,7,4,1.61,6.35,3.5,4.55,999
Dan Otero,Yankees,7385,0,0,0,5.13,0,16,17,20,10,3,10,3,1.32,5.49,1.49,4.56,999
Bo Takahashi,Diamondbacks,sa830370,0,0,0,2.65,0,10,9,9,3,1,4,3,1.24,3.39,2.82,4.56,999
James Hoyt,Indians,14605,1,1,0,4.14,0,32,30,28,14,4,32,12,1.34,9.58,3.66,4.56,999
Pat Venditte,Marlins,7108,1,0,0,5.12,0,9,10,8,6,1,8,4,1.27,7.08,3.72,4.56,999
Yoan Lopez,Diamondbacks,17181,2,3,1,4.03,0,50,48,46,22,7,42,17,1.3,7.77,3.15,4.56,600.6
Josh Osich,Red Sox,11528,1,1,0,4.81,0,20,21,22,11,3,18,8,1.42,7.76,3.29,4.56,999
Jon Lester,Cubs,4930,11,11,0,4.62,31,31,170,182,87,27,154,59,1.42,8.12,3.14,4.56,499.6
Eduardo Jimenez,,19642,0,0,0,4.32,0,6,8,8,4,1,5,3,1.36,6.43,3.33,4.56,999
Mike Foltynewicz,Braves,10811,11,9,0,4.33,29,29,164,159,79,25,154,57,1.32,8.42,3.12,4.56,205.3
Shawn Armstrong,Orioles,12857,2,2,3,4.69,0,53,56,53,29,9,59,26,1.41,9.45,4.13,4.56,999
Brady Singer,Royals,sa3008613,2,2,0,4.7,6,7,31,34,16,4,24,10,1.41,6.76,2.9,4.57,999
James Norwood,Cubs,16440,0,1,0,4.46,0,14,14,12,7,2,15,8,1.46,10.03,5.09,4.57,999
Jose Quijada,Angels,19200,1,1,0,4.55,0,17,17,15,8,3,20,8,1.38,10.59,4.44,4.57,999
Bobby Wahl,Brewers,14832,1,1,0,4.58,0,16,15,13,8,2,19,7,1.33,11.73,4.22,4.57,999
Sandy Alcantara,Marlins,18684,8,12,0,4.3,30,30,177,171,84,23,142,72,1.38,7.23,3.67,4.58,255.2
Blake Parker,Phillies,5224,1,1,1,4.4,0,41,41,37,20,8,44,15,1.26,9.59,3.18,4.58,999
Tony Sipp,,8280,1,1,0,4.44,0,22,20,19,10,3,20,9,1.36,8.84,3.79,4.58,999
Mike Mayers,Angels,15451,1,1,0,4.78,0,27,28,28,15,5,27,10,1.37,8.69,3.35,4.58,999
Tyler Chatwood,Cubs,4338,6,6,0,4.47,16,28,110,104,55,12,103,63,1.51,8.4,5.16,4.58,589
J.A. Happ,Yankees,7410,10,8,0,4.58,27,27,148,147,75,26,139,48,1.31,8.43,2.9,4.58,436.9
Alec Mills,Cubs,13834,3,4,0,4.5,8,30,69,73,35,11,63,24,1.4,8.21,3.13,4.58,598.8
Zach Duke,,3840,1,1,0,4.47,0,26,23,23,12,3,20,11,1.43,7.75,4.12,4.59,999
Wilmer Font,Blue Jays,5257,3,3,0,4.44,0,53,62,58,31,12,67,20,1.25,9.67,2.91,4.59,599.5
Michael Wacha,Mets,14078,5,6,0,4.47,10,40,90,91,45,13,79,35,1.4,7.94,3.51,4.59,586
Dominic Leone,Indians,13763,1,1,0,4.69,0,19,18,17,10,3,20,7,1.32,9.88,3.48,4.59,999
Vince Velasquez,Phillies,11189,7,7,0,4.61,19,43,121,116,62,22,130,46,1.34,9.73,3.41,4.59,561.2
Duane Underwood Jr.,Cubs,14677,1,1,0,4.64,0,20,21,20,11,3,20,9,1.43,8.78,4,4.59,999
Melvin Adon,Giants,sa873314,0,1,0,4.04,0,12,13,13,6,1,14,8,1.56,9.2,5.55,4.6,999
Trent Thornton,Blue Jays,17948,6,8,0,4.8,18,38,125,129,67,22,115,40,1.35,8.25,2.88,4.6,591.2
Joe Biagini,Astros,13194,2,2,0,4.84,0,36,37,39,20,5,32,14,1.42,7.77,3.32,4.6,999
Derek Law,Rangers,13133,1,1,0,4.79,0,19,20,21,11,3,19,10,1.49,8.59,4.32,4.61,999
Tayler Scott,,13652,1,0,0,6.45,0,10,14,15,10,2,13,7,1.57,8.43,4.53,4.61,999
Aaron Sanchez,,11490,2,2,0,4.79,6,20,43,43,23,6,37,20,1.46,7.8,4.11,4.61,999
Jacob Nix,Padres,17775,0,0,0,4.66,1,1,7,7,4,1,4,2,1.34,5.64,2.48,4.61,999
Matt Manning,Tigers,sa917924,3,2,0,4.85,8,8,49,48,26,7,45,19,1.38,8.3,3.56,4.61,999
Martin Perez,Red Sox,6902,9,9,0,4.63,28,28,155,170,80,21,122,56,1.46,7.1,3.26,4.61,594.8
Daniel Norris,Tigers,13475,5,10,0,4.8,25,26,135,142,72,22,121,46,1.39,8.08,3.04,4.62,589.9
Carl Edwards Jr.,Mariners,13607,3,2,1,4.39,0,47,46,38,22,6,51,24,1.34,10.03,4.62,4.62,597.7
Roenis Elias,Nationals,12673,3,3,1,4.27,0,47,53,52,25,8,47,20,1.37,8,3.37,4.62,999
Ryan Weber,Red Sox,10160,3,4,0,4.84,8,17,65,76,35,9,43,19,1.47,6.03,2.67,4.63,999
Matt Carasiti,,13276,0,0,0,4.39,0,9,9,9,4,1,8,4,1.48,7.79,4.03,4.64,999
Jakob Junis,Royals,13619,9,12,0,4.73,30,30,174,180,91,29,155,50,1.32,8.04,2.57,4.64,576.6
Tyler Alexander,Tigers,17735,3,4,0,4.81,6,31,63,72,34,12,53,13,1.35,7.48,1.87,4.64,999
Trevor Williams,Pirates,16977,8,11,0,4.75,29,29,161,170,85,23,126,51,1.37,7.05,2.83,4.65,596.2
Ryan Buchter,,9456,3,2,0,4.2,0,40,38,34,18,6,40,16,1.31,9.53,3.82,4.65,999
Jorge Alcala,Twins,19459,0,0,0,5.12,0,10,9,9,5,1,9,4,1.44,8.62,3.91,4.65,999
Ryan Eades,,14808,0,1,0,5.64,0,5,8,9,5,1,7,3,1.52,7.86,3.26,4.65,999
Jacob Rhame,Mets,15267,0,0,0,4.5,0,6,6,6,3,1,6,2,1.33,8.96,3.16,4.65,999
Tyler Bashlor,Mets,15203,1,1,0,4.93,0,13,13,12,7,2,13,6,1.41,8.72,4.35,4.65,999
Jacob Waguespack,Blue Jays,18318,3,4,0,4.62,2,41,55,56,28,8,48,22,1.41,7.82,3.55,4.65,999
Kyle Keller,Angels,18890,1,0,0,4.68,0,15,16,14,8,3,17,7,1.32,9.73,3.81,4.66,999
Blaine Hardy,Twins,6499,1,0,0,4.98,0,19,20,20,11,3,16,7,1.34,7.17,3.02,4.66,999
Walker Lockett,Mets,13804,1,1,0,5.01,1,11,18,20,10,3,14,5,1.36,6.69,2.28,4.66,999
Bryan Shaw,Rockies,8110,2,2,0,5,0,52,51,55,29,8,44,21,1.47,7.71,3.69,4.66,999
Nick Ramirez,Tigers,12575,2,2,0,4.43,0,32,36,36,18,5,30,16,1.44,7.66,3.91,4.66,999
Deivi Garcia,Yankees,sa916944,2,2,0,4.69,4,8,26,24,13,4,27,12,1.4,9.36,4.24,4.66,999
David Hale,Yankees,9756,2,1,0,4.25,0,13,25,30,12,3,16,8,1.53,5.65,2.95,4.67,999
Mike Leake,Diamondbacks,10130,8,10,0,4.6,22,31,139,159,71,22,90,25,1.33,5.83,1.63,4.67,584.4
Elieser Hernandez,Marlins,16933,5,7,0,4.6,17,36,106,102,54,19,104,36,1.29,8.81,3.04,4.67,581.5
Edgar Garcia,,sa282907,3,2,0,5.14,0,40,42,38,24,9,49,15,1.27,10.41,3.27,4.67,999
Cole Irvin,Phillies,19244,2,2,0,4.23,3,23,37,39,17,6,28,8,1.3,6.79,2.09,4.67,999
Ronald Bolanos,Padres,20041,1,1,0,5.01,3,5,19,19,11,3,17,9,1.48,8.23,4.26,4.68,999
Jose Urena,Marlins,11589,5,7,6,4.35,14,35,108,111,52,15,89,34,1.34,7.38,2.82,4.68,589.4
Manny Banuelos,,5365,1,2,0,4.88,1,18,22,22,12,3,22,10,1.44,8.64,4.13,4.68,999
Addison Reed,,10586,1,1,0,4.94,0,13,13,14,7,2,11,4,1.31,7.72,2.44,4.68,999
Joseph Palumbo,Rangers,17035,1,1,0,4.67,3,8,21,19,11,4,23,9,1.39,9.91,4.01,4.68,600
Wade Miley,Reds,8779,9,9,0,4.37,26,27,141,147,68,20,116,56,1.44,7.43,3.58,4.69,523.2
Dovydas Neverauskas,Pirates,11604,1,1,0,4.75,0,23,23,22,12,3,24,10,1.43,9.53,4.17,4.69,999
Justus Sheffield,Mariners,17285,6,9,0,4.55,24,24,132,132,67,19,118,60,1.45,8.03,4.11,4.69,454.3
Rogelio Armenteros,Astros,17679,3,1,0,4.73,4,26,40,39,21,7,40,15,1.35,9.1,3.3,4.69,600.8
Kyle Barraclough,,13713,1,1,0,4.17,0,18,18,14,8,2,18,11,1.46,9.32,5.76,4.69,600.9
Carlos Rodon,White Sox,16137,3,3,0,4.59,6,16,42,40,21,7,43,18,1.38,9.2,3.87,4.69,600
Sean Poppen,Twins,19583,0,0,0,5.28,1,2,6,6,3,1,5,3,1.53,8.54,4.36,4.69,999
Josh D. Smith,Reds,13629,1,0,0,3.95,0,16,16,14,7,3,18,8,1.35,10.09,4.61,4.7,999
Kolby Allard,Rangers,18694,3,4,0,4.81,9,14,53,57,28,8,41,20,1.46,7,3.4,4.7,599.3
Tyler Clippard,Twins,5640,2,2,2,4.44,0,55,54,50,27,10,58,19,1.26,9.64,3.19,4.7,598.6
Daniel Stumpf,,13780,0,0,0,4.49,0,9,6,6,3,1,6,3,1.43,8.78,3.9,4.71,999
Luis Cessa,Yankees,13345,2,2,0,4.58,0,41,51,51,26,9,47,18,1.34,8.33,3.11,4.71,600.3
Jake Arrieta,Phillies,4153,9,10,0,4.53,27,27,153,157,77,22,127,54,1.38,7.44,3.2,4.71,513.1
Aaron Barrett,Nationals,11243,1,1,0,4.96,0,19,18,18,10,3,16,8,1.45,8.06,3.91,4.71,999
Andrew Suarez,Giants,18300,2,4,0,4.66,5,17,50,56,26,7,36,18,1.47,6.47,3.24,4.71,999
Erik Swanson,Mariners,16587,3,5,0,4.73,8,43,75,73,39,15,72,21,1.26,8.61,2.56,4.71,999
Steven Brault,Pirates,15291,5,7,0,4.67,18,30,112,113,58,15,97,55,1.49,7.77,4.38,4.71,599.6
Zach Plesac,Indians,19979,8,8,0,4.49,23,23,128,129,64,21,106,41,1.33,7.42,2.9,4.72,444.7
Austin Brice,Red Sox,17237,1,0,0,4.55,0,17,18,18,9,3,17,6,1.32,8.31,3.03,4.72,999
Joe Ross,Nationals,12972,5,6,0,4.69,17,23,97,104,50,15,80,34,1.42,7.42,3.12,4.72,594.1
Jonathan Hernandez,Rangers,17464,1,1,0,4.8,0,19,22,23,12,3,21,11,1.52,8.71,4.4,4.72,999
Danny Duffy,Royals,3542,8,11,0,4.66,27,27,152,154,79,24,134,56,1.38,7.93,3.3,4.72,574
Lucas Sims,Reds,13470,3,3,0,4.42,1,45,58,49,28,10,71,27,1.32,11.09,4.19,4.73,600.8
Genesis Cabrera,Cardinals,17490,1,2,0,4.6,4,21,30,30,16,5,29,13,1.42,8.7,3.98,4.73,999
Forrest Whitley,Astros,sa917930,3,3,0,4.89,10,10,56,52,30,9,61,26,1.4,9.81,4.18,4.73,999
David McKay,Tigers,19814,1,1,0,4.97,0,36,38,35,21,6,44,22,1.49,10.46,5.15,4.73,999
Jordan Romano,Blue Jays,16122,2,2,0,5.12,0,38,39,38,22,7,42,16,1.39,9.81,3.63,4.74,999
Elvis Luciano,Blue Jays,20632,1,1,0,4.92,0,23,30,30,16,4,24,14,1.49,7.28,4.17,4.74,999
Sam Howard,Pirates,16265,1,0,0,5.55,0,11,11,11,7,2,11,6,1.51,9.62,4.68,4.74,999
Zack Godley,Tigers,14862,2,2,0,4.67,1,27,35,35,18,5,31,15,1.44,7.91,3.77,4.74,999
Daniel Gossett,,16164,1,1,0,4.91,3,3,17,18,9,3,14,6,1.41,7.17,3.37,4.75,999
Julian Merryweather,Blue Jays,sa829363,1,1,0,4.36,0,15,16,16,8,3,15,5,1.32,8.77,2.87,4.75,999
Zach Eflin,Phillies,13774,10,10,0,4.49,26,28,152,161,76,26,123,42,1.34,7.32,2.51,4.75,501.9
Enderson Franco,Giants,11896,0,0,0,4.14,0,10,10,10,4,2,8,4,1.44,7.91,3.32,4.75,999
Miguel Castro,Orioles,15684,2,4,1,4.6,0,62,68,64,35,9,59,34,1.45,7.9,4.58,4.75,999
Dillon Tate,Orioles,17796,1,2,0,5,0,30,35,37,19,5,28,13,1.42,7.16,3.23,4.75,999
Jorge Lopez,Royals,14527,5,8,0,5.13,13,38,105,112,60,17,87,39,1.43,7.45,3.3,4.76,600.2
Casey Mize,Tigers,sa3008444,2,2,0,4.84,6,6,38,40,20,6,31,11,1.35,7.25,2.58,4.76,999
Randy Rosario,Royals,14508,1,1,0,4.66,0,22,22,25,12,3,16,9,1.51,6.61,3.64,4.76,999
Bryan Garcia,Tigers,19457,2,2,0,5.25,0,46,47,45,27,8,44,21,1.42,8.57,4.01,4.77,999
Shun Yamaguchi,Blue Jays,27460,4,5,0,4.46,9,50,84,80,42,14,82,36,1.39,8.73,3.86,4.77,580.4
Garrett Cleavinger,Phillies,sa827423,0,0,0,3.79,0,6,6,5,3,1,7,4,1.42,10.72,5.53,4.77,999
Cy Sneed,Astros,16106,1,1,0,4.87,0,14,20,20,11,4,18,7,1.35,8.09,3.03,4.77,999
Jeff Samardzija,Giants,3254,8,13,0,4.44,30,30,173,173,85,28,138,52,1.3,7.17,2.72,4.78,363.5
Arodys Vizcaino,,5498,2,1,1,4.06,0,28,28,25,13,4,31,12,1.33,10.03,3.87,4.78,599
Jerry Blevins,,7841,1,0,0,4.34,0,31,21,20,10,4,23,9,1.38,9.81,3.79,4.78,999
Tanner Roark,Blue Jays,8753,8,11,0,4.88,28,28,162,171,88,28,141,51,1.37,7.81,2.82,4.78,552.6
Matt Bowman,Reds,13528,1,1,0,4.32,0,23,24,24,11,3,21,10,1.43,7.91,3.95,4.78,999
Reynaldo Lopez,White Sox,16400,10,11,0,4.62,30,30,170,168,88,30,155,60,1.33,8.2,3.16,4.78,307.1
AJ Ramos,,8350,1,1,0,5,0,12,12,11,7,2,12,6,1.45,9.38,4.64,4.79,999
Brett Cecil,Cardinals,2660,1,1,0,5.05,0,29,26,27,15,4,21,10,1.43,7.3,3.62,4.79,599.8
Anibal Sanchez,Nationals,3284,9,9,0,4.45,29,29,159,164,79,27,139,54,1.37,7.84,3.05,4.8,425.7
Jared Hughes,,9325,2,1,0,4.46,0,32,31,31,15,4,24,12,1.35,6.78,3.36,4.8,999
Justin Dunn,Mariners,19268,4,5,0,4.71,15,19,81,80,42,13,76,35,1.42,8.42,3.85,4.8,588.9
Yusei Kikuchi,Mariners,20633,8,11,0,4.74,30,30,163,172,86,27,128,52,1.37,7.05,2.88,4.8,553
Dan Winkler,Cubs,12237,1,1,0,4.5,0,23,22,21,11,3,21,12,1.52,8.72,5.15,4.8,999
Drew Gagnon,,12545,1,0,0,5.36,0,5,8,9,5,1,5,2,1.33,6.16,2.37,4.8,999
Damon Jones,Phillies,sa3004862,1,1,0,4.67,2,2,10,9,5,1,10,5,1.5,8.97,5.1,4.8,999
Jacob Barnes,,12323,0,0,0,4.13,0,13,13,13,6,2,13,5,1.39,8.62,3.57,4.81,999
Nick Neidert,Marlins,sa874797,1,2,0,4.71,5,9,31,33,16,5,27,10,1.38,7.65,3.01,4.81,999
Trevor Hildenberger,,17002,1,1,0,5.25,0,18,17,19,10,3,15,5,1.36,7.93,2.61,4.82,999
Gabe Speier,Royals,17170,0,0,0,5.34,0,7,7,7,4,1,6,3,1.43,8.56,3.67,4.82,999
Anthony Banda,Rays,14706,1,2,0,4.46,0,20,27,26,13,4,25,10,1.35,8.39,3.51,4.82,999
Jeanmar Gomez,,9033,1,1,0,4.75,0,19,19,21,10,3,15,7,1.43,7.24,3.18,4.82,999
Yacksel Rios,Pirates,15007,1,1,0,5.29,0,22,22,24,13,3,21,11,1.53,8.27,4.36,4.82,999
Greg Holland,,7196,2,2,1,4.86,0,40,39,36,21,5,38,22,1.5,8.92,5.09,4.82,598.3
Matt Albers,,4300,2,2,0,4.74,0,38,38,37,20,6,35,15,1.39,8.29,3.56,4.82,999
Gregory Soto,Tigers,19677,1,4,0,4.93,1,44,54,55,30,8,48,28,1.52,7.94,4.59,4.82,999
Huascar Ynoa,Braves,20468,0,1,0,5.6,0,10,14,15,8,2,13,6,1.59,8.76,4.19,4.83,999
Austin Pruitt,Astros,15290,3,3,0,4.7,5,22,57,62,30,10,46,15,1.34,7.24,2.34,4.83,599.7
Hunter Strickland,Nationals,7836,2,2,0,4.76,0,37,36,36,19,6,32,14,1.37,7.96,3.42,4.83,999
Phillip Diehl,Rockies,20030,0,0,0,5.2,0,12,11,11,6,2,11,4,1.42,8.84,3.49,4.83,999
Nick Margevicius,Mariners,20395,2,3,0,5.1,6,8,35,39,20,6,25,9,1.37,6.49,2.39,4.84,999
Brian Flynn,Rangers,12027,1,1,0,4.99,0,8,16,18,9,2,11,8,1.62,6.28,4.38,4.84,999
Zach Davies,Padres,13183,8,9,0,4.51,27,27,147,158,74,20,100,49,1.41,6.12,2.98,4.84,494.7
Jose Ruiz,White Sox,14552,1,1,0,4.94,0,17,16,16,9,3,15,8,1.48,8.66,4.47,4.84,999
Francisco Liriano,,3201,1,1,0,4.03,0,32,36,35,16,5,34,17,1.48,8.59,4.35,4.84,999
Paul Sewald,Mets,13892,1,2,0,4.82,0,20,21,21,11,4,20,7,1.33,8.87,2.95,4.84,999
Dylan Covey,Rays,14825,1,1,0,5.24,1,6,14,15,8,2,10,6,1.49,6.68,3.65,4.85,999
Wade Davis,Rockies,7441,2,3,14,5.43,0,55,54,52,33,8,55,28,1.47,9.2,4.59,4.85,304.7
James Kaprielian,,sa658943,0,0,0,4.8,1,16,19,19,10,3,18,7,1.37,8.5,3.39,4.85,999
Scott Moss,Indians,sa738902,0,0,0,5.13,0,9,8,8,5,2,9,4,1.4,9.09,3.72,4.85,999
Ryan Borucki,Blue Jays,16350,2,4,0,4.89,9,11,51,55,28,8,40,19,1.45,7.09,3.41,4.86,599.8
Gio Gonzalez,White Sox,7448,8,8,0,4.72,25,26,138,138,73,20,120,60,1.43,7.82,3.9,4.86,565.3
Johnny Cueto,Giants,6893,7,9,0,4.27,25,25,137,138,65,20,114,46,1.34,7.48,3,4.86,309.3
Homer Bailey,Twins,8362,8,8,0,4.85,24,24,131,140,71,22,110,44,1.41,7.6,3.01,4.86,509.6
Paul Blackburn,Athletics,14739,2,2,0,4.93,2,19,36,39,20,5,24,11,1.39,6.02,2.62,4.87,999
Kyle McGowin,Nationals,15071,1,1,0,5.09,3,11,20,21,12,4,20,7,1.39,8.63,3.09,4.87,999
Adam Conley,Marlins,14457,2,4,1,4.68,0,51,52,53,27,8,46,21,1.43,7.98,3.67,4.87,999
J. D. Hammer,Phillies,19548,1,0,0,4.73,0,11,11,10,6,2,10,5,1.41,8.24,4.35,4.88,999
Cory Gearrin,,7947,1,1,0,4.64,0,26,25,25,13,4,22,10,1.42,7.94,3.65,4.88,999
Jordan Montgomery,Yankees,16511,8,6,0,4.38,20,31,123,122,60,20,116,42,1.34,8.51,3.1,4.88,449.4
Daniel Mengden,Athletics,16980,3,3,0,4.97,5,23,50,52,28,8,37,16,1.37,6.57,2.91,4.88,999
Matt Shoemaker,Blue Jays,4776,8,9,0,4.48,24,24,131,130,65,22,120,42,1.32,8.26,2.92,4.88,520.4
Robert Dugger,Marlins,19191,2,3,0,4.94,4,16,42,44,23,7,34,15,1.4,7.3,3.26,4.88,999
Jose Suarez,Angels,19911,2,2,0,4.81,6,10,39,39,21,7,34,15,1.42,7.83,3.62,4.89,999
Jake McGee,Rockies,7550,2,2,0,5.26,0,50,49,52,28,9,42,16,1.39,7.88,2.9,4.89,999
Wily Peralta,,7738,1,1,0,5.16,0,29,29,30,17,4,24,14,1.53,7.56,4.37,4.89,999
Mike Montgomery,Royals,4869,6,9,0,4.74,25,27,137,149,72,19,100,52,1.47,6.57,3.39,4.9,999
Yefry Ramirez,,15655,0,1,0,4.78,0,4,9,9,5,1,10,5,1.55,9.38,5.28,4.9,999
Dillon Peters,Angels,18790,2,2,0,4.89,4,15,31,34,17,5,24,11,1.43,6.96,3.13,4.9,999
Nestor Cortes,Mariners,17874,1,1,0,4.57,0,22,27,26,14,5,26,10,1.35,8.83,3.34,4.91,999
Mike Morin,Brewers,13442,1,2,0,5.15,0,23,23,25,13,4,17,6,1.35,6.79,2.46,4.91,999
Josh Staumont,Royals,18335,1,2,0,4.39,2,28,31,27,15,4,33,22,1.6,9.59,6.45,4.92,999
Shawn Kelley,,7773,2,1,1,4.81,0,33,32,33,17,7,32,9,1.29,8.74,2.56,4.92,600.1
Jake Newberry,Royals,15136,2,2,0,4.94,0,32,34,35,19,5,30,16,1.49,8.03,4.19,4.92,999
Luke Bard,Angels,14288,2,2,0,4.82,0,26,30,30,16,6,29,12,1.41,8.9,3.56,4.92,999
Tayron Guerrero,White Sox,11691,1,2,0,5.05,0,26,27,26,15,4,28,16,1.54,9.17,5.32,4.92,999
Derek Holland,Pirates,4141,2,3,0,4.87,5,24,46,47,25,8,44,20,1.45,8.6,3.83,4.92,999
Ryan Tepera,Cubs,10291,3,3,0,4.39,0,50,49,46,24,7,45,20,1.36,8.37,3.68,4.93,999
Jordan Lyles,Rangers,7593,7,10,0,4.89,24,27,132,137,72,23,122,51,1.42,8.28,3.47,4.93,480.9
Yohan Ramirez,Mariners,sa922200,1,1,0,4.74,0,13,15,13,8,2,16,10,1.57,9.98,6.27,4.93,999
Javy Guerra,Nationals,7407,1,0,0,4.84,0,14,14,15,8,3,12,5,1.38,7.4,3.27,4.93,999
Tyson Ross,,7872,2,3,0,4.73,8,10,43,44,23,5,33,19,1.47,6.91,3.98,4.93,999
Sean Reid-Foley,Blue Jays,17034,2,2,0,4.95,2,27,40,38,22,7,41,21,1.49,9.29,4.84,4.93,999
Brad Boxberger,Marlins,10133,2,2,1,4.74,0,31,32,30,17,5,32,17,1.49,9.24,4.77,4.93,597.3
Kyle Zimmer,Royals,14169,1,2,0,5.71,0,24,27,27,17,4,24,16,1.59,8.1,5.35,4.94,999
Kendall Graveman,Mariners,15514,5,8,0,4.95,21,21,113,132,62,18,82,37,1.49,6.51,2.92,4.94,999
Wes Parsons,,14764,0,1,0,4.4,0,4,10,11,5,1,7,4,1.53,6.46,3.88,4.95,999
Reggie McClain,Phillies,19311,1,0,0,3.96,0,15,17,17,7,3,13,7,1.41,6.77,3.64,4.95,999
Andrew Cashner,,8782,4,5,0,4.61,6,45,74,76,38,11,57,28,1.42,6.94,3.45,4.95,999
Kyle Freeland,Rockies,16256,8,10,0,4.91,28,28,152,166,83,24,119,56,1.46,7.06,3.31,4.95,584.7
Cody Anderson,Mariners,12799,0,1,0,4.39,1,13,18,19,9,3,16,6,1.43,7.93,3.27,4.95,999
Matthew Festa,Mariners,19330,0,0,0,4.42,0,9,10,9,5,2,9,4,1.38,8.03,3.83,4.96,999
Erick Fedde,Nationals,17425,2,3,0,4.91,6,18,47,52,26,7,34,18,1.48,6.46,3.44,4.96,999
Adbert Alzolay,Cubs,17859,2,3,0,4.97,7,15,44,44,24,8,44,20,1.44,8.92,4.02,4.96,601
Cristian Javier,Astros,sa874816,1,1,0,4.9,4,5,22,19,12,4,26,12,1.41,10.51,4.9,4.97,594.7
Anthony Kay,Blue Jays,20387,3,4,0,5.04,8,12,50,51,28,8,44,23,1.47,7.9,4.09,4.97,598.5
T.J. Zeuch,Blue Jays,19269,1,1,0,5.13,2,17,26,28,15,4,19,10,1.44,6.44,3.56,4.97,999
Victor Alcantara,,15028,1,1,0,4.77,0,10,11,12,6,1,7,4,1.47,6.12,3.53,4.97,999
Jose Mujica,Athletics,sa3006525,0,0,0,5.08,1,6,9,10,5,2,7,3,1.54,7.15,3.27,4.97,999
A.J. Cole,Blue Jays,11467,1,1,0,4.88,0,13,15,15,8,3,16,6,1.38,9.63,3.44,4.98,999
John Means,Orioles,16269,9,12,0,4.76,30,30,166,177,88,32,129,43,1.33,6.97,2.35,4.98,429.2
Patrick Weigel,Braves,sa829466,0,0,0,4.52,0,6,6,6,3,1,6,3,1.37,8.34,4.16,4.98,999
Burch Smith,Athletics,12784,1,1,0,4.88,0,18,22,22,12,4,22,12,1.5,8.74,4.66,4.99,999
Michael Rucker,Orioles,sa919117,1,2,0,4.99,0,23,26,27,15,5,25,9,1.38,8.36,3.12,4.99,999
Sal Romano,Reds,13690,1,1,0,4.25,0,16,18,19,9,3,17,7,1.43,8.21,3.45,5.01,999
Clay Buchholz,,3543,2,2,0,5.16,6,6,33,36,19,6,24,10,1.39,6.6,2.65,5.01,999
Brian Duensing,,4064,0,0,0,4.98,0,6,6,7,3,1,5,3,1.49,6.79,3.92,5.02,999
Jesse Hahn,Royals,13287,2,4,0,4.98,4,33,53,55,29,7,46,23,1.47,7.84,3.87,5.02,999
Thomas Pannone,Blue Jays,17281,2,2,0,4.93,0,41,49,48,27,10,47,17,1.34,8.64,3.2,5.02,999
Justin Shafer,Reds,16132,1,0,0,4.95,0,18,20,20,11,3,19,9,1.46,8.52,4.18,5.02,999
Kyle Bird,Rangers,16618,1,0,0,4.79,0,11,11,12,6,2,10,6,1.54,7.83,4.42,5.04,999
Jerad Eickhoff,,12664,1,1,0,4.17,2,21,27,27,13,5,25,8,1.29,8.14,2.62,5.05,999
Jefry Rodriguez,Indians,17018,2,3,0,5.2,5,16,38,40,22,6,30,19,1.54,7.05,4.46,5.05,999
Ariel Jurado,Rangers,17030,1,2,0,5.23,4,13,28,33,16,5,18,8,1.46,5.62,2.5,5.06,999
Cody Allen,,12183,1,2,2,5.02,0,31,30,29,17,6,34,14,1.4,9.93,4.1,5.06,600.4
James Bourque,Nationals,16668,1,0,0,4.07,0,13,12,12,5,2,11,7,1.64,8.4,5.55,5.06,999
Travis Lakins,Orioles,18600,0,1,0,5.36,0,20,21,22,12,3,17,10,1.52,7.28,4.22,5.08,999
Gerson Bautista,Mariners,19256,0,1,0,5.26,0,25,25,24,15,4,26,15,1.58,9.4,5.57,5.08,999
Antonio Senzatela,Rockies,15488,7,10,0,5.37,23,28,127,147,76,19,82,48,1.54,5.85,3.43,5.08,999
Travis Bergen,Blue Jays,18581,0,0,0,4.86,0,10,8,8,4,1,7,4,1.49,7.4,4.67,5.08,999
Logan Allen,Indians,18555,5,5,0,4.91,12,26,85,88,46,15,72,35,1.45,7.64,3.69,5.09,600.3
Wei-Yin Chen,,13071,2,2,0,5.14,4,22,37,40,21,7,32,12,1.39,7.78,2.82,5.09,999
Taylor Guerrieri,Rangers,13616,0,0,0,4.81,0,4,5,6,3,1,4,2,1.56,7.93,4.2,5.09,999
Dario Agrazal,Tigers,15821,1,3,0,4.89,2,11,30,33,16,5,17,7,1.36,5.23,2.12,5.09,999
Brandon Bielak,Astros,sa915815,1,0,0,5.02,2,2,9,10,5,2,8,4,1.44,7.71,3.79,5.1,999
Alex Cobb,Orioles,6562,7,11,0,5.11,26,26,143,162,81,26,100,41,1.42,6.3,2.59,5.11,593.7
Tyler Lyons,Yankees,11334,0,0,0,4.62,0,12,12,11,6,2,12,4,1.33,9.54,3.32,5.11,999
Taylor Clarke,Diamondbacks,17611,2,2,0,4.95,3,19,33,34,18,6,27,11,1.38,7.42,3.11,5.11,999
Taijuan Walker,Mariners,11836,5,7,0,4.7,21,22,108,110,56,18,96,39,1.38,7.99,3.21,5.11,538.9
Luke Farrell,Rangers,15101,2,2,0,4.87,0,28,34,33,18,6,34,16,1.47,8.98,4.4,5.11,999
Yency Almonte,Rockies,15068,1,1,0,5.23,0,28,30,31,17,4,27,17,1.63,8.08,5.21,5.12,999
Ivan Nova,Tigers,1994,6,10,0,5.14,22,32,126,149,72,23,80,31,1.43,5.74,2.22,5.12,598
Thomas Hatch,Blue Jays,sa738514,0,0,0,5.33,0,10,11,11,6,2,10,4,1.44,8.3,3.58,5.12,999
Jaime Barria,Angels,18356,2,3,0,4.93,6,19,45,47,25,9,39,14,1.36,7.83,2.81,5.12,601
Adalberto Mejia,White Sox,13188,0,1,0,4.62,0,6,11,11,6,2,10,5,1.44,8.32,4.05,5.12,999
Rony Garcia,Tigers,sa918036,1,2,0,5.24,0,34,38,40,22,7,33,14,1.44,7.74,3.44,5.13,999
Gabriel Ynoa,,12938,1,2,0,5.28,6,7,31,38,18,6,19,8,1.46,5.43,2.38,5.13,999
Donnie Hart,,15306,0,0,0,4.92,0,9,9,10,5,1,6,3,1.43,5.67,3.15,5.14,999
Felix Hernandez,,4772,2,3,0,5.12,7,9,40,43,23,7,32,14,1.45,7.21,3.25,5.14,597.3
Phillips Valdez,Red Sox,15605,0,0,0,5.08,0,7,9,9,5,1,7,4,1.51,7.45,4.1,5.14,999
Nick Goody,Rangers,13685,2,2,0,4.71,0,35,36,33,19,7,41,17,1.39,10.32,4.2,5.14,999
Jharel Cotton,Cubs,13654,1,2,0,4.21,3,22,29,31,14,6,29,13,1.5,8.81,3.88,5.14,600.8
Chad Bettis,,10587,1,1,0,5.32,2,17,26,30,16,5,18,9,1.44,6.28,2.93,5.15,999
Anthony Misiewicz,Mariners,sa874099,0,1,0,5.03,1,1,6,6,3,1,4,2,1.42,7.1,2.78,5.15,999
Jake Faria,Brewers,13699,0,0,0,4.13,0,12,16,16,7,3,17,7,1.43,9.69,3.99,5.15,999
Glenn Sparkman,Royals,15200,3,5,0,5.43,9,33,72,84,43,13,45,20,1.46,5.7,2.55,5.16,999
Julio Teheran,Angels,6797,9,10,0,4.64,29,29,160,152,83,29,146,71,1.39,8.21,3.97,5.16,371
Aaron Brooks,,12272,1,2,0,5.19,4,9,28,32,16,5,19,9,1.47,6.01,2.77,5.17,999
Ashton Goudeau,Rockies,sa658634,1,1,0,5.04,3,10,21,23,11,4,18,7,1.45,7.92,3.11,5.17,999
Edinson Volquez,Rangers,3990,0,1,0,4.73,1,11,14,14,7,2,11,6,1.47,7.52,3.94,5.17,999
Michael Shawaryn,Red Sox,19495,1,0,0,5.3,2,18,24,25,14,5,23,11,1.51,8.73,4.21,5.17,999
Josh Tomlin,,9388,1,1,0,4.88,0,21,24,28,13,5,17,3,1.28,6.41,1.24,5.17,999
Mike Fiers,Athletics,7754,11,9,0,4.61,30,30,168,175,86,31,128,50,1.33,6.85,2.66,5.18,442
Mike Dunn,,9948,0,0,0,5.71,0,10,7,7,4,1,6,4,1.55,8.21,4.89,5.18,999
Brock Burke,Rangers,17968,1,1,0,5.14,2,2,11,12,6,2,9,4,1.48,6.84,3.54,5.18,999
Wei-Chung Wang,,14382,0,0,0,4.65,0,7,6,7,3,1,4,2,1.46,6.03,2.96,5.18,999
Chi Chi Gonzalez,Rockies,14663,2,4,0,5.5,9,17,57,63,35,9,43,26,1.55,6.75,4.03,5.18,999
Tyler Kinley,Rockies,18297,1,1,0,5.21,0,25,25,25,14,4,24,14,1.57,8.83,5.21,5.18,999
Peter Lambert,Rockies,17969,5,7,0,5.52,19,20,105,123,64,19,71,33,1.49,6.1,2.84,5.19,999
Michael Baumann,Orioles,sa829681,0,1,0,4.68,2,2,9,9,5,1,7,4,1.42,6.89,3.81,5.19,999
Ubaldo Jimenez,Rockies,3374,0,0,0,5.56,1,1,8,9,5,1,7,4,1.57,7.77,4.15,5.19,999
Cody Carroll,Orioles,17664,1,0,0,5.55,0,12,13,12,8,2,13,7,1.49,9.01,4.88,5.19,999
Enyel De Los Santos,Phillies,18403,1,1,0,5.09,4,7,23,24,13,4,20,9,1.42,7.78,3.53,5.2,999
Bobby Poyner,,17987,1,1,0,5,0,13,14,14,8,3,13,7,1.49,8.59,4.33,5.2,999
Rico Garcia,,20023,1,2,0,5.11,4,10,22,22,12,4,16,10,1.46,6.77,4.04,5.21,999
Alex Faedo,Tigers,sa829855,1,2,0,5.47,3,7,22,24,13,5,19,7,1.4,7.98,2.75,5.21,999
Jhoulys Chacin,Twins,2608,3,4,0,5.04,10,13,53,56,30,9,44,21,1.44,7.46,3.54,5.22,599.1
Dean Kremer,Orioles,sa876350,5,6,0,5.3,14,19,78,83,46,15,69,31,1.46,7.98,3.54,5.22,999
Trevor Kelley,,18454,0,1,0,5.25,0,9,8,9,5,1,6,3,1.43,6.68,3.28,5.22,999
Jordan Zimmermann,Tigers,4505,5,9,0,5.36,21,22,116,135,69,23,85,28,1.41,6.57,2.18,5.23,999
Hector Velazquez,Red Sox,19341,2,3,0,4.92,6,19,48,51,26,8,36,23,1.54,6.76,4.37,5.23,999
Chase Anderson,Blue Jays,6895,7,9,0,4.67,26,26,140,137,72,27,121,50,1.34,7.79,3.21,5.23,562.8
Philip Pfeifer,Braves,sa602699,0,0,0,4.49,0,7,6,6,3,1,7,3,1.49,9.18,4.59,5.24,999
Eric Hanhold,,18332,0,0,0,5.34,0,7,6,6,4,1,5,3,1.44,7.06,3.72,5.25,999
Colin Rea,Cubs,12317,1,1,0,5.09,1,8,16,17,9,3,13,7,1.51,7.34,3.95,5.25,999
Ty Blach,Orioles,14361,2,4,0,5.99,7,16,48,60,32,8,30,18,1.62,5.54,3.29,5.26,999
Trey Supak,Brewers,sa828707,1,1,0,5.43,3,3,17,19,11,3,13,6,1.4,6.65,2.86,5.26,999
Yohander Mendez,Rangers,14391,1,2,0,4.77,0,17,23,24,12,4,24,11,1.46,9.12,4.09,5.28,999
Yennsy Diaz,Blue Jays,20218,0,0,0,5.31,0,16,13,14,8,2,10,6,1.5,6.69,4.29,5.28,999
Tom Eshelman,Orioles,18361,0,1,0,5.29,1,4,10,12,6,2,7,2,1.46,6.02,2.02,5.28,999
Tanner Houck,Red Sox,sa829037,1,2,0,5.26,4,6,24,26,14,4,20,11,1.55,7.42,4.19,5.28,999
Branden Kline,,14101,1,1,0,5.54,0,20,22,23,13,4,20,11,1.59,8.42,4.58,5.28,999
Caleb Frare,,14353,0,0,0,5.03,0,8,7,6,4,1,9,6,1.65,10.56,6.9,5.28,999
Chance Adams,Royals,18135,2,4,0,4.94,0,37,47,49,26,8,40,23,1.53,7.67,4.41,5.28,999
Shelby Miller,Brewers,10197,1,2,0,5.95,5,7,30,32,20,5,24,15,1.56,7.37,4.39,5.29,999
Hector Noesi,Pirates,3292,1,1,0,5.49,1,9,13,14,8,3,11,4,1.38,7.52,2.74,5.31,999
Stephen Woods Jr.,Royals,sa737853,1,1,0,5.36,0,18,20,21,12,3,16,11,1.62,7.08,5.12,5.31,999
Alex Wilson,,9239,1,2,0,4.97,0,22,23,25,13,4,17,6,1.37,6.69,2.51,5.32,999
Adam Plutko,Indians,15846,5,6,0,5.23,12,37,92,99,54,20,72,27,1.36,7.04,2.59,5.32,593.6
Joey Wentz,Tigers,sa917946,1,1,0,5.84,4,4,25,27,16,4,21,11,1.54,7.58,4.12,5.33,999
Kohl Stewart,Orioles,15502,3,5,0,5.32,9,22,63,70,37,10,41,28,1.56,5.93,4.05,5.34,999
Danny Salazar,,5867,3,4,0,5.05,7,27,57,59,32,10,54,25,1.47,8.45,3.94,5.34,588.9
Taylor Hearn,Rangers,18325,1,3,0,5.64,5,16,28,30,18,5,26,16,1.63,8.3,5.1,5.36,999
Matt Harvey,,11713,1,1,0,5.27,3,3,16,18,10,3,13,5,1.42,6.92,2.98,5.37,999
Jeff Hoffman,Rockies,17432,4,6,0,5.47,15,20,82,88,50,15,74,35,1.49,8.06,3.81,5.37,999
James Pazos,Rockies,13323,1,1,0,4.69,0,31,29,32,15,4,25,14,1.59,7.78,4.38,5.38,999
Clayton Richard,,3551,2,2,0,4.91,6,6,34,39,19,5,23,13,1.52,6.02,3.48,5.38,999
Kyle Hart,Red Sox,sa918414,2,1,0,5.2,4,8,27,30,16,5,21,11,1.49,6.97,3.53,5.38,999
Parker Dunshee,Athletics,sa873274,0,0,0,5.78,1,1,6,6,4,1,4,2,1.41,7.06,2.94,5.38,999
Odrisamer Despaigne,,16017,0,0,0,5.13,0,3,7,8,4,1,5,3,1.57,6.33,3.69,5.42,999
Brian Johnson,Red Sox,14272,2,2,0,5.39,6,9,34,40,21,6,27,16,1.62,7.2,4.17,5.42,999
Tyler Thornburg,,10688,0,1,0,5.92,0,11,11,11,7,2,12,6,1.47,9.56,4.61,5.42,999
Zac Lowther,Orioles,sa915645,1,2,0,5.46,6,6,31,32,19,6,27,15,1.49,7.68,4.2,5.43,999
Ljay Newsome,Mariners,sa875837,1,2,0,5.27,4,5,23,26,14,6,19,5,1.33,7.39,1.9,5.44,999
Zac Rosscup,Rockies,9419,0,1,0,4.75,0,19,13,12,7,2,15,12,1.93,10.53,8.75,5.45,999
Nick Tropeano,Yankees,12385,0,0,0,5.81,1,1,6,7,4,1,5,2,1.53,7.36,3.56,5.47,999
Heath Fillmyer,,17466,1,1,0,5.49,2,7,14,16,9,2,11,7,1.63,6.89,4.66,5.47,999
Carson Fulmer,White Sox,18311,1,2,0,5.5,0,22,25,24,15,4,25,15,1.59,9.16,5.47,5.53,999
David Hess,Orioles,16130,3,4,0,5.42,6,29,53,57,32,12,45,21,1.46,7.65,3.49,5.54,999
Ben Lively,Diamondbacks,14932,0,0,0,5.37,0,5,7,8,4,1,6,3,1.49,7.28,3.41,5.55,999
Jason Vargas,,8044,3,4,0,5.21,10,10,53,57,31,11,42,21,1.46,7.11,3.47,5.56,999
Wade LeBlanc,,5221,4,6,0,5.5,15,16,85,97,52,19,60,25,1.45,6.35,2.64,5.56,999
Hector Santiago,,4026,1,2,0,4.87,0,16,20,21,11,4,18,9,1.49,8.15,4.1,5.59,999
Alex McRae,,16317,1,2,0,6.02,1,9,19,22,12,4,14,8,1.62,6.56,3.85,5.6,999
Foster Griffin,Royals,sa828674,0,1,0,5.01,3,4,13,15,7,3,10,5,1.53,6.53,3.67,5.65,999
Stephen Nogosek,Mets,19545,0,0,0,5.28,0,8,8,8,5,2,8,5,1.59,8.58,5.41,5.66,999
Brandon Bailey,Orioles,sa873692,3,6,0,5.63,12,24,79,83,50,16,69,39,1.54,7.88,4.39,5.67,999
Jesus Tinoco,Rockies,16300,1,2,0,5.45,0,21,26,28,16,5,19,12,1.55,6.8,4.07,5.68,999
Ryan Carpenter,,12699,1,2,0,6.62,4,4,19,24,14,4,14,7,1.62,6.25,3.34,5.7,999
Sean Gilmartin,,12781,0,1,0,5.93,0,4,8,9,5,2,6,3,1.51,6.37,3.76,5.7,999
Brock Stewart,Cubs,16727,0,0,0,6.35,0,4,7,7,5,1,5,3,1.53,6.84,3.96,5.71,999
Eric Skoglund,Royals,16155,1,3,0,5.79,4,12,36,43,23,7,20,12,1.55,5.04,3.01,5.75,999
Tommy Milone,,7608,2,2,0,5.39,6,8,38,43,23,10,29,10,1.4,6.86,2.26,5.77,999
Miguel Diaz,,18815,0,0,0,4.85,0,4,7,7,4,2,7,3,1.32,8.7,3.23,5.77,999
Jon Edwards,,1483,1,0,0,5.37,0,11,11,11,7,2,10,7,1.65,8.35,5.71,5.78,999
Bruce Zimmermann,Orioles,sa3004810,1,1,0,5.88,2,2,14,15,9,3,10,6,1.54,6.81,3.82,5.79,999
Chris Rusin,,9895,1,0,0,4.47,0,11,12,14,6,2,8,4,1.51,5.89,3.37,5.79,999
Keegan Akin,Orioles,sa873980,1,3,0,5.48,5,9,38,39,23,8,36,20,1.53,8.4,4.6,5.83,999
Joe Harvey,Rockies,16459,0,1,0,5.29,0,10,11,10,6,2,10,6,1.52,8.48,4.93,5.84,999
Asher Wojciechowski,Orioles,10836,7,11,0,5.33,26,27,143,150,85,35,128,53,1.41,8.06,3.3,5.85,600.4
Dan Straily,,9460,0,1,0,5.62,2,2,8,9,5,2,6,2,1.43,7.02,2.75,5.85,999
Marco Estrada,,1118,2,4,0,5.78,9,9,50,54,32,11,37,18,1.44,6.64,3.3,5.91,999
JC Ramirez,,8302,0,0,0,4.89,1,9,11,13,6,2,7,4,1.49,5.82,3.17,5.92,999
Jimmy Herget,Rangers,17556,0,0,0,4.98,0,7,8,8,4,1,5,5,1.64,5.52,5.81,5.94,999
Ross Detwiler,,2859,1,2,0,5.65,4,6,25,29,16,6,16,9,1.51,5.76,3.15,5.96,999
Ervin Santana,,3200,2,3,0,5.7,7,7,38,42,24,8,24,13,1.46,5.76,3.16,6.04,999
A.J. Schugel,,11432,1,0,0,3.75,0,5,7,7,3,2,6,3,1.41,7.16,3.68,6.08,999
Edwin Jackson,Diamondbacks,1841,1,2,0,5.58,5,5,22,24,14,5,16,11,1.59,6.39,4.62,6.19,999
Harrison Musgrave,Rockies,16532,0,1,0,6.95,0,8,9,14,7,2,7,5,2.07,7.04,4.95,6.19,999
Sam Freeman,Nationals,6832,0,0,0,5.07,0,6,8,10,5,1,5,5,1.78,5.87,4.9,6.27,999
Mark Appel,Phillies,sa501726,0,0,0,5.9,0,1,7,8,5,1,5,5,1.97,6.52,6.83,6.28,999
Ryan Castellani,Rockies,sa828689,0,1,0,6.5,1,1,7,8,5,2,6,4,1.74,7.12,5.09,6.42,999
