Name,Team,playerid,W,L,SV,HLD,ERA,GS,G,IP,H,ER,HR,SO,BB,WHIP,K/9,BB/9,FIP,WAR,ADP
Gerrit Cole,Yankees,13125,17,8,0,0,3.18,34,34,214,162,76,29,298,57,1.02,12.54,2.39,3.07,6.7,5.9
Jacob deGrom,Mets,10954,14,8,0,0,3,32,32,207,169,69,24,256,49,1.05,11.11,2.11,3.02,6.1,7.3
Max Scherzer,Nationals,3137,15,8,0,0,3.13,32,32,207,160,72,28,278,49,1.01,12.08,2.12,3.14,6,15.4
Justin Verlander,Astros,8700,17,9,0,0,3.33,34,34,216,169,80,34,279,49,1.01,11.62,2.04,3.48,5.4,12.8
Stephen Strasburg,Nationals,10131,15,9,0,0,3.4,32,32,201,172,76,23,235,56,1.13,10.53,2.5,3.31,5.3,27.4
Shane Bieber,Indians,19427,13,9,0,0,3.65,32,32,196,183,79,27,213,37,1.12,9.78,1.69,3.5,4.8,26.7
Noah Syndergaard,Mets,11762,12,9,0,0,3.61,32,32,193,181,77,22,201,49,1.19,9.36,2.29,3.46,4.6,65.4
Jack Flaherty,Cardinals,17479,13,9,0,0,3.36,32,32,190,153,71,24,233,58,1.11,11,2.74,3.49,4.5,22.5
Trevor Bauer,Reds,12703,13,10,0,0,3.83,32,32,201,175,85,26,237,75,1.25,10.63,3.36,3.83,4.4,82.2
Walker Buehler,Dodgers,19374,13,8,0,0,3.36,32,32,192,162,72,25,227,49,1.1,10.63,2.3,3.41,4.4,15.4
Clayton Kershaw,Dodgers,2036,14,8,0,0,3.38,31,31,192,171,72,27,200,40,1.1,9.35,1.86,3.62,4.3,51
Aaron Nola,Phillies,16149,13,10,0,0,3.69,34,34,209,184,86,27,231,70,1.22,9.98,3.02,3.79,4.2,52.2
Lucas Giolito,White Sox,15474,13,10,0,0,3.73,31,31,185,152,77,27,231,65,1.17,11.2,3.15,3.78,4.2,48.2
Patrick Corbin,Nationals,9323,13,9,0,0,3.68,32,32,191,173,78,24,216,62,1.23,10.17,2.94,3.65,4.2,44.1
Charlie Morton,Rays,4676,13,8,0,0,3.41,31,31,180,152,68,19,208,60,1.18,10.42,3.02,3.49,4.1,58.7
Lance Lynn,Rangers,2520,14,10,0,0,4.06,32,32,191,180,86,27,210,69,1.3,9.87,3.24,4.03,4.1,124.1
German Marquez,Rockies,15038,12,9,0,0,4.08,31,31,186,179,84,26,195,47,1.22,9.46,2.26,3.84,4.1,183.2
Blake Snell,Rays,13543,12,8,0,0,3.36,28,28,157,126,59,18,199,61,1.19,11.4,3.52,3.36,4,32.2
Yu Darvish,Cubs,13074,11,8,0,0,3.71,31,31,180,151,74,24,219,59,1.16,10.94,2.93,3.6,4,58.8
Luis Castillo,Reds,15689,13,10,0,0,3.71,32,32,191,164,79,25,216,68,1.22,10.21,3.22,3.81,3.9,38.9
Mike Clevinger,Indians,12808,12,8,0,0,3.64,28,28,163,136,66,21,196,58,1.19,10.82,3.18,3.64,3.6,32.5
Corey Kluber,Rangers,2429,12,9,0,0,4.09,29,29,175,168,80,25,176,47,1.23,9.06,2.4,3.99,3.6,98
Zack Wheeler,Phillies,10310,11,9,0,0,4.07,31,31,189,181,85,27,188,54,1.25,8.97,2.59,4.06,3.5,113.5
Jon Gray,Rockies,14916,13,10,0,0,4.29,31,31,182,176,87,25,187,62,1.31,9.26,3.05,4.08,3.5,257
Brandon Woodruff,Brewers,16162,12,9,0,0,3.9,31,31,181,165,78,24,199,60,1.24,9.92,2.99,3.84,3.5,82.9
Sonny Gray,Reds,12768,12,9,0,0,3.87,31,31,175,153,75,22,190,66,1.26,9.79,3.41,3.89,3.5,101.8
Tyler Glasnow,Rays,14374,11,8,0,0,3.6,28,28,157,125,63,19,204,63,1.2,11.73,3.61,3.52,3.5,64.7
Mike Soroka,Braves,18383,11,8,0,0,3.72,31,31,182,178,75,21,159,45,1.23,7.88,2.25,3.83,3.5,106.7
Max Fried,Braves,13743,14,10,0,0,3.65,31,31,177,167,72,18,181,63,1.29,9.2,3.18,3.71,3.4,131.7
Jose Berrios,Twins,14168,13,10,0,0,4.32,32,32,197,190,94,30,195,60,1.27,8.9,2.75,4.3,3.4,81.1
Carlos Carrasco,Indians,6632,12,9,0,0,3.89,29,29,171,159,74,28,193,40,1.17,10.15,2.13,3.87,3.4,108.3
Chris Paddack,Padres,20099,11,9,0,0,3.76,29,29,168,150,70,25,183,41,1.14,9.79,2.2,3.85,3.3,53.5
Marcus Stroman,Mets,13431,11,10,0,0,3.8,31,31,179,177,76,18,154,58,1.31,7.72,2.89,3.85,3.3,210.2
Mike Minor,Rangers,10021,13,11,0,0,4.55,32,32,201,199,102,34,187,64,1.3,8.37,2.87,4.6,3.2,178.9
Chris Archer,Pirates,6345,10,10,0,0,4.17,31,31,179,171,83,25,200,64,1.31,10.03,3.2,3.95,3.1,262.6
Eduardo Rodriguez,Red Sox,13164,14,10,0,0,4.23,34,34,201,192,94,28,208,74,1.32,9.29,3.31,4.16,3.1,140.2
Hyun-Jin Ryu,Blue Jays,14444,11,10,0,0,4.02,31,31,182,184,81,29,167,38,1.22,8.23,1.86,4.15,3.1,147.4
Frankie Montas,Athletics,14309,12,9,0,0,3.97,29,29,173,166,76,23,170,55,1.28,8.87,2.85,4.05,3.1,116.1
Kyle Hendricks,Cubs,12049,12,9,0,0,3.99,31,31,180,180,80,25,152,41,1.23,7.61,2.03,4.15,3,159.2
Matthew Boyd,Tigers,15440,10,10,0,0,4.34,29,29,168,157,81,29,186,49,1.23,10,2.65,4.25,3,166.3
James Paxton,Yankees,11828,10,6,0,0,3.83,23,23,129,114,55,20,151,40,1.2,10.57,2.8,3.83,3,172.8
Robbie Ray,Diamondbacks,11486,11,9,0,0,4.06,31,31,176,148,79,26,228,83,1.31,11.63,4.24,4.04,3,155.6
Joe Musgrove,Pirates,12970,11,11,0,0,4.19,31,31,179,181,83,25,164,41,1.24,8.24,2.08,4.04,3,214.3
Zack Greinke,Astros,1943,14,9,0,0,4.08,32,32,198,192,90,33,184,41,1.18,8.39,1.88,4.24,2.9,66.2
Andrew Heaney,Angels,15423,11,8,0,0,4.06,29,29,165,152,74,27,180,45,1.2,9.86,2.46,4.09,2.9,205
David Price,Dodgers,3184,11,7,0,0,3.71,28,28,155,140,64,22,164,42,1.17,9.5,2.42,3.88,2.9,170.4
Chris Sale,Red Sox,10603,8,4,0,0,3.16,16,16,99,78,35,12,130,22,1.02,11.85,2.04,3.05,2.9,35.2
Josh Hader,Brewers,14212,5,2,28,3,2.68,0,75,75,45,22,9,129,29,0.99,15.51,3.49,2.68,2.9,56.8
Jesus Luzardo,Athletics,19959,10,7,0,1,3.83,24,34,151,138,64,21,160,47,1.23,9.53,2.8,3.99,2.8,119.7
Jake Odorizzi,Twins,6397,13,10,0,0,4.33,31,31,175,163,84,29,184,62,1.28,9.45,3.16,4.37,2.8,185.4
Garrett Richards,Padres,9784,9,8,0,0,3.92,26,26,150,137,66,18,155,57,1.29,9.27,3.4,3.93,2.8,274.7
Lance McCullers Jr.,Astros,14120,10,7,0,0,3.88,24,24,139,127,60,16,152,57,1.32,9.82,3.65,3.86,2.8,184.9
Masahiro Tanaka,Yankees,15764,11,9,0,0,4.45,31,31,180,186,89,32,160,41,1.26,7.98,2.06,4.53,2.7,224.7
Jose Quintana,Cubs,11423,12,10,0,0,4.28,31,31,178,179,85,25,160,56,1.32,8.12,2.81,4.26,2.7,337
Dinelson Lamet,Padres,17186,10,9,0,0,3.91,26,26,147,122,64,20,186,65,1.27,11.36,3.95,3.92,2.7,133.2
Kyle Gibson,Rangers,10123,11,11,0,0,4.77,31,31,177,187,94,26,159,70,1.44,8.08,3.53,4.61,2.6,405.6
Joey Lucchesi,Padres,19320,11,11,0,0,4.15,31,31,178,171,82,25,174,63,1.31,8.8,3.19,4.21,2.6,227.3
Kevin Gausman,Giants,14107,9,9,0,0,3.92,26,26,148,143,65,18,143,43,1.25,8.69,2.59,3.84,2.5,330.4
Kenta Maeda,Twins,18498,11,9,0,1,4.44,26,36,160,150,79,25,174,58,1.3,9.74,3.27,4.29,2.5,173.8
Zac Gallen,Diamondbacks,19291,10,8,0,0,3.9,26,26,148,131,64,21,167,53,1.25,10.2,3.22,3.97,2.5,127.8
Dallas Keuchel,White Sox,9434,12,11,0,0,4.3,31,31,187,194,90,25,149,62,1.36,7.17,2.98,4.46,2.5,267.8
Marco Gonzales,Mariners,15467,12,13,0,0,4.44,32,32,192,205,95,29,147,51,1.34,6.91,2.4,4.55,2.5,444.6
Mitch Keller,Pirates,17594,9,10,0,0,4.21,26,26,150,146,70,19,159,58,1.36,9.53,3.46,4.03,2.4,232.8
Madison Bumgarner,Diamondbacks,5524,10,10,0,0,4.43,32,32,196,193,96,35,188,51,1.25,8.65,2.33,4.49,2.4,121.4
Caleb Smith,Marlins,14875,10,12,0,0,4.39,31,31,179,162,87,29,192,71,1.3,9.64,3.58,4.47,2.4,234.2
Carlos Martinez,Cardinals,11682,9,8,0,1,3.91,26,36,160,144,70,18,160,66,1.31,8.97,3.7,4.05,2.3,180.4
Pablo Lopez,Marlins,17085,9,10,0,0,4.13,28,28,158,158,73,20,138,45,1.28,7.82,2.56,4.21,2.3,413.9
Dylan Bundy,Angels,12917,11,11,0,0,4.51,31,31,175,168,87,31,178,55,1.28,9.17,2.85,4.56,2.2,262.4
A.J. Puk,Athletics,19343,11,8,0,1,4.11,21,36,137,120,63,18,153,65,1.35,10.07,4.24,4.21,2.2,230.4
Liam Hendriks,Athletics,3548,4,2,30,2,3.03,0,70,70,54,24,8,94,20,1.06,12.13,2.63,2.95,2.1,92.8
Adrian Houser,Brewers,12718,9,8,0,1,4.24,24,34,151,148,71,20,145,53,1.33,8.68,3.18,4.23,2.1,245.9
Shohei Ohtani,Angels,19755,7,5,0,0,3.8,18,18,102,87,43,13,124,41,1.26,10.96,3.62,3.81,2.1,128.5
Brendan McKay,Rays,20186,7,6,0,1,3.81,19,24,118,105,50,17,134,39,1.23,10.23,3,3.91,2.1,279.9
Rick Porcello,Mets,2717,11,11,0,0,4.45,29,29,167,171,83,28,151,43,1.28,8.11,2.29,4.49,2.1,426.3
Aroldis Chapman,Yankees,10233,4,2,34,2,2.8,0,65,65,43,20,7,100,30,1.12,13.8,4.09,2.98,2.1,76.7
Julio Urias,Dodgers,14765,8,6,0,1,3.94,23,28,137,121,60,20,151,54,1.28,9.92,3.58,4.21,2.1,151.5
Jon Lester,Cubs,4930,11,11,0,0,4.55,31,31,175,182,88,28,156,58,1.37,8.04,2.99,4.61,2.1,499.6
Mike Foltynewicz,Braves,10811,11,10,0,0,4.48,29,29,169,166,84,26,158,59,1.33,8.42,3.15,4.52,2,205.3
Trevor Williams,Pirates,16977,9,11,0,0,4.62,29,29,165,174,85,23,132,52,1.36,7.19,2.82,4.53,2,596.2
Josh Lindblom,Brewers,7882,9,9,0,0,4.54,26,26,154,155,78,26,149,45,1.3,8.69,2.61,4.5,2,352.5
Mike Leake,Diamondbacks,10130,10,10,0,0,4.72,29,29,174,202,91,27,113,30,1.34,5.87,1.56,4.55,2,584.4
Luke Weaver,Diamondbacks,16918,8,8,0,0,4.28,23,23,129,125,61,19,131,39,1.28,9.16,2.76,4.19,2,191.7
Anthony DeSclafani,Reds,13050,8,9,0,0,4.51,26,26,147,147,74,27,145,42,1.28,8.86,2.55,4.56,2,259.8
John Means,Orioles,16269,10,12,0,0,5.05,31,31,181,195,102,36,139,48,1.34,6.93,2.38,5.2,2,429.2
Dylan Cease,White Sox,18525,8,9,0,0,4.49,24,24,138,132,69,20,145,67,1.43,9.42,4.35,4.55,2,282.5
Sean Manaea,Athletics,15873,10,9,0,0,4.2,24,24,142,138,66,21,125,42,1.27,7.92,2.64,4.4,1.9,177.4
Jose Urquidy,Astros,18413,9,8,0,0,4.51,26,26,150,146,75,28,144,41,1.25,8.67,2.44,4.6,1.9,215.5
Danny Duffy,Royals,3542,10,11,0,0,4.7,31,31,177,178,93,29,157,61,1.35,7.98,3.12,4.73,1.9,574
Martin Perez,Red Sox,6902,10,9,0,0,4.81,29,29,168,183,90,22,127,63,1.47,6.77,3.39,4.63,1.9,594.8
Brad Keller,Royals,15734,10,12,0,0,4.63,31,31,179,184,92,22,135,74,1.44,6.77,3.72,4.69,1.9,568.7
Steven Matz,Mets,13361,9,9,0,1,4.2,24,34,151,148,70,22,147,51,1.31,8.78,3.01,4.29,1.8,293
Nathan Eovaldi,Red Sox,9132,9,7,0,0,4.6,26,26,146,150,75,23,141,48,1.35,8.63,2.98,4.39,1.8,441.8
Edwin Diaz,Mets,14710,4,3,31,4,2.92,0,65,65,45,21,8,101,22,1.04,13.94,3.09,2.87,1.8,109.3
Yusei Kikuchi,Mariners,20633,9,11,0,0,4.64,31,31,176,183,91,28,145,60,1.38,7.43,3.08,4.78,1.8,553
J.A. Happ,Yankees,7410,9,8,0,0,4.59,24,24,139,137,71,24,128,45,1.31,8.29,2.93,4.7,1.8,436.9
Jakob Junis,Royals,13619,10,12,0,0,4.78,31,31,180,188,96,31,162,53,1.34,8.08,2.66,4.72,1.8,576.6
Joshua James,Astros,16794,8,6,0,1,4.09,18,43,128,106,58,18,166,65,1.33,11.66,4.56,4.1,1.8,283.9
Johnny Cueto,Giants,6893,8,10,0,0,4.21,28,28,161,161,75,23,139,44,1.28,7.78,2.48,4.35,1.8,309.3
Kyle Freeland,Rockies,16256,10,10,0,0,5,28,28,157,169,87,24,125,59,1.46,7.15,3.39,4.89,1.8,584.7
Reynaldo Lopez,White Sox,16400,9,11,0,0,4.82,28,28,159,159,85,29,147,59,1.36,8.32,3.3,4.95,1.8,307.1
Tanner Roark,Blue Jays,8753,10,11,0,0,4.78,29,29,171,177,91,30,150,53,1.35,7.91,2.8,4.87,1.7,552.6
Cole Hamels,Braves,4972,8,6,0,0,4.13,23,23,130,124,60,17,124,47,1.31,8.61,3.24,4.31,1.7,319.6
Daniel Norris,Tigers,13475,8,9,0,0,4.83,24,24,141,148,76,23,125,49,1.4,7.96,3.11,4.67,1.7,589.9
Yonny Chirinos,Rays,16401,8,8,0,1,4.32,21,41,142,143,68,22,124,35,1.25,7.84,2.23,4.37,1.7,278.9
Kirby Yates,Padres,9073,4,2,31,1,2.9,0,63,63,46,20,8,93,19,1.04,13.23,2.73,2.96,1.7,72.4
Adam Wainwright,Cardinals,2233,10,10,0,0,4.45,28,28,155,161,76,21,132,56,1.4,7.69,3.25,4.47,1.7,561
Ken Giles,Blue Jays,12910,4,3,30,1,3.34,0,65,65,54,24,8,86,20,1.14,11.86,2.79,3.26,1.7,115.8
Michael Pineda,Twins,5372,8,6,0,0,4.56,21,21,121,127,61,21,112,28,1.28,8.33,2.06,4.45,1.7,311.4
Alex Cobb,Orioles,6562,9,13,0,0,5.15,31,31,176,198,101,33,123,48,1.4,6.3,2.48,5.18,1.7,593.7
Wade Miley,Reds,8779,10,11,0,0,4.67,28,28,160,168,83,24,136,64,1.45,7.66,3.6,4.76,1.6,523.2
Sandy Alcantara,Marlins,18684,9,11,0,0,4.6,31,31,185,183,94,24,150,80,1.43,7.3,3.9,4.73,1.6,255.2
Jake Arrieta,Phillies,4153,10,10,0,0,4.59,29,29,166,168,85,26,140,60,1.38,7.61,3.28,4.76,1.6,513.1
Taylor Rogers,Twins,13449,4,2,28,3,3.25,0,65,65,55,23,7,77,19,1.14,10.59,2.6,3.25,1.6,101
Nick Anderson,Rays,18337,5,3,19,9,3.2,0,65,65,48,23,9,97,22,1.07,13.42,3,3.19,1.6,156.9
Brett Anderson,Brewers,8223,9,10,0,0,4.6,26,26,148,168,76,20,91,42,1.42,5.52,2.54,4.64,1.6,587.9
Freddy Peralta,Brewers,18679,7,6,0,1,4.34,16,36,114,98,55,18,137,54,1.33,10.85,4.27,4.35,1.6,465.2
Dakota Hudson,Cardinals,19206,11,11,0,0,4.41,29,29,169,171,83,18,128,79,1.47,6.83,4.18,4.62,1.6,329.7
Jose Leclerc,Rangers,14524,4,2,27,3,3.64,0,66,66,48,27,7,93,38,1.31,12.69,5.2,3.68,1.6,156.7
Miles Mikolas,Cardinals,9803,7,6,0,0,4.12,19,19,112,116,51,16,89,22,1.24,7.17,1.8,4.19,1.6,297.9
Giovanny Gallegos,Cardinals,14986,3,2,19,9,3.41,0,65,65,53,25,9,81,18,1.11,11.21,2.55,3.4,1.6,191.1
Matt Shoemaker,Blue Jays,4776,8,9,0,0,4.72,23,23,129,132,68,23,120,40,1.33,8.35,2.77,4.76,1.5,520.4
Chris Bassitt,Athletics,12304,8,7,0,2,4.32,18,43,128,123,62,18,120,45,1.31,8.42,3.19,4.45,1.5,385.1
Spencer Turnbull,Tigers,16207,8,10,0,0,4.63,24,24,141,143,73,22,134,55,1.4,8.57,3.49,4.74,1.5,508.5
Ryan Yarbrough,Rays,16502,8,7,0,0,4.37,21,21,122,123,59,19,103,32,1.27,7.6,2.35,4.45,1.5,252.8
Eric Lauer,Brewers,19316,9,9,0,0,4.7,24,24,141,144,74,24,133,52,1.39,8.49,3.34,4.8,1.5,566.6
Alex Wood,Dodgers,13781,7,6,0,1,3.91,16,31,109,106,47,15,99,29,1.24,8.14,2.38,4.07,1.5,377.3
Jordan Lyles,Rangers,7593,8,9,0,1,5.23,23,28,137,143,79,25,128,54,1.44,8.44,3.53,4.99,1.5,480.9
Matt Barnes,Red Sox,12863,5,3,5,14,3.42,0,68,68,51,26,7,99,34,1.26,13.16,4.53,3.22,1.5,489.1
Roberto Osuna,Astros,13764,4,2,33,2,3.32,0,65,65,55,24,9,74,14,1.07,10.28,1.98,3.47,1.5,81.6
Tyler Chatwood,Cubs,4338,8,8,0,1,4.51,23,28,137,127,68,14,128,82,1.52,8.42,5.37,4.62,1.5,589
Ryan Pressly,Astros,7005,4,2,3,15,3.19,0,65,65,52,23,8,82,19,1.11,11.34,2.7,3.22,1.4,401.5
Griffin Canning,Angels,19867,7,6,0,0,4.33,19,19,110,104,53,17,114,38,1.28,9.3,3.07,4.43,1.4,241.5
Anibal Sanchez,Nationals,3284,9,10,0,0,4.95,29,29,166,174,91,31,145,58,1.4,7.84,3.15,5.02,1.4,425.7
Chad Kuhl,Pirates,14975,6,7,0,0,4.44,19,19,110,112,54,15,102,44,1.41,8.29,3.61,4.43,1.4,999
Dustin May,Dodgers,19716,7,6,0,1,4.04,16,31,109,107,49,15,98,29,1.25,8.11,2.43,4.17,1.4,249
Zach Davies,Padres,13183,9,11,0,0,4.57,29,29,166,179,84,24,115,54,1.4,6.26,2.91,4.77,1.4,494.7
Jeff Samardzija,Giants,3254,10,13,0,0,4.59,32,32,189,192,96,31,153,54,1.3,7.32,2.56,4.67,1.4,363.5
Zach Eflin,Phillies,13774,9,10,0,0,4.84,26,26,148,156,80,27,123,44,1.35,7.5,2.67,4.89,1.4,501.9
Aaron Civale,Indians,19479,8,8,0,0,4.81,23,23,131,141,70,23,102,32,1.33,7.05,2.22,4.85,1.4,261.2
Mike Montgomery,Royals,4869,8,9,0,0,4.62,24,24,141,151,72,18,103,53,1.45,6.58,3.4,4.74,1.3,999
Domingo German,Yankees,17149,8,7,0,1,4.71,18,23,108,105,57,21,113,36,1.3,9.39,2.99,4.75,1.3,425.3
Vince Velasquez,Phillies,11189,8,8,2,8,4.51,16,56,134,127,67,24,149,48,1.31,10.02,3.24,4.55,1.3,561.2
Jose Urena,Marlins,11589,6,8,0,1,4.27,19,39,133,133,63,18,109,42,1.32,7.38,2.83,4.42,1.3,589.4
Keone Kela,Pirates,14696,3,3,30,3,3.49,0,65,65,52,25,8,83,24,1.17,11.43,3.37,3.48,1.3,190.9
Austin Voth,Nationals,15047,7,7,0,3,4.65,15,45,115,115,59,19,109,39,1.34,8.54,3.07,4.66,1.3,511.2
Rich Hill,Twins,4806,6,4,0,0,4.12,13,13,75,67,34,12,85,27,1.25,10.21,3.23,4.26,1.3,491.6
Craig Kimbrel,Cubs,6655,4,3,35,1,3.47,0,65,65,46,25,8,96,32,1.2,13.32,4.41,3.51,1.3,135.8
Seth Lugo,Mets,12447,4,3,2,15,3.34,0,65,65,55,24,8,76,17,1.1,10.54,2.28,3.36,1.3,309.9
Gio Gonzalez,White Sox,7448,6,7,0,0,4.66,21,21,120,119,62,19,108,51,1.42,8.06,3.81,4.82,1.2,565.3
Sean Newcomb,Braves,16943,8,8,0,1,4.29,18,38,123,114,59,17,123,55,1.37,9,4.02,4.41,1.2,554.4
Joe Jimenez,Tigers,15761,5,4,29,2,3.91,0,65,65,56,28,9,80,25,1.25,11.13,3.53,3.84,1.2,190.1
Kenley Jansen,Dodgers,3096,4,2,36,2,3.49,0,65,65,53,25,10,80,17,1.08,11.07,2.34,3.64,1.2,109.5
Kwang-hyun Kim,Cardinals,27458,6,6,2,1,3.96,13,35,97,96,43,13,88,26,1.25,8.15,2.44,4.12,1.2,496.7
Brad Hand,Indians,9111,5,3,31,3,3.44,0,65,65,52,25,9,85,23,1.15,11.83,3.14,3.64,1.2,104
Antonio Senzatela,Rockies,15488,9,11,0,0,5.5,26,26,150,174,92,23,100,59,1.55,5.99,3.54,5.16,1.2,999
Will Harris,Nationals,3192,3,3,4,14,3.46,0,62,62,56,24,7,64,17,1.18,9.34,2.46,3.49,1.2,530.2
Raisel Iglesias,Reds,17130,5,4,32,2,3.72,0,65,65,55,27,10,79,22,1.19,10.94,3.09,3.88,1.2,136.6
Will Smith,Braves,8048,3,2,13,10,3.26,0,62,62,49,22,8,85,22,1.14,12.29,3.13,3.29,1.2,149.4
Michael Kopech,White Sox,17282,6,6,0,0,4.56,18,18,102,93,52,15,112,53,1.44,9.95,4.68,4.72,1.2,284.5
Diego Castillo,Rays,17496,5,3,5,12,3.43,0,60,60,50,23,7,71,22,1.2,10.71,3.27,3.49,1.2,383.3
Jordan Yamamoto,Marlins,17585,7,10,0,0,4.66,24,24,138,130,72,20,134,61,1.38,8.72,3.99,4.7,1.1,500.1
Andrew Chafin,Diamondbacks,12988,4,3,0,18,3.47,0,67,67,58,26,7,78,27,1.26,10.41,3.65,3.52,1.1,999
Homer Bailey,Twins,8362,8,9,0,0,5.21,23,23,132,145,76,24,110,45,1.44,7.51,3.06,5.07,1.1,509.6
Ty Buttrey,Angels,14719,5,3,2,15,3.55,0,65,65,56,26,8,75,24,1.22,10.37,3.26,3.67,1.1,555.8
Mychal Givens,Orioles,10430,4,3,14,9,3.94,0,65,65,53,28,9,82,27,1.24,11.4,3.78,3.98,1.1,264.8
Ross Stripling,Dodgers,13273,6,4,0,5,3.83,10,45,91,88,39,13,91,22,1.2,8.93,2.17,3.9,1.1,287.9
Mike Fiers,Athletics,7754,10,11,0,0,4.97,31,31,180,190,99,35,138,54,1.36,6.9,2.7,5.24,1.1,442
Jordan Montgomery,Yankees,16511,6,5,0,1,4.56,16,26,104,104,53,17,94,37,1.36,8.16,3.19,4.72,1.1,449.4
Zach Plesac,Indians,19979,7,7,0,0,4.82,21,21,120,126,64,21,99,39,1.37,7.41,2.93,4.93,1.1,444.7
Kendall Graveman,Mariners,15514,6,8,0,0,4.87,23,23,130,144,70,21,93,39,1.41,6.47,2.73,4.89,1.1,999
Chad Green,Yankees,15552,4,2,1,14,3.34,0,60,60,48,22,9,81,17,1.08,12.16,2.62,3.44,1.1,569.5
Hector Neris,Phillies,11804,4,3,29,3,3.66,0,65,65,52,26,10,87,24,1.18,12.11,3.32,3.8,1.1,130.8
Scott Oberg,Rockies,13911,4,3,5,13,3.86,0,65,65,61,28,7,65,24,1.31,9.02,3.37,3.84,1.1,260.7
Drew Smyly,Giants,11760,6,7,0,0,4.45,21,21,122,117,60,20,124,45,1.32,9.16,3.32,4.51,1.1,558.9
Jeff Hoffman,Rockies,17432,6,7,0,1,5.21,16,26,104,107,60,17,98,44,1.45,8.47,3.82,4.92,1,999
Justus Sheffield,Mariners,17285,7,9,0,0,4.78,24,24,140,142,74,20,126,69,1.5,8.08,4.44,4.9,1,454.3
Emilio Pagan,Padres,14771,3,3,1,17,3.57,0,65,65,53,26,10,82,18,1.09,11.36,2.55,3.61,1,284.3
Trent Thornton,Blue Jays,17948,6,7,0,1,4.97,16,38,116,122,64,22,106,38,1.37,8.21,2.92,4.9,1,591.2
Mark Melancon,Braves,4264,3,3,19,8,3.71,0,65,65,64,27,7,61,18,1.27,8.4,2.54,3.66,1,199.7
Ryan Weber,Red Sox,10160,5,5,0,1,4.83,15,20,90,102,48,13,58,24,1.41,5.84,2.45,4.73,1,999
Sean Doolittle,Nationals,1581,4,3,19,9,3.81,0,60,60,53,25,10,68,15,1.14,10.22,2.28,3.85,0.9,184.7
Zack Britton,Yankees,3240,3,2,1,18,3.44,0,65,65,57,25,4,61,31,1.36,8.42,4.33,3.74,0.9,531.9
Joe Ross,Nationals,12972,6,6,0,1,4.85,15,25,95,101,51,16,80,33,1.41,7.58,3.15,4.87,0.9,594.1
Chase Anderson,Blue Jays,6895,8,10,0,0,5.1,28,28,160,164,90,34,138,57,1.38,7.77,3.19,5.41,0.9,562.8
Tyler Duffey,Twins,13758,4,3,0,18,3.92,0,65,65,59,28,10,75,19,1.2,10.44,2.64,3.81,0.9,590.7
Ryne Stanek,Marlins,15947,2,2,5,13,3.7,0,65,65,54,27,8,80,28,1.26,11.1,3.94,3.74,0.9,519.2
Jairo Diaz,Rockies,12774,5,3,1,18,4.05,0,65,65,61,29,7,68,27,1.35,9.37,3.74,3.91,0.9,523.8
Jonathan Loaisiga,Yankees,19753,5,4,0,3,4.19,8,36,75,70,35,12,83,27,1.29,9.98,3.2,4.24,0.9,579.4
Nick Pivetta,Phillies,15454,6,6,0,5,4.44,10,45,91,86,45,15,100,34,1.32,9.87,3.39,4.34,0.9,536.5
Archie Bradley,Diamondbacks,12918,4,3,33,2,3.75,0,65,65,58,27,8,74,27,1.3,10.19,3.7,3.85,0.9,160.4
Aaron Bummer,White Sox,16258,2,2,2,14,3.65,0,65,65,59,26,6,64,27,1.32,8.84,3.71,3.87,0.9,531.9
Ivan Nova,Tigers,1994,7,10,0,0,5.32,24,24,141,170,83,27,89,32,1.44,5.65,2.07,5.31,0.9,598
Patrick Sandoval,Angels,19447,5,4,0,0,4.37,13,13,75,72,37,11,74,32,1.39,8.8,3.82,4.53,0.9,564.9
Drew Pomeranz,Padres,11426,3,3,1,13,3.31,0,58,58,46,21,6,77,25,1.22,11.98,3.82,3.27,0.9,519.7
Kyle Wright,Braves,19665,5,5,0,1,4.46,13,18,80,79,40,11,77,32,1.38,8.64,3.58,4.41,0.8,548.8
Craig Stammen,Padres,7274,4,4,0,15,3.71,0,65,65,62,27,8,63,17,1.22,8.66,2.33,3.73,0.8,598.1
Brandon Workman,Red Sox,11428,5,4,30,3,3.79,0,68,68,55,29,8,86,34,1.3,11.37,4.43,3.88,0.8,145.8
Corbin Burnes,Brewers,19361,4,4,0,6,4.13,6,46,78,72,36,11,84,29,1.3,9.75,3.42,4.07,0.8,477.6
Logan Webb,Giants,17995,4,4,0,0,4.23,13,13,74,73,35,8,65,28,1.37,7.95,3.45,4.21,0.8,592.1
Justin Dunn,Mariners,19268,5,6,0,0,4.98,16,16,94,94,52,16,89,41,1.44,8.54,3.89,5.05,0.8,588.9
Jorge Lopez,Royals,14527,7,8,0,5,5.01,16,51,129,136,72,20,109,49,1.43,7.58,3.43,4.8,0.8,600.2
Adam Ottavino,Yankees,1247,5,3,2,16,3.91,0,68,68,53,30,9,90,38,1.34,11.92,4.97,4.14,0.8,530.2
Brent Suter,Brewers,13942,4,4,1,14,3.96,2,64,71,70,31,11,68,16,1.2,8.54,1.98,4.12,0.8,594.1
Rafael Montero,Rangers,12760,3,3,1,13,4.05,0,60,60,57,27,9,67,21,1.29,9.98,3.1,4.1,0.8,568.1
Joe Kelly,Dodgers,9761,4,3,0,18,3.41,0,60,60,51,23,5,67,26,1.28,10.08,3.94,3.59,0.8,597.6
Michael Fulmer,Tigers,13218,3,4,0,0,4.46,10,10,55,56,27,8,46,17,1.32,7.52,2.77,4.52,0.8,599.6
Steven Brault,Pirates,15291,5,6,0,1,4.71,15,30,100,99,52,13,89,51,1.51,8.09,4.57,4.77,0.8,599.6
Blake Treinen,Dodgers,12572,5,3,4,14,3.41,0,62,62,54,24,6,66,24,1.26,9.52,3.54,3.55,0.8,338.5
Elieser Hernandez,Marlins,16933,5,6,0,1,4.68,13,41,103,99,54,18,106,37,1.32,9.27,3.23,4.73,0.8,581.5
Tommy Kahnle,Yankees,11384,4,3,0,15,3.5,0,68,68,54,26,9,91,28,1.21,12.08,3.73,3.57,0.8,587.6
Taijuan Walker,Mariners,11836,6,8,0,0,4.78,21,21,120,124,63,21,103,43,1.39,7.78,3.22,4.99,0.8,538.9
Brent Honeywell,Rays,sa828706,4,4,0,1,4.24,10,15,61,61,29,9,59,20,1.31,8.58,2.86,4.35,0.8,999
Matt Andriese,Angels,12022,6,6,0,1,4.65,11,41,96,97,49,17,91,32,1.35,8.56,3,4.66,0.7,600.8
Merrill Kelly,Diamondbacks,11156,6,7,0,3,4.62,11,46,101,104,52,16,91,32,1.35,8.12,2.88,4.54,0.7,490.7
Jose Alvarez,Phillies,5358,4,3,0,16,3.88,0,62,62,61,27,7,57,21,1.32,8.26,3.1,3.97,0.7,999
Nate Pearson,Blue Jays,sa3005097,3,3,0,0,4.53,10,10,56,55,28,9,56,19,1.32,9.01,3.02,4.57,0.7,999
Tony Watson,Giants,3132,3,3,21,8,3.72,0,63,63,60,26,7,57,17,1.22,8.12,2.48,3.81,0.7,381.6
Joakim Soria,Athletics,6941,4,2,2,16,3.84,0,62,62,55,26,8,67,21,1.23,9.76,3.02,3.84,0.7,594.5
Luke Jackson,Braves,11752,4,2,1,14,3.48,0,58,58,49,22,6,73,24,1.26,11.3,3.77,3.42,0.7,591.5
James Karinchak,Indians,20151,3,2,4,12,3.44,0,57,57,38,22,6,92,37,1.32,14.49,5.86,3.55,0.7,478.2
Collin McHugh,Red Sox,7531,4,3,0,1,4.25,8,28,67,64,32,10,68,24,1.3,9.2,3.2,4.26,0.7,600.8
Josh Taylor,Red Sox,17359,3,2,1,17,3.83,0,60,60,54,26,7,67,26,1.32,10.07,3.89,3.82,0.7,600.5
Brady Singer,Royals,sa3008613,4,5,0,0,4.9,13,13,75,81,41,11,53,26,1.44,6.46,3.1,4.85,0.7,999
Julio Teheran,Angels,6797,10,11,0,0,4.99,31,31,179,174,99,35,163,77,1.4,8.2,3.88,5.39,0.7,371
Jose Alvarado,Rays,17780,5,3,8,11,3.32,0,60,60,47,22,5,75,34,1.35,11.3,5.11,3.52,0.7,496.9
Andrew Miller,Cardinals,6785,5,4,2,16,3.53,0,60,60,49,24,7,74,25,1.24,11.04,3.78,3.82,0.7,494.1
Jake Diekman,Athletics,5003,4,3,0,15,3.5,0,63,63,48,24,6,81,36,1.34,11.52,5.17,3.79,0.7,600.7
Amir Garrett,Reds,14375,4,3,1,16,3.93,0,68,68,57,30,10,87,33,1.31,11.52,4.34,4.1,0.7,598.1
Ian Kennedy,Royals,6986,3,3,27,4,4.18,0,65,65,61,30,10,68,21,1.25,9.48,2.86,4.22,0.7,180
Tyler Mahle,Reds,16358,4,4,0,5,4.26,6,41,73,70,34,11,75,23,1.28,9.34,2.79,4.21,0.7,512.9
Justin Wilson,Mets,4301,4,3,2,16,3.57,0,60,60,49,24,7,75,29,1.3,11.18,4.38,3.73,0.7,599.5
Matt Hall,Red Sox,18076,4,3,0,1,4.83,10,17,63,64,34,9,60,29,1.47,8.58,4.17,4.73,0.7,999
Brandon Kintzler,Marlins,9939,3,4,24,5,3.88,0,65,65,65,28,7,52,19,1.29,7.2,2.59,3.98,0.6,295
Jordan Zimmermann,Tigers,4505,6,8,0,0,5.55,19,19,113,132,70,24,81,27,1.41,6.48,2.17,5.37,0.6,999
Chris Martin,Braves,11847,3,2,0,12,3.25,0,52,52,48,19,6,56,10,1.11,9.72,1.69,3.16,0.6,594.4
Rowan Wick,Cubs,14646,3,3,1,16,4.07,0,65,65,58,29,7,70,32,1.39,9.75,4.49,4.14,0.6,560.9
MacKenzie Gore,,sa3005068,2,2,0,0,3.94,6,6,37,33,16,5,41,15,1.31,9.78,3.71,4.06,0.6,999
Richard Bleier,Orioles,7803,3,3,3,15,4.21,0,65,65,73,30,7,37,14,1.34,5.16,1.94,4.33,0.6,601
Dellin Betances,Mets,6216,4,3,4,11,3.16,0,55,55,39,19,6,81,26,1.18,13.27,4.26,3.31,0.6,384.6
Andrew Suarez,Giants,18300,5,6,0,1,4.66,15,20,90,96,46,13,67,30,1.41,6.77,3.05,4.72,0.6,999
Brett Martin,Rangers,17369,3,2,0,13,4.07,0,57,57,56,26,7,54,21,1.35,8.55,3.29,4.07,0.6,999
Shane Greene,Braves,10756,3,3,2,18,3.85,0,65,65,60,28,8,68,22,1.25,9.41,3.02,3.93,0.6,549
Adam Morgan,Phillies,12580,3,3,2,17,4.2,0,60,60,56,28,8,61,23,1.32,9.18,3.44,4.22,0.6,999
Kolby Allard,Rangers,18694,3,3,0,0,5.08,8,8,46,50,26,7,37,19,1.49,7.32,3.64,5.02,0.6,599.3
Michael Wacha,Mets,14078,5,5,0,3,4.45,10,40,86,87,43,13,78,33,1.4,8.13,3.48,4.52,0.6,586
Trevor May,Twins,6398,4,3,2,13,4.01,0,60,60,51,27,8,73,26,1.28,10.88,3.87,4.03,0.6,535.5
Oliver Drake,Rays,8823,4,2,0,12,3.43,0,55,55,45,21,6,67,21,1.2,10.95,3.37,3.41,0.6,600.7
Hansel Robles,Angels,11801,4,3,24,6,4.01,0,65,65,59,29,10,70,24,1.28,9.75,3.36,4.17,0.6,149.6
Peter Lambert,Rockies,17969,5,7,0,0,5.62,18,18,103,121,64,20,72,33,1.49,6.26,2.89,5.42,0.6,999
Dean Kremer,Orioles,sa876350,6,9,0,0,5.6,19,19,112,120,70,24,102,50,1.52,8.22,4.05,5.67,0.6,999
Michael Lorenzen,Reds,14843,3,2,2,17,3.95,0,65,65,61,29,8,64,25,1.32,8.81,3.51,4.12,0.5,507.8
Alex Colome,White Sox,6661,4,4,31,2,4.07,0,65,65,61,29,9,64,23,1.29,8.87,3.2,4.26,0.5,145.3
Chris Devenski,Astros,12763,3,2,0,18,4.13,0,60,60,54,28,10,65,18,1.21,9.68,2.69,4.23,0.5,999
Wade LeBlanc,,5221,4,6,0,0,5.63,16,16,92,105,57,20,66,28,1.45,6.49,2.74,5.66,0.5,999
Asher Wojciechowski,Orioles,10836,7,11,0,0,5.87,24,24,139,151,91,35,125,53,1.47,8.07,3.43,5.99,0.5,600.4
Jhoulys Chacin,Twins,2608,4,4,0,0,5.14,10,10,56,59,32,9,47,23,1.46,7.46,3.72,5.14,0.5,599.1
Pedro Baez,Dodgers,5420,5,3,1,17,4.04,0,68,68,59,31,10,73,26,1.25,9.62,3.41,4.32,0.5,590.3
Yusmeiro Petit,Athletics,4020,4,3,1,16,4.25,0,72,72,71,34,12,64,16,1.2,8.04,1.99,4.36,0.5,584.2
Bryse Wilson,Braves,19990,3,3,0,1,4.32,6,11,43,42,20,6,41,13,1.3,8.62,2.76,4.3,0.5,594.6
Tyler Anderson,Giants,12880,2,3,0,0,4.1,8,8,46,43,21,7,45,15,1.27,8.86,2.92,4.21,0.5,601
Tarik Skubal,Tigers,sa3007593,3,3,0,0,4.75,8,8,47,45,25,8,47,19,1.37,9.11,3.7,4.83,0.5,579.4
Matt Manning,Tigers,sa917924,3,3,0,0,4.83,8,8,47,47,25,7,42,20,1.45,8.2,3.93,4.83,0.5,999
Cal Quantrill,Padres,19312,4,5,0,1,4.73,10,17,63,66,33,10,53,21,1.37,7.53,2.98,4.68,0.5,579.7
Carlos Estevez,Rockies,14542,3,2,1,13,4.24,0,55,55,51,26,8,61,21,1.31,10.01,3.43,4.07,0.5,999
Tim Hill,Royals,16814,2,2,0,16,4.04,0,60,60,59,27,7,53,22,1.35,7.92,3.3,4.18,0.5,999
Alex Claudio,Brewers,12890,3,2,0,13,3.83,0,55,55,57,23,5,39,17,1.34,6.31,2.76,3.97,0.5,999
Oliver Perez,Indians,1514,4,3,0,18,3.95,0,63,63,56,28,9,71,22,1.24,10.2,3.11,4.16,0.5,999
Ranger Suarez,Phillies,17277,4,4,0,12,4.26,3,53,69,70,33,9,59,22,1.33,7.72,2.88,4.35,0.5,999
Jeurys Familia,Mets,5114,3,3,0,14,3.77,0,60,60,53,25,5,64,31,1.41,9.63,4.69,3.83,0.5,597.3
Buck Farmer,Tigers,14814,4,4,3,14,4.36,0,65,65,62,32,9,65,27,1.37,9.07,3.69,4.42,0.5,596.6
David Phelps,Brewers,6316,3,3,0,17,4.06,0,60,60,55,27,8,62,26,1.35,9.35,3.84,4.18,0.5,999
Colin Poche,Rays,19403,4,3,0,10,3.55,0,50,50,38,20,7,70,20,1.16,12.63,3.69,3.66,0.5,587.8
Sam Tuivailala,Mariners,13485,3,3,5,13,4.14,0,60,60,57,28,8,60,24,1.34,8.97,3.56,4.21,0.5,572.9
Alec Mills,Cubs,13834,4,4,0,3,4.77,8,38,77,79,41,13,69,26,1.36,8.09,3.07,4.77,0.5,598.8
Brad Wieck,Cubs,16390,3,2,0,12,3.66,0,53,53,41,22,8,75,24,1.23,12.67,4.15,3.77,0.5,999
John Brebbia,Cardinals,12777,3,3,2,13,3.99,0,60,60,53,27,9,66,21,1.23,9.96,3.12,4.1,0.4,597.8
Jesse Chavez,Rangers,5448,4,3,1,17,4.64,0,68,68,71,35,12,63,19,1.33,8.29,2.57,4.56,0.4,999
Anthony Bass,Blue Jays,7982,3,3,2,15,4.38,0,65,65,64,32,9,59,21,1.31,8.14,2.92,4.38,0.4,594.9
Nick Burdi,Pirates,16074,3,3,0,8,3.82,0,40,40,33,17,4,52,17,1.24,11.7,3.74,3.27,0.4,999
Kevin Ginkel,Diamondbacks,19876,4,3,0,13,3.86,0,60,60,49,26,8,79,26,1.25,11.85,3.94,3.82,0.4,533.3
Corey Knebel,Brewers,15010,2,2,4,7,3.27,0,40,40,29,15,5,57,19,1.2,12.93,4.2,3.35,0.4,508.1
Seranthony Dominguez,Phillies,19249,3,2,2,10,3.51,0,45,45,36,18,5,57,20,1.25,11.32,4.06,3.59,0.4,556.3
Nick Wittgren,Indians,15594,4,3,1,15,4.28,0,65,65,63,31,11,64,21,1.29,8.93,2.85,4.36,0.4,590.6
Richard Rodriguez,Pirates,13549,4,4,2,17,4.2,0,67,67,64,31,10,70,23,1.29,9.36,3.02,4.23,0.4,596.4
Chaz Roe,Rays,9866,3,3,2,18,4,0,65,65,57,29,8,74,31,1.35,10.29,4.26,4.15,0.4,999
Scott Barlow,Royals,14993,3,3,1,15,4.19,0,65,65,57,30,9,75,32,1.38,10.35,4.47,4.26,0.4,598.4
Michael Feliz,Pirates,11903,3,3,0,13,4.05,0,55,55,48,25,8,69,25,1.32,11.3,4.02,3.93,0.4,597.7
Pedro Strop,Reds,4070,4,4,0,14,4.03,0,60,60,53,27,7,67,26,1.3,10.08,3.85,4.08,0.4,594.3
Jeremy Jeffress,Cubs,9490,3,3,1,13,3.91,0,55,55,53,24,6,49,20,1.33,8.06,3.32,3.98,0.4,600.1
Daniel Hudson,Nationals,7146,4,4,15,11,4.41,0,65,65,61,32,10,66,28,1.37,9.11,3.85,4.59,0.4,292.8
Andres Munoz,Padres,20373,3,3,1,9,3.46,0,48,48,36,18,5,66,27,1.31,12.33,5.06,3.51,0.4,548
Trevor Gott,Giants,15046,3,3,5,10,3.62,0,50,50,45,20,5,52,19,1.27,9.3,3.41,3.64,0.4,599.9
John Gant,Cardinals,13684,4,4,2,14,4.1,0,63,63,59,29,8,60,27,1.36,8.59,3.85,4.29,0.4,599.2
Daniel Ponce de Leon,Cardinals,16110,3,3,0,1,4.47,6,26,58,52,29,8,58,29,1.41,9.11,4.51,4.66,0.4,583.1
Cam Bedrosian,Angels,13360,4,3,2,16,4.03,0,60,60,56,27,8,61,23,1.31,9.16,3.42,4.18,0.4,599.2
Tyson Ross,,7872,3,5,0,0,4.67,11,11,64,65,33,8,51,29,1.46,7.09,3.98,4.67,0.4,999
Clay Buchholz,,3543,3,4,0,0,5.06,10,10,55,60,31,10,41,17,1.39,6.68,2.75,5.07,0.4,999
Sergio Romo,Twins,9817,3,3,3,14,4.66,0,67,67,66,35,12,66,22,1.32,8.93,2.92,4.67,0.4,543.9
Brad Peacock,Astros,5401,4,3,0,10,4.3,3,48,64,57,30,10,73,25,1.29,10.3,3.53,4.36,0.4,514.8
Austin Pruitt,Astros,15290,4,3,0,1,4.86,8,26,65,71,35,12,54,17,1.35,7.42,2.4,4.82,0.4,599.7
Framber Valdez,Astros,17295,4,3,0,6,3.95,3,40,56,49,24,6,61,28,1.37,9.81,4.44,4.1,0.4,593.9
Alex Young,Diamondbacks,18333,4,4,0,1,4.66,6,33,65,65,33,10,59,25,1.4,8.16,3.49,4.7,0.4,581.2
Yoshihisa Hirano,Mariners,19756,4,4,10,9,4.27,0,60,60,58,28,8,58,24,1.36,8.65,3.57,4.41,0.4,460
Matt Strahm,Padres,13799,3,3,0,12,3.85,0,55,55,50,24,8,60,16,1.2,9.76,2.55,3.97,0.4,583.2
Kyle Crick,Pirates,13182,4,4,4,14,4.12,0,65,65,57,30,7,73,35,1.41,10.09,4.81,4.24,0.4,543.6
Forrest Whitley,Astros,sa917930,4,4,0,0,5.07,10,10,56,52,31,10,61,31,1.5,9.74,5.05,5.12,0.4,999
Ray Black,Brewers,14244,3,3,0,12,4,0,55,55,42,24,8,78,31,1.32,12.82,5,3.98,0.3,600.6
Junior Guerra,Diamondbacks,5702,4,4,2,14,4.37,0,65,65,60,32,9,65,28,1.36,8.98,3.89,4.47,0.3,600.3
Joe Smith,Astros,3281,3,3,0,13,3.99,0,53,53,51,24,7,51,15,1.26,8.59,2.59,4.14,0.3,599.8
Wander Suero,Nationals,15855,4,3,0,13,4.03,0,55,55,51,25,7,58,20,1.31,9.44,3.35,4.05,0.3,999
Matt Magill,Mariners,3950,3,3,17,7,4.25,0,55,55,50,26,9,63,23,1.32,10.27,3.7,4.36,0.3,329
Hector Rondon,Diamondbacks,2391,3,3,2,13,4.14,0,60,60,58,28,8,57,20,1.3,8.61,2.98,4.08,0.3,593.2
Damon Jones,Phillies,sa3004862,2,2,0,0,4.75,6,6,37,34,20,5,40,25,1.59,9.65,6.03,4.94,0.3,999
Evan Marshall,White Sox,12297,3,3,0,13,4.29,0,55,55,55,26,7,49,22,1.4,8.01,3.63,4.31,0.3,999
Kyle Ryan,Cubs,11753,3,3,0,18,4.22,0,63,63,61,30,7,58,30,1.44,8.22,4.27,4.32,0.3,999
Carlos Rodon,White Sox,16137,2,2,0,1,4.53,5,17,39,38,20,6,41,16,1.39,9.26,3.75,4.68,0.3,600
Lou Trivino,Athletics,15043,4,3,0,13,4.09,0,57,57,52,26,6,56,26,1.37,8.85,4.1,4.18,0.3,597.7
Jesse Hahn,Royals,13287,3,4,0,1,4.83,6,26,58,60,31,7,46,27,1.52,7.21,4.29,4.8,0.3,999
Carl Edwards Jr.,Mariners,13607,3,3,0,11,4.27,0,55,55,44,26,7,68,31,1.36,11.08,5.1,4.26,0.3,597.7
Logan Allen,Indians,18555,6,6,0,1,5.19,15,28,98,101,56,18,89,43,1.47,8.18,3.95,5.3,0.3,600.3
Erik Swanson,Mariners,16587,3,4,0,8,4.82,5,50,73,72,39,14,72,23,1.3,8.86,2.82,4.79,0.3,999
Brusdar Graterol,Dodgers,20367,3,2,0,11,3.62,0,45,45,40,18,5,47,17,1.26,9.4,3.48,3.73,0.3,558.8
Jace Fry,White Sox,16159,3,3,0,11,4.01,0,52,52,44,23,5,62,31,1.43,10.8,5.33,4.06,0.3,999
Rafael Dolis,Blue Jays,4185,4,3,0,0,3.81,0,43,43,39,18,4,42,17,1.31,8.88,3.62,3.94,0.3,600.3
Anthony Kay,Blue Jays,20387,4,6,0,0,5.33,13,13,74,77,44,13,66,37,1.52,8.03,4.42,5.4,0.3,598.5
Austin Gomber,Cardinals,16561,2,2,0,1,4.39,5,10,33,32,16,5,32,13,1.36,8.74,3.61,4.56,0.3,600.6
Felix Hernandez,,4772,3,4,0,0,5.08,10,10,56,61,32,10,45,20,1.42,7.24,3.15,5.06,0.3,597.3
Ervin Santana,,3200,2,3,0,0,5.11,8,8,47,50,27,9,35,15,1.37,6.57,2.87,5.24,0.3,999
Randy Dobnak,Twins,23798,2,2,0,1,4.51,3,23,39,43,19,5,27,10,1.37,6.29,2.43,4.55,0.3,570.7
Aaron Sanchez,,11490,3,2,0,0,4.59,5,20,43,43,22,6,38,21,1.47,7.82,4.3,4.73,0.3,999
Shun Yamaguchi,Blue Jays,27460,4,4,0,13,4.69,3,58,74,72,38,12,76,30,1.38,9.23,3.67,4.74,0.3,580.4
Ryan Borucki,Blue Jays,16350,3,3,0,0,5.12,8,8,46,50,26,8,36,17,1.45,7.1,3.39,5.14,0.3,599.8
Sam Gaviglio,Blue Jays,12778,3,3,0,17,4.52,0,60,60,61,30,10,53,16,1.29,7.97,2.36,4.46,0.3,999
Robert Stephenson,Reds,13594,2,2,0,11,4.15,0,50,50,41,23,8,65,25,1.33,11.68,4.59,4.24,0.3,585.1
Robbie Erlin,Pirates,10354,1,1,0,1,4.47,3,13,29,31,14,4,23,6,1.32,7.22,2.03,4.28,0.3,999
Zack Littell,Twins,15823,2,2,0,9,4.19,0,45,45,43,21,6,44,17,1.33,8.83,3.4,4.24,0.3,999
Heath Hembree,Red Sox,11632,3,2,0,14,4.47,0,57,57,54,28,10,63,23,1.34,9.96,3.61,4.49,0.3,999
Erick Fedde,Nationals,17425,2,2,0,1,4.8,5,15,38,41,20,6,30,14,1.45,7.07,3.38,4.82,0.3,999
Miguel Castro,Orioles,15684,2,3,0,12,4.69,0,57,57,54,30,7,51,30,1.48,8,4.75,4.75,0.3,999
Tanner Rainey,Nationals,17610,4,3,0,15,4.22,0,60,60,46,28,7,84,44,1.49,12.58,6.58,4.34,0.3,598.4
Clayton Richard,,3551,2,2,0,0,5.06,6,6,37,42,21,6,25,14,1.5,6.04,3.37,5.07,0.3,999
Danny Salazar,,5867,4,5,0,0,5.06,8,28,67,69,38,12,63,31,1.48,8.49,4.11,5.05,0.3,588.9
Derek Holland,Pirates,4141,3,4,0,1,4.87,6,31,63,63,34,10,60,29,1.46,8.58,4.12,4.88,0.3,999
Tanner Houck,Red Sox,sa829037,5,5,0,0,5.45,13,13,75,81,45,12,59,36,1.57,7.17,4.39,5.39,0.3,999
Adbert Alzolay,Cubs,17859,2,2,0,1,4.98,5,10,33,32,18,6,34,16,1.44,9.3,4.29,5.05,0.3,601
Marcus Walden,Red Sox,8004,3,3,0,12,4.28,0,50,50,49,24,5,45,20,1.39,8.08,3.67,4.13,0.3,999
Tony Gonsolin,Dodgers,19388,3,3,0,1,4.71,6,16,48,46,25,9,47,20,1.37,8.82,3.71,4.96,0.3,519.9
Trevor Richards,Rays,19309,3,3,0,1,4.39,3,33,49,46,24,8,49,18,1.32,9.11,3.32,4.53,0.2,583.8
Lucas Sims,Reds,13470,2,2,0,8,4.38,2,42,49,42,24,9,64,23,1.3,11.74,4.16,4.48,0.2,600.8
Brad Brach,Mets,6627,2,2,0,8,3.9,0,40,40,36,17,4,43,18,1.34,9.57,4.07,3.91,0.2,999
Casey Mize,Tigers,sa3008444,1,2,0,0,5.02,5,5,28,30,16,5,21,8,1.38,6.9,2.67,5.05,0.2,999
Paul Fry,Orioles,15832,3,3,0,10,4.32,0,50,50,47,24,6,49,25,1.44,8.9,4.44,4.46,0.2,999
Matt Harvey,,11713,2,3,0,0,5.26,8,8,47,51,27,9,36,15,1.42,6.98,2.94,5.2,0.2,999
Jose Suarez,Angels,19911,1,2,0,0,4.87,5,5,28,29,15,5,26,11,1.42,8.16,3.64,5.12,0.2,999
Nick Neidert,Marlins,sa874797,2,3,0,1,4.86,6,11,43,44,23,7,36,16,1.4,7.59,3.3,4.94,0.2,999
Adam Plutko,Indians,15846,5,6,0,3,5.38,10,43,89,97,53,20,73,26,1.37,7.31,2.59,5.42,0.2,593.6
Wade Davis,Rockies,7441,4,4,25,4,4.99,0,65,65,62,36,10,68,35,1.49,9.47,4.87,4.92,0.2,304.7
Fernando Rodney,,494,2,1,0,0,4.25,0,25,25,23,12,3,26,13,1.44,9.37,4.66,4.24,0.2,999
Joseph Palumbo,Rangers,17035,1,1,0,1,4.84,3,8,24,23,13,4,24,11,1.44,9.22,4.24,4.84,0.2,600
Daniel Mengden,Athletics,16980,2,2,0,1,4.88,5,15,38,40,21,6,29,13,1.38,6.83,3,4.98,0.2,999
Yimi Garcia,Marlins,12095,2,3,1,14,4.27,0,55,55,52,26,10,56,15,1.22,9.17,2.39,4.42,0.2,599
Darren O'Day,Braves,3321,2,2,0,8,4.07,0,40,40,36,18,6,44,14,1.24,9.93,3.18,4.1,0.2,999
Joely Rodriguez,Rangers,11487,3,3,1,10,4.48,0,48,48,47,24,6,45,22,1.43,8.5,4.05,4.53,0.2,586.5
Daniel Gossett,,16164,2,2,0,0,4.85,5,5,28,29,15,4,22,10,1.43,7.08,3.34,4.98,0.2,999
Steve Cishek,White Sox,6483,4,4,1,17,4.26,0,63,63,57,30,9,64,28,1.35,9.13,3.98,4.61,0.2,565.1
Jason Vargas,,8044,4,6,0,0,5.53,13,13,75,82,46,16,60,30,1.48,7.24,3.56,5.7,0.2,999
Sixto Sanchez,Marlins,sa873550,1,1,0,0,4.46,3,3,19,19,9,3,15,5,1.33,7.09,2.61,4.56,0.2,999
Brandon Brennan,Mariners,13527,4,4,2,12,4.25,0,60,60,56,28,7,59,30,1.42,8.78,4.45,4.34,0.2,600.8
Hunter Harvey,Orioles,15507,3,3,14,7,4.7,0,60,60,59,31,11,60,24,1.37,9.02,3.58,4.83,0.2,520.4
Brandon Bailey,Orioles,sa873692,4,7,0,1,5.75,13,33,95,100,61,19,83,52,1.6,7.82,4.92,5.86,0.2,999
Marco Estrada,,1118,3,4,0,0,5.63,11,11,65,69,41,14,50,25,1.46,6.94,3.5,5.68,0.2,999
Ubaldo Jimenez,Rockies,3374,1,1,0,0,5.33,3,3,18,20,11,3,16,8,1.51,7.83,3.84,5.05,0.2,999
Kelvin Herrera,White Sox,6033,3,2,0,9,4.51,0,48,48,47,24,8,47,17,1.33,8.88,3.11,4.55,0.2,999
Tyler Rogers,Giants,15541,3,3,4,13,3.97,0,60,60,59,26,5,48,25,1.4,7.19,3.81,4.14,0.2,600.7
Tyler Beede,Giants,16981,2,2,0,0,4.66,5,5,28,28,15,4,27,13,1.44,8.72,4.14,4.64,0.2,481.5
Deivi Garcia,Yankees,sa916944,1,1,0,0,4.95,3,3,19,18,10,3,21,10,1.45,10.1,4.59,5.04,0.2,999
Michael King,Yankees,19853,2,2,0,1,4.83,3,13,29,31,15,5,23,8,1.34,7.1,2.36,4.94,0.2,599.8
Jose De Leon,Reds,15463,1,2,0,1,4.72,3,16,32,30,17,5,36,16,1.43,10.27,4.44,4.82,0.2,595.7
Lewis Thorpe,Twins,15906,1,1,0,1,4.46,2,12,19,19,10,3,20,6,1.29,9.44,2.84,4.44,0.2,598.5
Stefan Crichton,Diamondbacks,16058,3,3,0,11,4.2,0,55,55,54,26,7,52,20,1.34,8.47,3.26,4.18,0.2,999
Joey Wentz,Tigers,sa917946,2,3,0,0,5.38,6,6,37,39,22,7,31,18,1.54,7.56,4.41,5.47,0.2,999
Sam Dyson,,11710,2,1,0,0,4.17,0,25,25,25,12,3,21,8,1.33,7.59,2.97,4.23,0.2,999
Andrew Cashner,,8782,4,4,0,0,4.91,5,40,63,66,34,9,49,24,1.43,7.03,3.44,4.85,0.2,999
Noe Ramirez,Angels,12800,3,2,0,10,4.27,0,45,45,42,21,8,50,16,1.28,10,3.17,4.44,0.2,600.4
Jose Castillo,Padres,17169,2,2,0,3,3.54,0,33,33,26,13,4,43,14,1.2,11.77,3.78,3.64,0.2,999
Enyel De Los Santos,Phillies,18403,2,3,0,1,5.25,6,11,43,44,25,8,38,18,1.44,8.12,3.76,5.37,0.2,999
Kohl Stewart,Orioles,15502,2,4,0,1,5.59,6,16,48,54,30,8,32,22,1.58,6.11,4.07,5.59,0.2,999
Robert Dugger,Marlins,19191,3,4,0,1,4.97,6,21,53,55,29,9,43,20,1.41,7.4,3.37,5.1,0.2,999
Shawn Armstrong,Orioles,12857,2,2,0,7,4.62,0,40,40,37,21,6,42,19,1.41,9.45,4.3,4.73,0.2,999
Tyler Webb,Cardinals,14974,2,2,0,12,4.24,0,53,53,50,25,7,51,21,1.34,8.66,3.63,4.35,0.2,600.6
Zac Lowther,Orioles,sa915645,1,2,0,0,5.4,5,5,28,29,17,5,24,14,1.53,7.88,4.51,5.6,0.2,999
Tyler Alexander,Tigers,17735,2,3,0,5,4.82,2,42,49,55,26,9,40,9,1.3,7.31,1.71,4.76,0.1,999
Colten Brewer,Red Sox,12997,3,2,0,8,4.22,0,40,40,39,19,4,37,19,1.45,8.44,4.33,4.19,0.1,999
Casey Sadler,Cubs,11209,2,2,0,9,4.08,0,43,43,42,19,6,39,13,1.27,8.06,2.64,4.33,0.1,999
Adrian Morejon,Padres,20039,1,1,0,1,4.28,2,7,14,13,7,2,16,7,1.39,10.01,4.23,4.37,0.1,999
Chi Chi Gonzalez,Rockies,14663,1,1,0,0,5.55,3,3,19,21,12,3,14,9,1.56,6.78,4.1,5.36,0.1,999
Michel Baez,Padres,20100,1,1,0,1,4.24,2,9,16,15,8,2,17,8,1.41,9.49,4.51,4.38,0.1,999
Dylan Floro,Dodgers,13394,2,2,0,9,4.07,0,40,40,40,18,5,34,13,1.32,7.57,2.87,4.17,0.1,999
Mike Mayers,Angels,15451,2,2,0,9,4.42,0,45,45,44,22,7,44,17,1.35,8.82,3.35,4.55,0.1,999
Jose Cisnero,Tigers,6399,3,3,1,17,4.94,0,65,65,62,36,11,68,34,1.48,9.45,4.68,4.96,0.1,999
Ashton Goudeau,Rockies,sa658634,3,3,0,1,5.39,3,28,44,48,26,9,37,15,1.44,7.53,3.02,5.24,0.1,999
Paul Blackburn,Athletics,14739,2,2,0,1,4.8,3,18,34,37,18,5,22,10,1.39,5.95,2.59,4.84,0.1,999
David Peterson,Mets,sa829588,1,0,0,0,4.13,2,2,9,9,4,1,8,3,1.37,7.73,3.38,4.2,0.1,600.3
Nick Margevicius,Mariners,20395,1,1,0,0,4.99,3,3,19,21,10,3,14,5,1.38,6.67,2.44,5.01,0.1,999
Devin Smeltzer,Twins,19487,2,1,0,1,4.6,2,22,29,31,15,5,25,8,1.31,7.71,2.34,4.69,0.1,597.1
Stephen Tarpley,Marlins,15859,2,2,0,9,4.08,0,45,45,42,20,5,46,23,1.43,9.23,4.6,4.26,0.1,999
Cody Reed,Reds,15232,2,1,0,3,3.81,0,30,30,26,13,4,35,13,1.31,10.39,3.86,3.93,0.1,999
Tanner Scott,Orioles,17586,2,2,0,5,3.76,0,35,35,29,15,4,43,19,1.38,11.11,4.9,3.84,0.1,999
Tyler Clippard,Twins,5640,2,2,0,12,4.71,0,55,55,51,29,11,60,20,1.29,9.77,3.33,4.81,0.1,598.6
Touki Toussaint,Braves,16929,2,2,0,1,4.37,2,27,34,32,17,4,37,18,1.44,9.75,4.7,4.49,0.1,597.3
Chris Stratton,Pirates,13761,2,3,0,10,4.51,0,45,45,47,23,6,40,16,1.39,8.04,3.17,4.38,0.1,999
Hunter Wood,Indians,15091,2,2,0,8,4.31,0,42,42,40,20,7,43,16,1.33,9.17,3.34,4.51,0.1,999
Jefry Rodriguez,Indians,17018,2,2,0,1,5.23,5,15,38,40,22,6,31,19,1.55,7.25,4.59,5.27,0.1,999
Peter Fairbanks,Rays,17998,3,2,2,6,3.7,0,40,40,34,16,5,48,17,1.27,10.75,3.76,3.77,0.1,601
Anthony Banda,Rays,14706,2,2,0,3,4.2,0,35,35,33,16,5,35,14,1.33,8.94,3.54,4.34,0.1,999
Andrew Kittredge,Rays,12828,1,1,0,1,3.47,0,25,25,23,10,3,27,7,1.19,9.87,2.6,3.44,0.1,600.2
Bernardo Flores,White Sox,sa874080,1,1,0,1,4.71,2,12,19,22,10,3,13,5,1.39,6.03,2.51,4.85,0.1,999
Alex Reyes,Cardinals,15015,2,2,0,1,4.37,2,30,37,32,18,5,43,23,1.49,10.39,5.58,4.5,0.1,428.3
Jose Mujica,Athletics,sa3006525,0,0,0,0,5.34,2,7,14,15,9,3,14,6,1.47,8.67,3.89,5.11,0.1,999
Ryan Helsley,Cardinals,18138,2,2,2,8,4.18,0,45,45,40,21,6,47,21,1.36,9.49,4.11,4.27,0.1,496.8
Blake Wood,,1345,1,1,0,0,4.18,0,25,25,24,12,3,25,11,1.41,8.87,4,4.09,0.1,999
Kyle McGowin,Nationals,15071,1,1,0,1,4.89,2,7,14,15,8,3,14,5,1.37,8.76,3.13,4.75,0.1,999
Kyle Hart,Red Sox,sa918414,2,2,0,0,5.4,5,5,28,31,17,5,21,12,1.52,6.64,3.77,5.42,0.1,999
Jalen Beeks,Rays,17192,1,1,0,1,4.41,2,17,24,24,12,4,23,10,1.39,8.63,3.75,4.64,0.1,999
Brian Johnson,Red Sox,14272,2,2,0,0,5.51,6,6,38,41,23,7,31,17,1.55,7.34,4.12,5.47,0.1,999
Emmanuel Clase,Indians,21032,2,2,1,1,3.69,0,30,30,28,12,3,30,10,1.25,8.86,2.86,3.82,0.1,504.5
JT Brubaker,Pirates,sa875176,0,1,0,0,4.87,2,2,9,10,5,1,7,4,1.45,7.21,3.42,4.8,0.1,999
Bruce Zimmermann,Orioles,sa3004810,1,1,0,0,5.6,3,3,19,21,12,4,15,8,1.57,7.01,4.09,5.74,0.1,999
Matt Wisler,Twins,12804,2,2,0,3,4.72,0,35,35,36,18,6,33,9,1.3,8.57,2.41,4.51,0.1,999
Shelby Miller,Brewers,10197,1,1,0,0,5.38,3,3,19,20,11,3,16,9,1.56,7.71,4.42,5.29,0.1,999
Ariel Jurado,Rangers,17030,1,1,0,1,5.39,2,7,14,17,9,3,9,4,1.46,5.81,2.47,5.22,0.1,999
Grant Dayton,Braves,11203,1,1,0,1,3.76,0,25,25,22,10,4,31,9,1.21,11.06,3.11,3.91,0.1,999
Bryan Shaw,Rockies,8110,2,2,0,8,5,0,42,42,44,23,6,36,18,1.48,7.74,3.83,4.71,0.1,999
Conner Menez,Giants,19199,1,1,0,1,4.29,2,12,19,17,9,3,21,10,1.39,9.93,4.47,4.47,0.1,999
Austin Adams,Mariners,13801,1,1,0,1,3.23,0,15,15,10,5,1,23,8,1.24,13.5,4.85,3.22,0.1,999
Shaun Anderson,Giants,19453,2,3,6,11,4.3,0,52,52,53,25,7,44,17,1.34,7.63,2.91,4.37,0.1,414
Phil Maton,Indians,18064,2,1,0,6,4.16,0,38,38,35,18,6,42,14,1.28,10.03,3.31,4.17,0.1,999
Trey Supak,Brewers,sa828707,1,1,0,0,5.39,3,3,19,20,11,4,14,6,1.43,6.99,3.08,5.43,0.1,999
Glenn Sparkman,Royals,15200,2,2,0,1,5.43,3,23,39,45,23,7,25,11,1.44,5.87,2.51,5.17,0.1,999
Dereck Rodriguez,Giants,14509,2,3,0,3,4.43,2,37,44,45,22,6,37,14,1.33,7.51,2.81,4.46,0.1,999
Jaime Barria,Angels,18356,2,2,0,1,5.2,3,13,29,31,17,6,25,8,1.36,7.67,2.64,5.29,0.1,601
Jordan Hicks,Cardinals,19618,1,1,6,1,3.51,0,25,25,21,10,2,28,12,1.32,10.15,4.34,3.71,0.1,577.6
Tommy Hunter,Phillies,1157,2,1,0,3,4.09,0,28,28,27,13,4,25,8,1.25,7.89,2.43,4.28,0.1,999
Pierce Johnson,Padres,13435,2,2,0,6,4.05,0,40,40,36,18,5,43,17,1.32,9.74,3.8,4.12,0.1,600.2
Ryan Brasier,Red Sox,5615,2,1,0,1,4.15,0,28,28,26,13,4,28,9,1.27,9.05,2.92,4.12,0.1,600.2
Taylor Clarke,Diamondbacks,17611,1,1,0,1,5.01,2,14,21,22,12,4,18,8,1.4,7.69,3.19,5.01,0.1,999
Stephen Gonsalves,Mets,15492,1,1,0,0,4.75,2,2,9,9,5,1,9,5,1.5,8.56,4.99,4.92,0.1,999
Deolis Guerra,Phillies,8410,1,1,0,1,3.82,0,25,25,22,11,4,28,8,1.2,10.18,2.73,3.9,0.1,999
Jimmy Nelson,Dodgers,10547,2,1,0,3,4.05,0,30,30,28,14,4,32,12,1.32,9.48,3.55,4.21,0.1,573.5
J.P. Feyereisen,Brewers,sa829227,2,2,0,3,4.24,0,30,30,26,14,4,36,16,1.4,10.82,4.95,4.4,0.1,999
Dillon Peters,Angels,18790,1,1,0,1,4.88,2,7,14,16,8,2,11,5,1.41,7.05,2.98,5.01,0.1,999
Chad Bettis,,10587,1,1,0,1,5.04,2,12,19,21,11,3,14,7,1.43,6.56,3.02,5.21,0.1,999
Alex Vesia,Marlins,sa3008070,2,1,0,1,3.73,0,25,25,22,10,3,28,10,1.28,10.19,3.71,3.87,0.1,999
Robert Gsellman,Mets,13696,2,2,0,6,4.07,0,40,40,39,18,5,37,14,1.33,8.4,3.21,4.16,0.1,999
Cristian Javier,Astros,sa874816,1,1,0,0,5.26,3,3,19,17,11,4,22,12,1.53,10.6,5.7,5.47,0.1,594.7
Tommy Milone,,7608,1,1,0,0,5.81,3,3,18,21,12,5,14,5,1.43,7.05,2.44,5.86,0.1,999
Adam Conley,Marlins,14457,3,4,0,13,4.32,0,55,55,54,26,8,50,21,1.36,8.15,3.37,4.5,0.1,999
James Hoyt,Indians,14605,1,1,0,1,4.05,0,25,25,23,11,3,27,10,1.33,9.79,3.7,4.13,0.1,999
Bryan Abreu,Astros,16609,3,3,1,13,4.35,0,55,55,47,27,7,66,34,1.46,10.78,5.53,4.58,0.1,600.3
Hunter Strickland,Nationals,7836,2,2,0,5,4.54,0,35,35,34,18,5,32,14,1.38,8.26,3.61,4.55,0.1,999
Adam Kolarek,Dodgers,10843,1,1,0,1,3.43,0,20,20,19,8,1,16,6,1.28,7.23,2.85,3.7,0.1,999
Cody Stashak,Twins,18088,2,2,0,6,4.65,0,40,40,40,21,7,39,11,1.27,8.83,2.46,4.63,0.1,999
Edgar Santana,Pirates,17355,1,1,0,3,4.36,0,30,30,31,15,4,26,10,1.35,7.7,2.88,4.35,0,999
Kevin McCarthy,Royals,15240,2,2,0,10,4.52,0,45,45,49,23,5,29,16,1.45,5.84,3.26,4.58,0,999
Jeff Brigham,Marlins,16631,2,2,1,5,4.05,0,38,38,34,17,5,39,16,1.31,9.29,3.69,4.21,0,999
Sterling Sharp,Marlins,sa738458,2,2,0,3,4.27,0,35,35,37,17,4,26,12,1.4,6.67,3.11,4.31,0,999
Drew Steckenrider,Marlins,18806,1,1,0,1,3.92,0,20,20,17,9,3,23,9,1.29,10.5,3.83,4.01,0,598.2
Luis Cessa,Yankees,13345,2,2,0,8,4.65,0,40,40,40,21,7,37,15,1.36,8.42,3.28,4.76,0,600.3
Jonathan Holder,Yankees,16588,2,1,0,4,4.55,0,30,30,29,15,5,31,10,1.31,9.3,3.06,4.59,0,999
Wei-Yin Chen,,13071,1,1,0,1,5.02,2,12,19,20,11,4,18,6,1.36,8.16,2.73,5.02,0,999
Luke Gregerson,,4090,1,1,0,0,4.37,0,25,25,26,12,3,21,9,1.37,7.39,3.14,4.39,0,999
Wilmer Font,Blue Jays,5257,2,2,0,5,4.56,0,33,33,32,17,6,36,10,1.27,9.93,2.86,4.51,0,599.5
Adam Cimber,Indians,15288,3,3,0,13,4.54,0,55,55,59,28,8,41,17,1.38,6.68,2.78,4.66,0,999
Matt Bowman,Reds,13528,1,1,0,1,4.28,0,25,25,24,12,3,24,11,1.39,8.63,3.94,4.32,0,999
Sam Coonrod,Giants,17264,2,2,0,6,4.1,0,40,40,36,18,4,40,20,1.4,8.92,4.53,4.25,0,999
Ben Heller,Yankees,15100,1,1,0,1,4.29,0,25,25,23,12,4,28,11,1.35,10.12,4.04,4.45,0,999
Roenis Elias,Nationals,12673,2,3,0,9,4.8,0,45,45,46,24,7,39,19,1.44,7.8,3.75,4.89,0,999
Trevor Megill,Cubs,sa828803,1,1,0,1,4.04,0,20,20,18,9,3,23,8,1.3,10.51,3.58,4.11,0,999
Ryne Harper,Nationals,12680,1,1,0,1,4.15,0,15,15,15,7,2,14,5,1.28,8.55,2.73,4.16,0,999
Dillon Maples,Cubs,14672,1,1,0,1,3.74,0,15,15,10,6,1,23,13,1.53,13.73,7.63,3.93,0,999
Joe Biagini,Astros,13194,2,1,0,3,4.54,0,32,32,33,16,4,28,12,1.4,7.93,3.43,4.51,0,999
Taylor Hearn,Rangers,18325,0,1,0,0,5.65,2,2,9,9,6,2,9,5,1.57,9.04,4.99,5.58,0,999
Keegan Akin,Orioles,sa873980,2,4,0,0,5.95,8,8,47,49,31,11,44,26,1.6,8.43,5.02,6.11,0,999
Trey Wingenter,Padres,17793,1,1,0,1,3.99,0,20,20,16,9,3,27,11,1.33,12.01,4.9,4.08,0,999
Sean Reid-Foley,Blue Jays,17034,2,2,0,1,4.97,2,27,34,33,19,6,36,19,1.51,9.46,5.07,5.07,0,999
Fernando Romero,Twins,15885,1,1,0,1,4.36,0,20,20,19,10,2,19,9,1.42,8.48,4.05,4.37,0,999
Brandon Morrow,,9346,1,0,0,1,3.63,0,10,10,9,4,1,10,3,1.25,9.43,3.03,3.67,0,599.5
J.B. Wendelken,Athletics,14506,2,2,0,5,4.25,0,35,35,33,17,5,36,14,1.34,9.16,3.63,4.31,0,999
Justin Anderson,Angels,16201,2,2,0,6,4.43,0,40,40,35,20,6,46,23,1.45,10.32,5.14,4.55,0,999
Ryan Buchter,,9456,2,2,0,3,4.25,0,35,35,31,17,6,38,15,1.32,9.71,3.94,4.64,0,999
Scott Alexander,Dodgers,10591,1,1,0,1,3.6,0,15,15,14,6,1,13,6,1.36,7.53,3.59,3.83,0,999
Genesis Cabrera,Cardinals,17490,2,3,0,3,4.6,2,35,42,41,22,7,43,20,1.42,9.17,4.17,4.73,0,999
Anthony Misiewicz,Mariners,sa874099,1,1,0,0,5.26,2,2,9,10,5,2,7,3,1.42,7.17,2.95,5.37,0,999
Tony Cingrani,,12555,1,1,0,0,4.1,0,25,25,23,11,4,27,11,1.34,9.84,3.94,4.35,0,999
David Hess,Orioles,16130,1,1,0,1,5.8,2,7,14,16,9,3,12,5,1.47,7.57,3.4,5.8,0,999
Dan Altavilla,Mariners,16507,2,2,0,5,4.25,0,35,35,29,17,5,42,19,1.37,10.91,4.82,4.36,0,600.8
Ronald Bolanos,Padres,20041,1,1,0,0,5.16,2,2,9,9,5,1,8,5,1.55,8.1,4.85,5.22,0,999
Ljay Newsome,Mariners,sa875837,1,1,0,0,5.48,3,3,19,21,11,5,15,3,1.31,7.11,1.54,5.58,0,999
Alex Faedo,Tigers,sa829855,1,1,0,1,5.4,2,7,14,16,9,3,12,4,1.39,7.79,2.76,5.5,0,999
Ryan Tepera,Cubs,10291,2,2,0,5,4.38,0,35,35,33,17,5,33,14,1.36,8.38,3.72,4.57,0,999
John Schreiber,Tigers,20020,2,2,0,1,4.51,0,30,30,29,15,4,29,11,1.35,8.82,3.43,4.5,0,999
Brian Moran,,9646,1,1,0,3,4.45,0,28,28,26,14,4,31,12,1.36,9.87,3.92,4.58,0,999
Ian Hamilton,White Sox,19261,1,1,0,1,4.27,0,18,18,17,9,3,18,6,1.31,9,3.14,4.39,0,999
Victor Arano,Phillies,15915,1,1,0,1,4.25,0,20,20,18,9,3,23,8,1.31,10.19,3.64,4.3,0,999
Daniel Zamora,Mets,17811,1,1,0,1,3.83,0,15,15,13,6,2,16,6,1.3,9.88,3.67,4,0,999
Bobby Wahl,Brewers,14832,1,1,0,1,4.27,0,23,23,19,11,3,30,13,1.4,11.65,5.04,4.41,0,999
Taylor Guilbeau,Mariners,18306,1,1,0,1,3.93,0,15,15,14,7,2,14,6,1.37,8.35,3.81,4.09,0,999
Austin Davis,Phillies,17117,1,1,0,1,4.2,0,20,20,18,9,3,23,9,1.35,10.35,4.16,4.31,0,999
Luis Perdomo,Padres,14682,1,1,0,1,3.95,0,15,15,15,7,2,13,5,1.32,7.92,2.94,4.04,0,999
Caleb Ferguson,Dodgers,19349,1,0,0,1,3.56,0,10,10,8,4,1,13,4,1.25,11.39,3.95,3.83,0,999
Luis Garcia,,6984,1,1,0,1,4.59,0,15,15,15,8,2,14,7,1.47,8.5,4.32,4.47,0,999
David Bednar,Padres,19569,1,1,0,1,3.73,0,10,10,9,4,1,12,5,1.32,10.42,4.12,3.83,0,999
Juan Nicasio,,7731,1,1,0,1,4.43,0,12,12,12,6,2,12,4,1.37,8.69,3.23,4.39,0,999
Jake McGee,Rockies,7550,2,2,0,10,5.11,0,45,45,48,26,8,40,15,1.4,8.01,3.06,4.98,0,999
Zac Grotz,Mariners,18256,1,1,0,1,3.88,0,10,10,10,4,1,9,3,1.26,8.31,2.64,3.91,0,999
Paul Sewald,Mets,13892,1,1,0,1,4.45,0,20,20,19,10,3,21,6,1.29,9.23,2.92,4.46,0,999
Robert Stock,Phillies,6576,1,1,0,1,4.14,0,15,15,13,7,2,17,8,1.4,10.43,4.54,4.23,0,999
Derek Law,Rangers,13133,1,1,0,1,4.52,0,15,15,15,8,2,15,7,1.46,8.87,4.34,4.54,0,999
Richard Lovelady,Royals,19337,1,0,0,1,4.03,0,10,10,10,4,1,9,4,1.37,7.98,3.48,4.1,0,600.7
Jonny Venters,,7175,1,1,0,0,4.45,0,25,25,24,12,2,24,16,1.59,8.66,5.79,4.52,0,999
Darwinzon Hernandez,Red Sox,19848,2,2,0,5,4.24,0,33,33,25,16,3,45,26,1.55,12.29,7.09,4.39,0,596.3
Arodys Vizcaino,,5498,1,1,0,0,4.46,0,25,25,23,12,4,27,12,1.4,9.85,4.34,4.58,0,599
Kyle Keller,Angels,18890,0,0,0,1,4.1,0,10,10,9,5,1,12,5,1.34,10.53,4.31,4.34,0,999
Austin Brice,Red Sox,17237,1,1,0,3,4.53,0,30,30,29,15,5,29,11,1.35,8.65,3.32,4.63,0,999
Zach Duke,,3840,2,1,0,0,4.22,0,25,25,24,12,3,22,12,1.45,8.09,4.41,4.47,0,999
Nate Jones,,4696,1,1,0,1,4.11,0,15,15,14,7,2,16,6,1.34,9.82,3.83,4.32,0,999
Jimmie Sherfy,Diamondbacks,15118,1,1,0,1,4.18,0,10,10,9,5,1,12,5,1.33,10.74,4.13,4.23,0,999
Sam Selman,Giants,13397,0,0,0,1,3.52,0,5,5,4,2,0,7,3,1.3,11.87,4.89,3.58,0,999
Jon Duplantier,Diamondbacks,19546,1,1,0,1,4.26,0,20,20,18,9,2,21,10,1.43,9.48,4.63,4.35,0,595.5
A.J. Minter,Braves,18655,1,0,0,1,3.83,0,7,7,6,3,1,8,3,1.3,10.63,3.8,3.77,0,999
Chad Sobotka,Braves,17470,1,0,0,1,4.1,0,12,12,10,5,1,15,7,1.4,10.91,4.92,4.1,0,999
Aaron Loup,,10343,0,0,0,1,3.76,0,10,10,9,4,1,10,4,1.32,9.06,3.49,4.04,0,999
Phillip Diehl,Rockies,20030,1,1,0,1,4.7,0,32,32,32,17,5,32,13,1.41,9.07,3.75,4.74,0,999
Colin Rea,Cubs,12317,1,2,0,1,5.5,3,13,29,31,18,5,23,14,1.54,7.12,4.22,5.55,0,999
Yoan Lopez,Diamondbacks,17181,2,2,0,6,4.4,0,40,40,39,20,6,38,16,1.37,8.53,3.64,4.52,0,600.6
Dovydas Neverauskas,Pirates,11604,2,2,0,5,4.47,0,35,35,32,17,5,39,18,1.43,9.97,4.54,4.4,0,999
Bud Norris,,9492,1,1,0,1,4.3,0,10,10,9,5,1,11,4,1.36,10.22,3.92,4.34,0,999
Wyatt Mills,Mariners,sa918372,1,1,0,1,4.19,0,10,10,9,5,1,10,4,1.34,8.67,3.54,4.25,0,999
Blake Parker,Phillies,5224,0,0,0,1,4.39,0,10,10,9,5,2,11,4,1.28,9.78,3.26,4.41,0,999
Edwin Jackson,Diamondbacks,1841,1,1,0,0,5.68,2,2,9,10,6,2,7,4,1.55,7.12,4.04,5.51,0,999
Nick Vincent,,7555,0,0,0,1,3.91,0,10,10,10,4,1,9,3,1.22,8.24,2.4,3.95,0,999
Dan Winkler,Cubs,12237,1,1,0,1,4.67,0,20,20,19,10,3,20,11,1.46,9.17,4.79,4.71,0,999
Ben Bowden,Rockies,sa873701,1,1,0,1,4.71,0,15,15,14,8,2,18,8,1.46,10.98,5.05,4.7,0,999
Parker Dunshee,Athletics,sa873274,0,1,0,0,5.37,2,2,9,10,6,2,8,3,1.44,7.46,3.37,5.55,0,999
Taylor Cole,Angels,11964,2,1,0,1,4.29,0,25,25,24,12,4,25,10,1.37,8.89,3.74,4.46,0,999
Geoff Hartlieb,Pirates,19558,0,1,0,1,4.21,0,10,10,10,5,1,10,5,1.42,8.99,4.08,4.12,0,999
Reyes Moronta,Giants,14966,0,0,0,1,3.71,0,7,7,5,3,1,9,4,1.34,11.23,5.08,3.84,0,596.1
Fernando Abad,Nationals,4994,1,1,0,1,4.32,0,10,10,10,5,2,9,3,1.28,8.43,2.71,4.3,0,999
Jose Quijada,Angels,19200,1,1,0,1,4.31,0,20,20,17,10,3,24,11,1.42,10.93,5.15,4.54,0,999
Eric Yardley,Brewers,15538,0,0,0,1,4.3,0,10,10,11,5,1,7,3,1.38,6.54,2.9,4.32,0,999
Joel Kuhnel,Reds,19995,1,1,0,1,4.32,0,10,10,10,5,1,9,4,1.37,8.18,3.39,4.42,0,999
Demarcus Evans,Rangers,sa875783,1,1,0,1,4.64,0,20,20,16,10,2,27,17,1.63,11.95,7.52,4.82,0,600.8
Tony Sipp,,8280,1,1,0,0,4.55,0,20,20,19,10,3,19,8,1.38,8.63,3.68,4.62,0,999
Kyle Finnegan,Nationals,sa708446,1,0,0,1,4.43,0,10,10,9,5,1,11,5,1.43,9.51,4.42,4.42,0,999
Aaron Barrett,Nationals,11243,0,0,0,1,4.53,0,10,10,10,5,1,9,5,1.44,8.22,4.2,4.63,0,999
Gerardo Reyes,Padres,16306,1,1,0,1,4.25,0,13,13,11,6,2,16,7,1.41,10.89,4.99,4.3,0,999
Nestor Cortes,Mariners,17874,1,2,0,3,4.64,0,30,30,29,15,5,30,12,1.36,8.96,3.46,4.71,0,999
Dany Jimenez,Giants,sa885967,2,2,0,1,4.13,0,25,25,22,11,3,28,12,1.37,9.92,4.22,4.23,0,999
James Bourque,Nationals,16668,1,1,0,1,4.32,0,10,10,9,5,1,11,5,1.44,10.13,4.86,4.35,0,999
Matt Grace,,11449,0,0,0,1,4.26,0,10,10,10,5,1,9,3,1.36,7.75,2.85,4.2,0,999
Addison Reed,,10586,1,1,0,0,4.55,0,25,25,26,13,4,22,7,1.3,7.9,2.41,4.59,0,999
Daulton Jefferies,Athletics,sa738964,0,0,0,1,3.95,0,5,5,5,2,1,5,1,1.19,8.74,2,4.02,0,999
Luis Avilan,Yankees,2882,1,0,0,1,4.38,0,10,10,10,5,1,10,4,1.4,9.06,3.92,4.51,0,999
Edubray Ramos,,16086,1,0,0,1,4.39,0,10,10,10,5,2,9,4,1.33,8.45,3.25,4.46,0,999
Tony Santillan,Reds,sa874781,0,1,0,0,5.61,2,2,9,10,6,2,8,5,1.57,7.39,4.53,5.74,0,999
Anthony Swarzak,Phillies,7466,1,1,0,1,4.65,0,15,15,14,8,2,16,7,1.39,9.39,3.94,4.69,0,999
Cole Sulser,Orioles,15256,0,0,0,1,4.43,0,5,5,5,2,1,6,2,1.34,10,3.71,4.56,0,999
Jimmy Cordero,White Sox,15690,2,2,0,5,4.47,0,38,38,36,19,5,35,20,1.47,8.3,4.67,4.66,0,999
Ross Detwiler,,2859,1,1,0,0,5.74,3,3,19,22,12,4,13,7,1.54,6.08,3.42,5.81,0,999
Blaine Hardy,Twins,6499,0,0,0,1,4.34,0,5,5,5,2,1,4,1,1.31,7.3,2.66,4.35,0,999
Bryan Garcia,Tigers,19457,2,3,0,12,4.82,0,55,55,53,29,9,55,26,1.45,8.97,4.33,4.81,0,999
Kevin Quackenbush,Nationals,12360,0,0,0,1,4.4,0,5,5,5,2,1,5,2,1.29,9.88,3.11,4.32,0,999
Nick Ramirez,Tigers,12575,1,1,0,1,4.66,0,20,20,20,10,3,17,9,1.46,7.66,3.97,4.77,0,999
David Hernandez,Nationals,4259,0,0,0,1,4.46,0,5,5,5,2,1,5,2,1.35,9.26,3.5,4.46,0,999
Luiz Gohara,Angels,15166,0,0,0,1,4.22,0,5,5,5,2,1,6,2,1.3,10.41,3.44,4.28,0,999
Jandel Gustave,Giants,14665,2,3,2,15,4.29,0,55,55,53,26,6,47,25,1.42,7.67,4.1,4.37,0,999
Dan Otero,Yankees,7385,0,0,0,1,4.34,0,5,5,6,2,1,3,1,1.29,5.9,1.57,4.34,0,999
Josh Sborz,Dodgers,18323,0,0,0,1,3.98,0,5,5,4,2,1,5,2,1.27,9.86,3.38,4.17,0,999
Trevor Hildenberger,,17002,1,1,0,1,4.72,0,12,12,13,6,2,10,4,1.37,7.45,2.77,4.57,0,999
Ryan Cook,Marlins,8855,0,1,0,1,4.35,0,10,10,9,5,1,10,5,1.44,9.03,4.46,4.33,0,999
Ryan Hendrix,Reds,sa738145,1,1,0,1,4.42,0,10,10,9,5,1,12,6,1.46,10.68,5.29,4.59,0,999
Zack Godley,Tigers,14862,1,1,0,1,4.81,0,20,20,20,11,3,18,8,1.43,8.11,3.7,4.76,0,999
Tyler Lyons,Yankees,11334,0,0,0,1,4.58,0,5,5,5,3,1,6,2,1.31,9.95,3.45,4.72,0,999
Jack Anderson,Mariners,sa874072,0,0,0,1,4.1,0,5,5,5,2,1,4,2,1.4,7.09,3.52,4.32,0,999
Walker Lockett,Mets,13804,1,1,0,1,4.36,0,10,10,11,5,1,8,2,1.29,7.17,2.16,4.39,0,999
Codi Heuer,White Sox,sa3006764,1,1,0,1,4.54,0,12,12,12,6,2,10,4,1.4,7.41,3.27,4.68,0,999
Jeffrey Springs,Rangers,17677,1,1,0,1,4.64,0,10,10,9,5,2,11,5,1.4,10.03,4.22,4.57,0,999
Felix Pena,Angels,13403,0,1,0,1,4.44,0,10,10,10,5,2,10,3,1.3,9.32,3.1,4.5,0,600.6
Francisco Liriano,,3201,0,0,0,1,4.29,0,5,5,5,2,1,5,3,1.41,9.45,4.53,4.54,0,999
Penn Murfee,Mariners,sa3006775,0,1,0,1,4.46,0,10,10,10,5,1,9,4,1.37,8.3,3.42,4.53,0,999
Trevor Cahill,Giants,6249,1,1,0,1,4.09,0,10,10,9,5,1,9,4,1.33,8.42,3.42,4.13,0,999
Grant Holmes,,sa828669,1,1,0,1,4.47,0,15,15,15,7,2,13,6,1.39,8.04,3.55,4.58,0,999
Jeanmar Gomez,,9033,1,1,0,0,4.72,0,20,20,22,10,3,16,7,1.45,7.16,3.32,4.55,0,999
A.J. Cole,Blue Jays,11467,1,1,0,1,4.69,0,10,10,10,5,2,10,4,1.36,9.24,3.35,4.72,0,999
Javy Guerra,Nationals,7407,0,0,0,1,4.69,0,5,5,5,3,1,4,2,1.4,7.95,3.39,4.61,0,999
Josh D. Smith,Reds,13629,0,0,0,1,4.63,0,5,5,5,3,1,5,3,1.46,9.87,4.87,4.74,0,999
Sal Romano,Reds,13690,0,0,0,1,4.52,0,5,5,5,3,1,5,2,1.37,8.59,3.27,4.48,0,999
Dominic Leone,Indians,13763,1,0,0,1,4.6,0,15,15,14,8,3,17,7,1.37,10.32,4.05,4.63,0,999
Yency Almonte,Rockies,15068,1,1,0,1,5.19,0,25,25,26,14,4,23,13,1.54,8.22,4.69,5.14,0,999
Jeremy Walker,Braves,19981,0,0,0,1,4.42,0,5,5,5,2,1,4,2,1.37,7.06,2.76,4.38,0,999
Tyler Olson,,14741,0,0,0,1,4.13,0,5,5,5,2,1,5,2,1.38,9.13,4.06,4.43,0,999
Jacob Waguespack,Blue Jays,18318,1,1,0,1,4.74,0,18,18,18,9,3,16,7,1.42,7.95,3.68,4.82,0,999
Nolan Blackwood,Tigers,sa874212,0,0,0,1,4.62,0,5,5,5,3,1,4,2,1.51,6.69,4.15,4.65,0,999
Duane Underwood Jr.,Cubs,14677,1,1,0,1,4.59,0,25,25,24,13,4,24,10,1.4,8.75,3.77,4.58,0,999
Jared Hughes,,9325,1,1,0,1,4.32,0,15,15,15,7,2,11,6,1.38,6.82,3.42,4.55,0,999
Alexander Guillen,Rockies,sa737454,0,0,0,1,4.92,0,5,5,5,3,1,5,2,1.44,9.18,4.12,4.79,0,999
Kyle Barraclough,,13713,0,0,0,1,4.16,0,5,5,4,2,1,6,3,1.44,10.59,5.37,4.35,0,600.9
Cody Allen,,12183,2,2,2,4,5.26,0,32,32,31,19,6,35,17,1.5,9.76,4.8,5.2,0,600.4
Jacob Barnes,,12323,0,0,0,1,4.43,0,5,5,5,2,1,5,2,1.42,8.62,4,4.5,0,999
Branden Kline,,14101,1,1,0,1,5.1,0,15,15,15,8,3,14,7,1.5,8.14,4.33,5.16,0,999
Wandy Peralta,Giants,14295,1,1,0,1,4.1,0,20,20,20,9,2,17,8,1.4,7.52,3.81,4.23,0,999
Josh Osich,Red Sox,11528,1,1,0,1,4.79,0,28,28,29,15,4,25,11,1.4,8.06,3.38,4.62,0,999
Jake Petricka,Blue Jays,10534,0,0,0,1,4.53,0,5,5,5,3,1,4,2,1.42,7.72,3.34,4.59,0,999
Garrett Cleavinger,Phillies,sa827423,0,0,0,1,4.51,0,5,5,4,3,1,6,4,1.54,11.32,6.4,4.65,0,999
Matt Albers,,4300,2,2,0,0,4.66,0,25,25,25,13,4,23,10,1.39,8.45,3.62,4.71,0,999
Taylor Widener,Diamondbacks,sa918271,0,0,0,1,4.57,0,5,5,5,3,1,5,2,1.37,9.79,3.98,4.52,0,999
Drew Smith,Mets,17755,1,1,0,1,4.43,0,10,10,10,5,1,9,4,1.39,8.15,3.73,4.53,0,999
Jacob Rhame,Mets,15267,0,0,0,1,4.43,0,5,5,5,2,1,5,2,1.32,9.86,3.53,4.61,0,999
Cody Ponce,Pirates,sa856266,1,1,0,1,4.63,0,10,10,10,5,1,9,4,1.4,7.9,3.26,4.58,0,999
Adalberto Mejia,White Sox,13188,0,0,0,1,4.58,0,8,8,8,4,1,8,3,1.38,8.83,3.76,4.83,0,999
Jerad Eickhoff,,12664,0,0,0,1,4.46,0,5,5,5,2,1,5,2,1.32,8.36,2.9,4.54,0,999
Yohander Mendez,Rangers,14391,1,1,0,1,5.06,0,10,10,10,6,2,9,5,1.49,8.28,4.07,5.18,0,999
Jharel Cotton,Cubs,13654,0,0,0,1,4.54,0,5,5,5,3,1,5,2,1.34,8.93,3.4,4.63,0,600.8
Cionel Perez,Astros,19614,0,0,0,1,4.36,0,5,5,5,2,1,5,2,1.4,9.03,4.04,4.54,0,999
Jerry Blevins,,7841,0,0,0,1,4.13,0,5,5,4,2,1,6,2,1.35,10.05,4.18,4.34,0,999
Justin Grimm,Brewers,11720,0,0,0,1,4.68,0,5,5,4,3,1,6,3,1.43,10.49,4.78,4.66,0,999
Joel Payamps,Diamondbacks,14332,0,0,0,1,4.52,0,5,5,5,3,1,4,1,1.31,7.93,2.58,4.47,0,999
Hector Velazquez,Red Sox,19341,0,0,0,1,4.7,0,5,5,5,3,1,4,2,1.44,7.42,3.55,4.79,0,999
Gabe Speier,Royals,17170,0,0,0,1,4.81,0,5,5,5,3,1,4,2,1.48,7.84,4.32,4.88,0,999
Jake Faria,Brewers,13699,0,0,0,1,4.74,0,5,5,5,3,1,5,2,1.41,9.43,4.17,4.82,0,999
Jason Adam,,11861,0,0,0,1,4.65,0,5,5,4,3,1,5,3,1.42,9.85,4.7,4.9,0,999
Dennis Santana,Dodgers,17878,0,0,0,1,4.3,0,5,5,5,2,1,5,2,1.35,9.87,4.02,4.45,0,999
Taylor Williams,Mariners,14899,1,1,0,1,4.53,0,15,15,15,8,2,15,7,1.42,8.88,4.02,4.58,0,999
James Norwood,Cubs,16440,0,0,0,1,4.51,0,10,10,9,5,1,11,6,1.48,10.29,5.31,4.62,0,999
Ian Anderson,Braves,sa917921,0,0,0,0,0,0,0,0,0,0,0,0,0,0,0,0,3.21,0,999
Steven Wright,,8185,0,0,0,0,0,0,0,0,0,0,0,0,0,0,0,0,3.21,0,999
Sam Howard,Pirates,16265,0,0,0,0,0,0,0,0,0,0,0,0,0,0,0,0,3.21,0,999
Ben Braymer,Nationals,sa918477,0,0,0,0,0,0,0,0,0,0,0,0,0,0,0,0,3.21,0,999
Jake Woodford,Cardinals,sa874753,0,0,0,0,0,0,0,0,0,0,0,0,0,0,0,0,3.21,0,999
Huascar Ynoa,Braves,20468,0,0,0,0,0,0,0,0,0,0,0,0,0,0,0,0,3.21,0,999
Ryley Gilliam,Mets,sa3008225,0,0,0,0,0,0,0,0,0,0,0,0,0,0,0,0,3.21,0,999
Wil Crowe,Nationals,sa738488,0,0,0,0,0,0,0,0,0,0,0,0,0,0,0,0,3.21,0,999
Tucker Davidson,Braves,sa918393,0,0,0,0,0,0,0,0,0,0,0,0,0,0,0,0,3.21,0,999
JoJo Romero,Phillies,sa917955,0,0,0,0,0,0,0,0,0,0,0,0,0,0,0,0,3.21,0,999
David Robertson,Phillies,8241,0,0,0,0,0,0,0,0,0,0,0,0,0,0,0,0,3.21,0,999
Philip Pfeifer,Braves,sa602699,0,0,0,0,0,0,0,0,0,0,0,0,0,0,0,0,3.21,0,999
Adonis Medina,Phillies,sa832877,0,0,0,0,0,0,0,0,0,0,0,0,0,0,0,0,3.21,0,999
Matt Carasiti,,13276,1,1,0,1,4.18,0,15,15,14,7,2,15,7,1.38,8.89,3.95,4.26,0,999
Kent Emanuel,Astros,sa549399,0,0,0,1,4.66,0,5,5,5,3,1,4,1,1.36,7.28,2.68,4.73,0,999
Kodi Whitley,Cardinals,sa3004708,0,0,0,1,4.48,0,5,5,5,2,1,5,2,1.41,8.33,3.87,4.6,0,999
Mike Morin,Brewers,13442,0,0,0,1,4.76,0,5,5,5,3,1,4,1,1.36,6.76,2.57,4.83,0,999
Clay Holmes,Pirates,13649,1,1,0,1,4.55,0,25,25,24,13,2,24,15,1.55,8.7,5.3,4.55,0,999
Seth Elledge,Cardinals,sa3004011,0,0,0,1,4.48,0,5,5,5,2,1,5,3,1.45,9.26,4.68,4.6,0,999
Jacob Webb,Braves,19274,2,2,0,5,4.57,0,35,35,33,18,5,36,19,1.47,9.35,4.86,4.77,0,999
Justin Shafer,Reds,16132,0,0,0,1,4.73,0,5,5,5,3,1,5,3,1.48,8.64,4.58,4.88,0,999
Ryan Burr,,17536,0,0,0,1,4.72,0,5,5,5,3,1,5,3,1.51,9.3,5.24,4.77,0,999
Trevor Rosenthal,,10745,2,2,2,7,4.81,0,40,40,35,21,4,46,30,1.64,10.41,6.75,4.72,0,600.3
Dean Deetz,Astros,16687,0,0,0,1,4.59,0,5,5,4,3,1,6,3,1.5,11.2,5.86,4.77,0,999
Gerson Bautista,Mariners,19256,1,1,0,1,4.54,0,20,20,18,10,3,22,12,1.49,9.95,5.33,4.59,0,999
Austen Williams,Nationals,16309,0,0,0,1,4.79,0,5,5,5,3,1,5,2,1.42,8.19,3.4,4.76,0,999
Donnie Hart,,15306,0,0,0,1,4.32,0,5,5,5,2,1,4,2,1.42,6.32,3.32,4.66,0,999
Corey Oswalt,Mets,13677,0,0,0,1,4.57,0,5,5,5,3,1,5,2,1.31,8.32,2.72,4.59,0,999
Chris Rusin,,9895,0,0,0,1,4.39,0,5,5,5,2,1,4,2,1.38,6.69,2.98,4.59,0,999
Rogelio Armenteros,Astros,17679,1,1,0,1,4.78,0,12,12,12,6,2,12,5,1.36,9.23,3.43,4.89,0,600.8
James Kaprielian,,sa658943,0,0,0,1,4.68,0,5,5,5,3,1,5,2,1.35,8.27,3.04,4.79,0,999
Dillon Tate,Orioles,17796,0,1,0,1,5.09,0,10,10,11,6,2,7,4,1.46,6.74,3.37,5.04,0,999
Evan Phillips,Orioles,17734,1,1,0,1,4.95,0,25,25,24,14,4,28,14,1.52,9.92,5.15,5.12,0,999
Edgar Garcia,Phillies,19276,0,0,0,1,4.77,0,5,5,4,3,1,6,3,1.42,10.79,4.67,4.82,0,999
Cole Irvin,Phillies,19244,0,0,0,1,4.81,0,5,5,5,3,1,4,1,1.33,7.11,2.26,4.93,0,999
Blake Taylor,Astros,sa737558,1,0,0,1,4.58,0,10,10,9,5,1,9,6,1.55,8.54,5.43,4.79,0,999
Chris Mazza,Red Sox,14151,0,0,0,1,4.89,0,5,5,5,3,1,4,2,1.42,6.87,2.93,4.79,0,999
Alex Wilson,,9239,1,2,0,1,4.83,0,25,25,27,13,4,19,8,1.39,6.93,2.79,4.88,0,999
Enderson Franco,Giants,11896,1,1,0,1,4.6,0,15,15,15,8,2,13,5,1.37,7.63,3.08,4.61,0,999
Melvin Adon,Giants,sa873314,0,0,0,1,4.4,0,5,5,5,2,1,5,3,1.53,8.66,5.25,4.54,0,999
Xavier Cedeno,,36,1,1,0,0,4.57,0,25,25,25,13,3,22,14,1.54,7.93,4.94,4.67,0,999
Devin Williams,Brewers,15816,1,1,0,1,4.56,0,12,12,11,6,2,14,7,1.51,10.56,5.59,4.77,0,999
John Curtiss,Rays,16128,0,0,0,1,4.78,0,5,5,5,3,1,5,3,1.51,9.55,5.35,5.01,0,999
Franklyn Kilome,Mets,sa830592,0,0,0,1,4.69,0,5,5,5,3,1,4,3,1.51,7.8,4.72,4.81,0,999
Cody Anderson,Mariners,12799,0,0,0,1,4.73,0,5,5,5,3,1,5,2,1.38,8.51,3.19,4.82,0,999
Brett Cecil,Cardinals,2660,1,1,0,1,4.6,0,10,10,10,5,1,8,4,1.43,7.4,3.59,4.69,0,599.8
Scott Moss,Indians,sa738902,0,0,0,1,4.84,0,5,5,5,3,1,5,3,1.47,9.32,4.63,5.03,0,999
Zach Thompson,White Sox,sa602893,0,0,0,1,4.93,0,5,5,5,3,1,5,2,1.49,8.17,4.24,5.1,0,999
Cody Carroll,Orioles,17664,1,2,0,1,5.06,0,28,28,27,16,4,29,17,1.56,9.28,5.42,5.14,0,999
Cy Sneed,Astros,16106,1,1,0,1,4.92,0,10,10,10,5,2,9,4,1.4,7.91,3.28,4.95,0,999
Angel Perdomo,Brewers,sa658084,1,1,0,1,4.7,0,12,12,10,6,2,14,8,1.53,10.66,5.93,4.86,0,999
Travis Lakins,Orioles,18600,0,0,0,1,5.2,0,5,5,5,3,1,4,2,1.54,7.47,4.37,5.3,0,999
Phillips Valdez,Red Sox,15605,0,0,0,1,4.88,0,5,5,5,3,1,4,2,1.47,7.36,3.69,4.92,0,999
Nick Goody,Rangers,13685,2,2,0,7,5.2,0,40,40,38,23,8,45,20,1.44,10.22,4.44,5.29,0,999
Edinson Volquez,Rangers,3990,1,1,0,1,5.25,0,10,10,11,6,2,8,5,1.57,7.53,4.44,5.12,0,999
James Pazos,Rockies,13323,2,1,0,5,4.96,0,35,35,36,19,5,31,17,1.5,8.09,4.28,4.95,0,999
Jake Newberry,Royals,15136,1,1,0,1,4.91,0,15,15,15,8,2,13,7,1.5,7.88,4.47,4.97,0,999
Tayron Guerrero,White Sox,11691,1,1,0,1,4.81,0,15,15,14,8,2,17,9,1.51,10.42,5.34,4.97,0,999
Foster Griffin,Royals,sa828674,0,1,0,0,5.68,2,2,9,11,6,2,6,4,1.58,6.1,3.93,5.82,0,999
Art Warren,Mariners,18251,0,1,0,1,4.5,0,10,10,9,5,1,10,6,1.5,9.11,5.12,4.78,0,999
Cory Gearrin,,7947,1,1,0,1,4.71,0,15,15,15,8,2,13,7,1.46,7.7,4.01,4.87,0,999
Jaime Schultz,Athletics,15066,0,0,0,1,4.85,0,5,5,4,3,1,6,3,1.49,10.26,5.28,4.99,0,999
Thomas Hatch,Blue Jays,sa738514,0,0,0,1,5.27,0,5,5,5,3,1,4,2,1.47,7.95,3.76,5.29,0,999
Manny Banuelos,,5365,1,1,0,1,4.78,0,10,10,10,5,2,10,5,1.48,9.09,4.56,4.87,0,999
Jorge Alcala,Twins,19459,0,0,0,1,5.21,0,5,5,5,3,1,4,2,1.51,8.04,4.28,5.2,0,999
Junior Fernandez,Cardinals,18496,2,2,4,5,4.33,0,40,40,36,19,5,43,23,1.48,9.58,5.28,4.54,0,999
Luke Farrell,Rangers,15101,1,1,0,1,5.29,0,17,17,17,10,3,17,8,1.49,9.19,4.44,5.28,0,999
Brooks Kriske,Yankees,sa918091,1,1,0,1,4.83,0,20,20,19,11,3,21,12,1.51,9.57,5.23,5.04,0,999
Michael Rucker,Orioles,sa919117,1,2,0,3,5.08,0,35,35,37,20,7,32,13,1.42,8.16,3.31,5.16,0,999
Joe Barlow,Rangers,sa919113,0,0,0,1,5.42,0,5,5,4,3,1,6,5,1.81,11.14,8.71,5.57,0,999
Luke Bard,Angels,14288,1,1,0,1,4.81,0,15,15,15,8,3,15,6,1.36,8.84,3.47,4.96,0,999
T.J. Zeuch,Blue Jays,19269,0,0,0,1,5.32,0,5,5,6,3,1,3,2,1.5,5.98,3.3,5.33,0,999
Eric Hanhold,,18332,1,1,0,1,5.19,0,15,15,16,9,3,12,7,1.53,7.31,4.12,5.3,0,999
Randy Rosario,Royals,14508,1,1,0,1,4.71,0,25,25,27,13,3,18,11,1.5,6.53,3.86,4.76,0,999
Julian Merryweather,Blue Jays,sa829363,1,1,0,1,4.97,0,18,18,19,10,3,16,6,1.38,8.02,2.95,5.01,0,999
Kyle Dowdy,Indians,19285,0,0,0,1,5.39,0,5,5,5,3,1,4,2,1.52,7.62,4.05,5.41,0,999
Reggie McClain,Phillies,19311,0,0,0,1,5.3,0,5,5,6,3,1,4,2,1.45,7.03,3.05,5.38,0,999
Stephen Nogosek,Mets,19545,0,0,0,1,5.19,0,5,5,5,3,1,5,3,1.58,9.16,5.57,5.38,0,999
Zack Brown,Brewers,sa738901,0,1,0,1,5.02,0,10,10,10,6,2,9,5,1.5,7.74,4.14,5.09,0,999
Jake Cronenworth,Padres,sa857694,0,0,0,0,5.65,0,5,5,5,3,1,5,3,1.57,8.89,4.73,5.44,0,999
Michael Shawaryn,Red Sox,19495,0,0,0,1,5.51,0,7,7,7,4,1,6,3,1.5,7.89,3.95,5.47,0,999
Hector Santiago,,4026,0,1,0,1,5.34,0,10,10,10,6,2,10,5,1.5,8.63,4.44,5.44,0,999
Beau Burrows,Tigers,sa874682,0,0,0,1,5.71,0,5,5,5,3,1,4,2,1.55,7.59,4.2,5.73,0,999
Jordan Holloway,Marlins,sa829245,0,0,0,1,5.2,0,5,5,5,3,1,4,4,1.72,7.66,6.68,5.36,0,999
Victor Gonzalez,,sa880983,0,0,0,0,5.65,0,5,5,5,3,1,5,3,1.57,8.89,4.73,5.44,0,999
Jose Ruiz,White Sox,14552,1,1,0,1,5.09,0,20,20,20,11,3,19,11,1.57,8.72,5.08,5.25,0,999
Kyle Zimmer,Royals,14169,1,1,0,1,4.9,0,10,10,10,5,1,9,6,1.61,8.31,5.75,5.08,0,999
Wily Peralta,,7738,1,1,0,0,4.9,0,25,25,26,14,3,21,13,1.56,7.51,4.6,5.01,0,999
Eric Skoglund,Royals,16155,1,2,0,1,5.91,5,10,33,40,22,7,20,11,1.53,5.31,3,5.96,0,999
Alec Hansen,White Sox,sa738344,0,0,0,1,5.45,0,5,5,5,3,1,5,4,1.76,9.85,7.73,5.81,0,999
Scott Blewett,Royals,sa828695,0,0,0,1,5.61,0,5,5,6,3,1,3,2,1.56,6.18,3.92,5.72,0,999
Brandon Finnegan,Reds,16208,1,1,0,1,4.98,0,18,18,18,10,3,18,9,1.47,9,4.41,5.1,0,999
Ryan Castellani,Rockies,sa828689,0,1,0,0,6.49,2,2,9,11,7,2,7,6,1.75,6.99,5.51,6.32,0,999
Yohan Ramirez,Mariners,sa922200,1,1,0,1,4.89,0,15,15,13,8,2,17,12,1.65,10.15,6.95,5.1,0,999
Shawn Kelley,,7773,1,1,0,0,4.86,0,25,25,25,13,5,25,7,1.31,8.93,2.61,4.96,0,600.1
Blake Cederlind,Pirates,sa875318,1,1,0,1,4.97,0,20,20,20,11,2,17,12,1.61,7.8,5.45,4.96,0,999
AJ Ramos,,8350,1,1,0,0,4.89,0,25,25,23,14,4,27,15,1.52,9.56,5.27,5.01,0,999
Jesus Tinoco,Rockies,16300,0,1,0,1,5.69,0,10,10,11,6,2,8,5,1.59,7.31,4.46,5.64,0,999
T.J. McFarland,Athletics,3237,1,1,0,9,4.51,0,45,45,50,23,5,27,16,1.48,5.46,3.29,4.69,0,999
Yacksel Rios,Pirates,15007,1,1,0,1,5,0,20,20,20,11,3,19,10,1.53,8.36,4.7,4.92,0,999
Tyler Thornburg,,10688,1,1,0,1,5.47,0,15,15,15,9,3,16,8,1.51,9.8,4.85,5.54,0,999
Tyler Bashlor,Mets,15203,1,1,0,1,4.89,0,15,15,14,8,2,15,8,1.48,9.28,4.95,5.01,0,999
Yennsy Diaz,Blue Jays,20218,1,1,0,1,5.49,0,10,10,11,6,2,8,5,1.53,6.95,4.15,5.56,0,999
JC Ramirez,,8302,0,1,0,1,5.38,0,10,10,11,6,2,7,3,1.47,6.21,3.15,5.51,0,999
Stephen Woods Jr.,Royals,sa737853,1,1,0,1,5.54,0,10,10,11,6,1,8,7,1.72,6.79,6.04,5.61,0,999
Burch Smith,Athletics,12784,1,1,0,1,4.94,0,20,20,19,11,3,20,10,1.49,9.09,4.72,5.11,0,999
Jonathan Hernandez,Rangers,17464,2,2,0,3,5.23,0,30,30,31,17,5,28,16,1.56,8.27,4.74,5.18,0,999
Patrick Weigel,Braves,sa829466,1,1,0,1,4.98,0,18,18,18,10,3,17,9,1.49,8.54,4.56,5.11,0,999
Brian Duensing,,4064,1,1,0,0,4.98,0,20,20,21,11,3,14,9,1.51,6.46,3.93,4.99,0,999
Caleb Frare,,14353,1,1,0,1,5.09,0,15,15,13,8,2,18,11,1.63,10.64,6.83,5.4,0,999
Thomas Pannone,Blue Jays,17281,1,1,0,1,5.27,0,20,20,20,12,4,20,8,1.4,8.84,3.43,5.33,0,999
Jordan Romano,Blue Jays,16122,2,3,0,11,5.16,0,47,47,47,27,9,46,20,1.41,8.82,3.8,5.15,0,999
Javier Guerra,Padres,17292,0,1,0,0,4.86,0,32,32,34,17,5,27,12,1.42,7.56,3.37,4.85,0,999
Chance Adams,Royals,18135,1,1,0,1,5.46,0,15,15,16,9,3,13,7,1.53,7.83,4.39,5.41,0,999
Keynan Middleton,Angels,15264,2,2,7,10,4.73,0,50,50,48,26,8,52,25,1.45,9.35,4.51,4.93,0,584.6
Josh Staumont,Royals,18335,1,2,0,3,4.88,0,30,30,26,16,4,34,22,1.61,10.26,6.53,4.94,0,999
Josh Tomlin,,9388,2,2,0,3,4.93,0,33,33,37,18,7,25,4,1.26,6.76,1.14,4.93,0,999
James Shields,,7059,1,2,0,0,5.81,5,5,28,31,18,6,21,12,1.53,6.84,3.78,5.99,-0.1,999
Tyler Kinley,Rockies,18297,1,2,0,3,5.44,0,35,35,35,21,6,36,23,1.66,9.28,5.94,5.41,-0.1,999
Anthony Gose,Indians,5097,0,1,0,0,8.61,0,5,5,5,5,1,5,7,2.52,9,12.91,9.17,-0.1,999
Carson Fulmer,White Sox,18311,1,2,0,2,5.39,0,25,25,24,15,5,25,15,1.59,9.06,5.52,5.62,-0.1,999
Rony Garcia,Tigers,sa918036,2,2,0,3,5.5,0,30,30,33,18,6,24,12,1.5,7.08,3.52,5.42,-0.1,999
David McKay,Tigers,19814,2,2,0,8,5.12,0,45,45,42,26,8,51,24,1.48,10.28,4.83,5.1,-0.1,999
Jarlin Garcia,Giants,18282,2,3,2,9,4.46,0,45,45,45,22,6,37,17,1.36,7.48,3.32,4.65,-0.1,999
Greg Holland,,7196,3,3,4,11,4.82,0,55,55,52,29,8,54,33,1.55,8.78,5.42,4.92,-0.1,598.3
Gregory Soto,Tigers,19677,2,3,0,11,5,0,50,50,49,28,7,46,32,1.62,8.31,5.73,5.21,-0.1,999
Brad Boxberger,Marlins,10133,3,4,3,10,4.83,0,50,50,46,27,8,55,30,1.51,9.95,5.35,4.92,-0.2,597.3
