Name,Team,playerid,W,L,ERA,GS,G,SV,IP,H,ER,HR,SO,BB,WHIP,K/9,BB/9,FIP,WAR,RA9-WAR,ADP
Gerrit Cole,Yankees,13125,15,8,3.25,32,32,0,202,154,73,28,281,57,1.04,12.48,2.52,3.16,6.1,5.8,5.9
Jacob deGrom,Mets,10954,14,9,3.12,32,32,0,205,168,71,24,259,49,1.06,11.34,2.17,3.01,6.1,5.4,7.3
Justin Verlander,Astros,8700,16,8,3.45,32,32,0,204,165,78,32,266,47,1.04,11.74,2.05,3.41,5.3,5,12.8
Max Scherzer,Nationals,3137,15,9,3.27,32,32,0,202,160,74,27,268,50,1.04,11.95,2.22,3.18,5.7,5.8,15.4
Walker Buehler,Dodgers,19374,14,8,3.44,32,32,0,194,167,74,25,226,52,1.13,10.48,2.4,3.44,4.3,4.3,15.4
Jack Flaherty,Cardinals,17479,12,10,3.59,32,32,0,192,161,76,26,230,62,1.17,10.81,2.92,3.67,4.1,4.1,22.5
Shane Bieber,Indians,19427,14,9,3.67,32,32,0,201,187,82,29,219,41,1.13,9.77,1.81,3.6,4.7,4.8,26.7
Stephen Strasburg,Nationals,10131,14,10,3.58,32,32,0,200,178,80,25,229,57,1.17,10.28,2.56,3.51,4.8,4.8,27.4
Blake Snell,Rays,13543,11,8,3.39,28,28,0,154,124,58,19,194,58,1.18,11.3,3.38,3.48,3.7,3.8,32.2
Mike Clevinger,Indians,12808,12,8,3.66,28,28,0,167,141,68,23,202,56,1.18,10.9,3.05,3.69,3.6,4.1,32.5
Chris Sale,Red Sox,10603,8,4,3.2,16,16,0,95,75,34,12,126,22,1.03,11.9,2.12,3.12,2.6,2.8,35.2
Luis Castillo,Reds,15689,12,10,3.82,32,32,0,190,169,81,25,216,68,1.25,10.25,3.22,3.84,3.8,4,38.9
Patrick Corbin,Nationals,9323,13,9,3.56,32,32,0,192,172,76,23,218,63,1.23,10.21,2.96,3.59,4.4,4.7,44.1
Lucas Giolito,White Sox,15474,12,10,4.24,31,31,0,184,164,87,30,212,70,1.27,10.36,3.43,4.31,3.1,2.7,48.2
Clayton Kershaw,Dodgers,2036,14,8,3.53,31,31,0,194,181,76,26,198,44,1.16,9.19,2.04,3.67,4.2,4.1,51
Aaron Nola,Phillies,16149,13,10,3.81,32,32,0,198,179,84,26,222,67,1.24,10.08,3.06,3.85,3.9,3.9,52.2
Chris Paddack,Padres,20099,11,10,3.84,29,29,0,170,155,73,25,184,44,1.17,9.74,2.31,3.87,3.3,3.1,53.5
Josh Hader,Brewers,14212,4,3,2.91,0,75,28,75,48,24,10,123,30,1.03,14.71,3.54,2.92,1.7,1.6,56.8
Charlie Morton,Rays,4676,12,9,3.48,31,31,0,185,158,72,21,213,61,1.19,10.38,2.99,3.55,4.1,4.3,58.7
Yu Darvish,Cubs,13074,12,9,3.85,31,31,0,185,159,79,25,222,62,1.19,10.81,2.99,3.73,3.8,3.8,58.8
Tyler Glasnow,Rays,14374,10,8,3.66,28,28,0,154,125,62,19,192,62,1.22,11.27,3.61,3.61,3.2,3.3,64.7
Noah Syndergaard,Mets,11762,12,11,3.88,32,32,0,195,184,84,24,200,52,1.21,9.24,2.41,3.68,4.1,3.2,65.4
Zack Greinke,Astros,1943,13,10,4.25,32,32,0,199,203,94,33,181,44,1.24,8.17,2,4.29,2.8,2.9,66.2
Kirby Yates,Padres,9073,3,3,3.2,0,63,31,63,49,22,7,86,20,1.09,12.32,2.86,3.13,1,1,72.4
Aroldis Chapman,Yankees,10233,4,2,2.99,0,65,34,65,45,22,7,95,28,1.12,13.15,3.83,3.14,1.3,1.4,76.7
Jose Berrios,Twins,14168,13,10,4.47,32,32,0,198,195,99,32,191,60,1.29,8.67,2.71,4.45,3.1,2.9,81.1
Roberto Osuna,Astros,13764,4,3,3.61,0,65,33,65,56,26,9,77,17,1.12,10.59,2.37,3.6,0.9,0.8,81.6
Trevor Bauer,Reds,12703,12,11,3.92,32,32,0,200,174,87,28,239,74,1.24,10.76,3.32,3.9,4.2,4.1,82.2
Brandon Woodruff,Brewers,16162,11,10,4.05,31,31,0,183,169,82,25,202,63,1.27,9.93,3.11,3.98,3.3,3.3,82.9
Liam Hendriks,Athletics,3548,4,3,3.15,0,70,30,70,54,24,8,93,21,1.07,11.9,2.74,3.09,1.3,1.3,92.8
Corey Kluber,Rangers,2429,11,10,4.2,29,29,0,174,171,81,27,176,47,1.25,9.09,2.44,4.1,3.4,3.8,98
Taylor Rogers,Twins,13449,4,3,3.42,0,65,28,65,56,25,8,77,19,1.16,10.71,2.64,3.41,1,1,101
Sonny Gray,Reds,12768,11,10,3.92,31,31,0,175,161,76,22,192,67,1.3,9.85,3.46,3.9,3.5,3.5,101.8
Brad Hand,Indians,9111,4,3,3.66,0,65,31,65,54,26,9,81,23,1.19,11.21,3.21,3.75,0.7,1,104
Mike Soroka,Braves,18383,12,10,4.09,31,31,0,189,193,86,24,166,51,1.29,7.89,2.43,4.06,3.1,3,106.7
Carlos Carrasco,Indians,6632,12,9,3.81,29,29,0,173,160,73,26,190,42,1.17,9.89,2.2,3.78,3.5,3.9,108.3
Edwin Diaz,Mets,14710,4,3,2.86,0,65,31,65,45,21,7,98,23,1.04,13.63,3.2,2.76,1.3,1.3,109.3
Kenley Jansen,Dodgers,3096,4,3,3.82,0,65,36,65,56,28,10,75,18,1.13,10.45,2.44,3.87,0.6,0.6,109.5
Zack Wheeler,Phillies,10310,11,10,4.11,31,31,0,189,179,87,30,196,53,1.23,9.3,2.54,4.16,3.3,3.1,113.5
Ken Giles,Blue Jays,12910,3,3,3.55,0,65,30,65,54,26,8,82,21,1.16,11.37,2.95,3.45,1,0.8,115.8
Frankie Montas,Athletics,14309,11,9,4.13,29,29,0,176,169,81,24,169,57,1.28,8.61,2.92,4.15,2.9,2.8,116.1
Jesus Luzardo,Athletics,19959,10,8,3.93,24,34,0,149,136,65,21,153,50,1.25,9.29,3.04,4.08,2.7,2.7,119.7
Madison Bumgarner,Diamondbacks,5524,11,12,4.5,32,32,0,199,200,100,34,193,53,1.27,8.73,2.41,4.43,2.5,2.6,121.4
Lance Lynn,Rangers,2520,12,11,4.07,32,32,0,192,178,87,27,207,67,1.28,9.73,3.17,4.04,4.1,4.5,124.1
Zac Gallen,Diamondbacks,19291,9,9,4.19,26,26,0,145,132,68,21,160,53,1.28,9.91,3.27,4.13,2.2,2.3,127.8
Shohei Ohtani,Angels,19755,7,5,3.7,18,18,0,101,83,41,14,124,39,1.21,11.15,3.47,3.77,2.1,2.1,128.5
Hector Neris,Phillies,11804,3,3,3.84,0,65,29,65,54,28,10,82,24,1.19,11.41,3.29,3.93,0.6,0.6,130.8
Max Fried,Braves,13743,12,9,3.58,31,31,0,176,163,70,18,183,63,1.29,9.35,3.23,3.71,3.3,3.9,131.7
Dinelson Lamet,Padres,17186,10,8,3.71,26,26,0,144,118,59,19,183,57,1.21,11.43,3.54,3.71,3,2.9,133.2
Craig Kimbrel,Cubs,6655,4,3,3.54,0,65,35,65,49,26,8,91,28,1.19,12.6,3.93,3.55,0.8,1,135.8
Raisel Iglesias,Reds,17130,3,3,3.85,0,65,32,65,56,28,10,78,23,1.21,10.86,3.15,3.9,0.8,0.7,136.6
Eduardo Rodriguez,Red Sox,13164,13,10,4.17,32,32,0,193,181,89,28,202,71,1.31,9.43,3.31,4.22,2.8,3.6,140.2
Alex Colome,White Sox,6661,3,3,4.22,0,65,31,65,63,30,10,66,23,1.32,9.14,3.24,4.31,0.3,0.3,145.3
Brandon Workman,Red Sox,11428,4,3,3.86,0,68,30,68,58,29,8,82,31,1.32,10.88,4.16,3.87,0.6,0.8,145.8
Hyun-Jin Ryu,Blue Jays,14444,11,11,4.27,31,31,0,186,192,88,29,165,43,1.26,8,2.08,4.26,2.9,2.8,147.4
Will Smith,Braves,8048,3,3,3.34,0,62,13,62,50,23,8,81,21,1.15,11.72,3.08,3.32,0.8,0.9,149.4
Hansel Robles,Angels,11801,3,3,4.18,0,65,24,65,59,30,10,71,24,1.27,9.85,3.28,4.32,0.3,0.4,149.6
Julio Urias,Dodgers,14765,9,7,3.96,23,28,0,127,112,56,18,136,52,1.3,9.65,3.68,4.23,1.9,2,151.5
Robbie Ray,Diamondbacks,11486,11,10,4.12,31,31,0,174,150,80,25,215,81,1.32,11.1,4.16,4.14,2.8,2.9,155.6
Jose Leclerc,Rangers,14524,3,3,3.71,0,66,27,66,50,27,8,91,35,1.28,12.41,4.71,3.81,1,1.1,156.7
Nick Anderson,Rays,18337,4,3,3.21,0,65,19,65,48,23,8,90,21,1.07,12.44,2.97,3.24,1,1.1,156.9
Kyle Hendricks,Cubs,12049,11,10,4.32,31,31,0,179,187,86,27,152,42,1.28,7.61,2.1,4.32,2.7,2.6,159.2
Archie Bradley,Diamondbacks,12918,3,3,3.92,0,65,33,65,59,28,8,72,26,1.31,9.99,3.58,3.85,0.6,0.6,160.4
Matthew Boyd,Tigers,15440,10,11,4.32,29,29,0,173,160,83,31,191,51,1.22,9.95,2.65,4.38,2.9,2.9,166.3
David Price,Dodgers,3184,11,8,3.68,28,28,0,155,139,63,21,166,44,1.19,9.65,2.56,3.85,2.9,2.9,170.4
James Paxton,Yankees,11828,9,6,3.85,23,23,0,126,109,54,20,147,40,1.19,10.55,2.85,3.95,2.8,2.7,172.8
Kenta Maeda,Twins,18498,10,9,4.64,26,36,0,154,150,80,27,157,55,1.33,9.13,3.22,4.64,1.9,1.8,173.8
Sean Manaea,Athletics,15873,9,8,4.54,24,24,0,143,147,72,23,118,42,1.32,7.48,2.64,4.65,1.6,1.7,177.4
Mike Minor,Rangers,10021,11,12,4.62,32,32,0,201,202,103,35,186,64,1.32,8.35,2.86,4.67,3.1,3.5,178.9
Ian Kennedy,Royals,6986,3,3,4.32,0,65,27,65,62,31,11,67,19,1.25,9.29,2.69,4.4,0.3,0.5,180
Carlos Martinez,Cardinals,11682,9,10,4.22,26,36,0,160,155,75,19,149,65,1.38,8.42,3.67,4.29,1.9,2.1,180.4
German Marquez,Rockies,15038,12,10,4.15,31,31,0,187,184,86,27,195,50,1.25,9.42,2.41,3.95,3.9,4.3,183.2
Sean Doolittle,Nationals,1581,3,3,4.04,0,60,19,60,54,27,10,67,18,1.2,10.02,2.69,4.15,0.6,0.5,184.7
Lance McCullers Jr.,Astros,14120,10,6,3.74,24,24,0,138,123,57,16,151,53,1.28,9.85,3.45,3.78,2.9,2.7,184.9
Jake Odorizzi,Twins,6397,11,10,4.58,31,31,0,172,164,88,31,180,61,1.3,9.4,3.19,4.63,2.3,2.3,185.4
Joe Jimenez,Tigers,15761,3,3,4.15,0,65,29,65,56,30,10,77,25,1.26,10.67,3.53,4.19,0.6,0.5,190.1
Keone Kela,Pirates,14696,3,3,3.58,0,65,30,65,54,26,8,81,24,1.21,11.28,3.34,3.46,0.9,0.7,190.9
Giovanny Gallegos,Cardinals,14986,3,3,3.69,0,65,19,65,56,27,9,77,20,1.17,10.7,2.77,3.71,0.8,0.6,191.1
Luke Weaver,Diamondbacks,16918,8,8,4.23,23,23,0,126,120,59,19,130,40,1.28,9.33,2.89,4.17,2,1.9,191.7
Luis Severino,Yankees,15890,0,0,3.95,0,0,0,1,1,0,0,1,0,1.21,9.85,2.64,4.02,0,0,194.4
Mark Melancon,Braves,4264,3,3,3.68,0,65,19,65,64,27,7,61,19,1.28,8.5,2.65,3.67,0.6,0.7,199.7
Andrew Heaney,Angels,15423,11,9,3.99,29,29,0,168,152,74,28,183,46,1.18,9.84,2.49,4.14,2.8,2.9,205
Mike Foltynewicz,Braves,10811,10,10,4.7,29,29,0,169,170,88,29,159,57,1.35,8.49,3.02,4.72,1.6,1.7,205.3
Marcus Stroman,Mets,13431,11,10,3.88,31,31,0,179,181,77,18,155,59,1.34,7.79,2.96,3.89,3.2,2.8,210.2
Joe Musgrove,Pirates,12970,10,11,4.25,31,31,0,179,185,84,26,164,43,1.28,8.25,2.18,4.11,2.8,2.4,214.3
Jose Urquidy,Astros,18413,10,8,4.45,26,26,0,149,145,74,27,147,39,1.24,8.91,2.36,4.49,2.1,1.8,215.5
Masahiro Tanaka,Yankees,15764,11,10,4.56,31,31,0,183,192,92,33,161,43,1.29,7.92,2.14,4.65,2.5,2.4,224.7
Joey Lucchesi,Padres,19320,10,11,4.32,31,31,0,178,176,86,26,171,65,1.35,8.66,3.26,4.4,2.2,2.2,227.3
A.J. Puk,Athletics,19343,9,7,4.09,21,36,0,135,118,61,19,150,59,1.32,9.99,3.94,4.28,2.2,2.1,230.4
Mitch Keller,Pirates,17594,8,9,4.13,26,26,0,140,134,64,18,150,51,1.32,9.61,3.25,3.98,2.3,2,232.8
Caleb Smith,Marlins,14875,9,12,4.58,31,31,0,179,167,91,32,189,70,1.32,9.51,3.51,4.74,1.8,1.6,234.2
Griffin Canning,Angels,19867,7,6,4.35,19,19,0,108,102,52,18,111,36,1.28,9.29,3,4.42,1.4,1.4,241.5
Adrian Houser,Brewers,12718,8,9,4.38,24,34,0,139,139,68,19,132,51,1.37,8.5,3.32,4.33,1.8,1.8,245.9
Dustin May,Dodgers,19716,7,6,4.01,16,31,0,107,105,48,14,95,31,1.26,8.01,2.57,4.17,1.4,1.4,249
Ryan Yarbrough,Rays,16502,7,8,4.5,21,21,0,121,125,61,19,99,34,1.32,7.32,2.56,4.67,1.2,1.4,252.8
Sandy Alcantara,Marlins,18684,9,13,4.74,31,31,0,188,192,99,27,158,80,1.44,7.55,3.83,4.81,1.5,1.2,255.2
Jon Gray,Rockies,14916,11,10,4.31,31,31,0,186,183,89,26,191,63,1.32,9.26,3.05,4.12,3.5,4,257
Anthony DeSclafani,Reds,13050,8,9,4.49,26,26,0,144,143,72,25,143,42,1.29,8.97,2.61,4.43,2.1,2,259.8
Scott Oberg,Rockies,13911,3,3,4.25,0,65,5,65,64,31,8,64,25,1.37,8.88,3.43,4.15,0.6,0.8,260.7
Aaron Civale,Indians,19479,8,8,4.81,23,23,0,130,139,69,24,102,34,1.33,7.11,2.33,4.88,1.3,1.5,261.2
Dylan Bundy,Angels,12917,11,10,4.47,31,31,0,178,171,88,32,178,53,1.26,9,2.7,4.54,2.3,2.2,262.4
Chris Archer,Pirates,6345,10,11,4.17,31,31,0,180,171,83,26,197,61,1.29,9.86,3.07,4,3,2.6,262.6
Mychal Givens,Orioles,10430,3,3,3.96,0,65,14,65,55,29,10,77,26,1.25,10.61,3.65,4.11,0.7,0.7,264.8
Dallas Keuchel,White Sox,9434,11,11,4.4,31,31,0,190,205,93,25,145,64,1.42,6.88,3.02,4.53,2.3,2.3,267.8
Garrett Richards,Padres,9784,9,8,3.85,26,26,0,139,127,59,16,146,56,1.32,9.43,3.61,3.93,2.6,2.4,274.7
Yonny Chirinos,Rays,16401,8,8,4.28,21,41,0,139,141,66,21,122,38,1.29,7.88,2.47,4.37,1.7,1.6,278.9
Brendan McKay,Rays,20186,7,6,3.89,19,24,0,110,98,47,16,121,36,1.22,9.95,2.97,4.04,1.8,2,279.9
Dylan Cease,White Sox,18525,8,8,4.51,24,24,0,135,127,68,21,144,63,1.41,9.56,4.21,4.62,1.8,1.5,282.5
Joshua James,Astros,16794,8,6,4.04,18,43,0,124,102,56,18,155,58,1.29,11.23,4.22,4.13,1.8,1.8,283.9
Emilio Pagan,Padres,14771,3,3,3.48,0,65,1,65,52,25,9,84,19,1.09,11.64,2.61,3.48,0.9,0.8,284.3
Michael Kopech,White Sox,17282,6,6,4.73,18,18,0,100,90,52,18,115,48,1.38,10.36,4.29,4.82,1,0.9,284.5
Ross Stripling,Dodgers,13273,6,4,3.78,10,45,0,87,83,37,12,86,21,1.2,8.86,2.22,3.89,1.2,1.2,287.9
Daniel Hudson,Nationals,7146,3,3,4.32,0,65,15,65,60,31,9,68,28,1.35,9.38,3.81,4.42,0.4,0.4,292.8
Steven Matz,Mets,13361,9,9,4.29,24,34,0,142,140,68,21,140,47,1.31,8.82,2.94,4.28,1.8,1.5,293
Brandon Kintzler,Marlins,9939,3,3,3.98,0,65,24,65,66,29,7,54,20,1.33,7.51,2.78,4.06,0.4,0.4,295
Miles Mikolas,Cardinals,9803,7,7,4.18,19,19,0,113,120,53,16,91,22,1.25,7.23,1.75,4.14,1.6,1.6,297.9
Wade Davis,Rockies,7441,3,3,5.06,0,65,25,65,65,37,11,66,32,1.49,9.08,4.42,4.93,0.2,0.3,304.7
Reynaldo Lopez,White Sox,16400,9,10,4.96,28,28,0,159,159,88,32,149,55,1.35,8.43,3.13,5.09,1.5,1.1,307.1
Johnny Cueto,Giants,6893,9,10,4.19,28,28,0,163,164,76,23,141,48,1.3,7.79,2.63,4.3,1.9,2.1,309.3
Seth Lugo,Mets,12447,3,3,3.53,0,65,2,65,58,25,8,75,17,1.15,10.42,2.39,3.45,0.8,0.7,309.9
Michael Pineda,Twins,5372,8,7,4.61,21,21,0,119,124,61,21,110,29,1.28,8.27,2.22,4.53,1.6,1.6,311.4
Cole Hamels,Braves,4972,8,7,4.23,23,23,0,128,126,60,17,125,44,1.32,8.79,3.08,4.2,1.8,1.9,319.6
Matt Magill,Mariners,3950,3,3,4.19,0,55,17,55,50,26,9,60,21,1.28,9.84,3.4,4.32,0.2,0.3,329
Dakota Hudson,Cardinals,19206,9,11,4.52,29,29,0,169,177,85,19,130,77,1.5,6.92,4.1,4.65,1.5,1.6,329.7
Kevin Gausman,Giants,14107,8,9,4.03,26,26,0,146,141,65,19,138,44,1.27,8.49,2.68,4.05,2.1,2.1,330.4
Jose Quintana,Cubs,11423,11,10,4.29,31,31,0,177,180,84,26,159,55,1.33,8.08,2.78,4.36,2.5,2.6,337
Blake Treinen,Dodgers,12572,3,3,3.42,0,62,4,62,54,24,6,67,23,1.24,9.8,3.38,3.58,0.7,0.7,338.5
Josh Lindblom,Brewers,7882,9,10,4.59,26,26,0,158,159,81,28,155,45,1.29,8.85,2.57,4.55,2,1.9,352.5
Jeff Samardzija,Giants,3254,9,13,4.73,32,32,0,191,201,101,31,154,56,1.34,7.27,2.64,4.73,1.2,1.3,363.5
Julio Teheran,Angels,6797,10,12,5.3,31,31,0,179,186,105,35,155,76,1.46,7.81,3.8,5.47,0.5,0.5,371
Alex Wood,Dodgers,13781,7,6,4,16,31,0,106,106,47,15,93,29,1.28,7.92,2.49,4.21,1.3,1.4,377.3
Tony Watson,Giants,3132,3,3,3.85,0,63,21,63,60,27,8,59,19,1.25,8.38,2.74,4.01,0.3,0.5,381.6
Diego Castillo,Rays,17496,3,3,3.23,0,60,5,60,48,22,6,74,22,1.17,11.12,3.27,3.34,0.9,0.9,383.3
Dellin Betances,Mets,6216,3,2,3.03,0,55,4,55,39,19,5,79,24,1.15,12.85,3.89,2.99,1,1,384.6
Chris Bassitt,Athletics,12304,8,7,4.32,18,43,0,125,119,60,18,118,42,1.28,8.48,3,4.4,1.6,1.4,385.1
Ryan Pressly,Astros,7005,4,3,3.33,0,65,3,65,54,24,7,79,20,1.15,10.93,2.8,3.32,1,1,401.5
Kyle Gibson,Rangers,10123,10,11,4.44,31,31,0,176,181,87,24,160,67,1.41,8.18,3.42,4.43,3,3.3,405.6
Pablo Lopez,Marlins,17085,9,10,4.15,28,28,0,157,158,73,21,136,45,1.29,7.79,2.58,4.22,2.3,2.1,413.9
Shaun Anderson,Giants,19453,2,3,3.83,0,52,6,52,50,22,6,48,15,1.26,8.24,2.66,3.97,0.3,0.4,414
Domingo German,Yankees,17149,6,6,4.75,18,23,0,105,102,55,20,107,35,1.31,9.21,3.01,4.84,1.2,1.1,425.3
Anibal Sanchez,Nationals,3284,9,11,5.03,29,29,0,163,172,91,30,142,56,1.4,7.82,3.1,4.99,1.4,1.4,425.7
Rick Porcello,Mets,2717,9,11,4.61,29,29,0,165,172,85,28,148,44,1.31,8.07,2.39,4.55,1.9,1.3,426.3
Alex Reyes,Cardinals,15015,2,2,3.99,2,30,0,37,31,16,5,44,19,1.35,10.75,4.59,4.12,0.3,0.3,428.3
John Means,Orioles,16269,8,13,5.32,31,31,0,183,200,108,41,143,53,1.38,7.02,2.58,5.55,1.4,1.3,429.2
J.A. Happ,Yankees,7410,8,8,4.76,24,24,0,137,139,72,26,128,45,1.34,8.37,2.93,4.89,1.5,1.5,436.9
Nathan Eovaldi,Red Sox,9132,10,8,4.23,26,26,0,143,139,67,20,137,47,1.3,8.66,2.94,4.23,2,2.6,441.8
Mike Fiers,Athletics,7754,10,12,5.19,31,31,0,181,196,104,35,140,56,1.39,6.93,2.77,5.24,1.1,0.8,442
Marco Gonzales,Mariners,15467,9,13,4.61,32,32,0,193,208,99,32,147,52,1.35,6.87,2.43,4.78,2,1.8,444.6
Zach Plesac,Indians,19979,7,8,5.07,21,21,0,119,126,67,23,98,38,1.39,7.43,2.92,5.22,0.7,1.1,444.7
Jordan Montgomery,Yankees,16511,6,6,4.69,16,26,0,99,99,52,18,96,34,1.34,8.7,3.08,4.82,0.9,1,449.4
Justus Sheffield,Mariners,17285,7,10,4.77,24,24,0,139,139,74,22,123,67,1.48,7.98,4.31,4.99,0.9,1.1,454.3
Yoshihisa Hirano,Mariners,19756,3,3,4.59,0,60,10,60,60,31,9,55,24,1.39,8.3,3.53,4.72,0,0,460
Freddy Peralta,Brewers,18679,6,6,4.34,16,36,0,109,92,52,17,134,52,1.33,11.1,4.34,4.39,1.5,1.5,465.2
Corbin Burnes,Brewers,19361,4,4,4.2,6,46,0,76,71,36,11,81,29,1.31,9.58,3.44,4.24,0.9,0.8,477.6
James Karinchak,Indians,20151,3,2,3.54,0,57,4,57,42,22,7,81,30,1.28,12.74,4.79,3.64,0.6,0.9,478.2
Jordan Lyles,Rangers,7593,7,9,5.25,23,28,0,128,136,75,23,114,52,1.46,7.96,3.64,5.14,1.2,1.4,480.9
Tyler Beede,Giants,16981,1,2,4.44,5,5,0,27,25,13,4,26,12,1.4,8.8,4.02,4.5,0.2,0.3,481.5
Matt Barnes,Red Sox,12863,4,3,3.35,0,68,5,68,52,25,7,94,31,1.23,12.38,4.13,3.32,1,1.1,489.1
Merrill Kelly,Diamondbacks,11156,5,6,4.53,11,46,0,100,102,50,16,94,31,1.33,8.44,2.77,4.4,0.9,0.8,490.7
Rich Hill,Twins,4806,5,4,4.39,13,13,0,70,65,34,12,74,25,1.29,9.48,3.22,4.49,1,1,491.6
Andrew Miller,Cardinals,6785,3,3,3.61,0,60,2,60,50,24,7,71,24,1.24,10.67,3.57,3.76,0.6,0.7,494.1
Zach Davies,Padres,13183,8,11,5.05,29,29,0,162,185,91,26,113,54,1.47,6.28,2.97,5.03,0.9,0.6,494.7
Kwang-hyun Kim,Cardinals,27458,6,5,3.91,13,35,2,96,92,42,13,94,26,1.24,8.81,2.47,3.98,1.4,1.4,496.7
Ryan Helsley,Cardinals,18138,2,2,4.05,0,45,2,45,40,20,6,50,19,1.31,9.91,3.8,4.17,0.2,0.2,496.8
Jose Alvarado,Rays,17780,3,3,3.27,0,60,8,60,47,22,6,77,31,1.29,11.53,4.59,3.54,0.7,0.9,496.9
Jon Lester,Cubs,4930,10,11,4.72,31,31,0,176,184,92,29,158,58,1.37,8.09,2.97,4.64,2,1.8,499.6
Spencer Howard,Phillies,sa3004923,0,0,4.68,0,0,0,1,1,1,0,1,0,1.38,9.22,3.81,4.85,0,0,499.6
Jordan Yamamoto,Marlins,17585,7,10,4.69,24,24,0,135,132,71,21,129,56,1.39,8.57,3.75,4.7,1.1,1.1,500.1
Zach Eflin,Phillies,13774,8,10,5.04,26,26,0,146,157,82,28,121,44,1.38,7.45,2.72,5.12,1,1,501.9
Emmanuel Clase,Indians,21032,2,1,3.74,0,30,1,30,27,12,4,32,11,1.27,9.75,3.35,3.81,0.3,0.3,504.5
Michael Lorenzen,Reds,14843,3,3,4.2,0,65,2,65,63,30,9,65,25,1.34,9.04,3.42,4.24,0.4,0.4,507.8
Corey Knebel,Brewers,15010,2,2,3.48,0,40,4,40,31,15,5,55,18,1.21,12.46,3.99,3.48,0.6,0.6,508.1
Spencer Turnbull,Tigers,16207,7,9,4.63,24,24,0,131,132,67,19,120,49,1.39,8.25,3.41,4.57,1.7,1.7,508.5
Homer Bailey,Twins,8362,8,8,5.01,23,23,0,124,133,69,22,100,40,1.4,7.26,2.91,4.99,1.2,1,509.6
Austin Voth,Nationals,15047,7,6,4.32,15,45,0,112,107,54,18,108,37,1.3,8.75,3.01,4.44,1.6,1.5,511.2
Tyler Mahle,Reds,16358,4,4,4.15,6,41,0,70,67,32,11,75,21,1.25,9.69,2.68,4.14,0.8,0.8,512.9
Jake Arrieta,Phillies,4153,9,11,4.73,29,29,0,168,174,88,26,140,61,1.4,7.5,3.28,4.78,1.6,1.6,513.1
Brad Peacock,Astros,5401,4,3,4.15,3,48,0,63,57,29,10,73,23,1.26,10.41,3.22,4.11,0.6,0.5,514.8
Ryne Stanek,Marlins,15947,3,3,3.55,0,65,5,65,52,26,8,83,27,1.22,11.56,3.78,3.62,0.7,0.7,519.2
Drew Pomeranz,Padres,11426,3,3,3.38,0,58,1,58,47,22,7,74,21,1.19,11.41,3.31,3.46,0.7,0.7,519.7
Tony Gonsolin,Dodgers,19388,3,3,4.51,6,16,0,46,43,23,8,46,18,1.32,8.96,3.46,4.7,0.3,0.3,519.9
Matt Shoemaker,Blue Jays,4776,7,8,4.99,23,23,0,127,134,71,25,113,39,1.35,8.03,2.74,4.98,1.2,1,520.4
Hunter Harvey,Orioles,15507,3,3,4.57,0,60,14,60,57,30,10,63,24,1.34,9.43,3.6,4.7,0.2,0.3,520.4
Wade Miley,Reds,8779,9,10,4.44,28,28,0,147,153,73,20,129,58,1.43,7.9,3.53,4.55,1.8,2,523.2
Jairo Diaz,Rockies,12774,3,3,4.18,0,65,1,65,62,30,8,69,27,1.36,9.56,3.69,4.08,0.6,0.8,523.8
Will Harris,Nationals,3192,3,3,3.54,0,62,4,62,57,24,6,65,19,1.23,9.44,2.8,3.51,0.8,0.8,530.2
Adam Ottavino,Yankees,1247,3,3,4.33,0,68,2,68,57,33,10,84,35,1.36,11.11,4.64,4.39,0.4,0.4,530.2
Zack Britton,Yankees,3240,4,3,3.4,0,65,1,65,60,25,5,63,30,1.39,8.66,4.13,3.77,0.8,1,531.9
Aaron Bummer,White Sox,16258,4,3,3.44,0,65,2,65,58,25,6,68,27,1.31,9.46,3.68,3.69,0.7,0.8,531.9
Kevin Ginkel,Diamondbacks,19876,3,3,3.88,0,60,0,60,51,26,8,74,25,1.26,11.08,3.74,3.85,0.5,0.6,533.3
Trevor May,Twins,6398,3,3,4.08,0,60,2,60,52,27,9,71,24,1.27,10.65,3.63,4.11,0.5,0.5,535.5
Nick Pivetta,Phillies,15454,5,5,4.18,10,45,0,88,81,41,14,97,31,1.27,9.9,3.19,4.27,1,1,536.5
Taijuan Walker,Mariners,11836,6,8,4.93,21,21,0,117,122,64,21,101,39,1.38,7.8,3,4.99,0.7,0.8,538.9
Kyle Crick,Pirates,13182,3,3,4.32,0,65,4,65,60,31,8,72,30,1.38,10.03,4.21,4.26,0.2,0.2,543.6
Sergio Romo,Twins,9817,3,3,4.93,0,67,3,67,69,37,13,62,23,1.37,8.38,3.04,4.95,0.1,0,543.9
Andres Munoz,Padres,20373,3,2,3.36,0,48,1,48,37,18,5,64,25,1.27,12.06,4.61,3.49,0.6,0.6,548
Kyle Wright,Braves,19665,5,5,4.37,13,18,0,77,76,37,10,75,29,1.37,8.71,3.43,4.33,0.9,0.9,548.8
Shane Greene,Braves,10756,3,3,4.01,0,65,2,65,62,29,9,67,21,1.29,9.25,2.96,4.03,0.4,0.5,549
Tanner Roark,Blue Jays,8753,9,12,5.13,29,29,0,172,185,98,33,146,53,1.38,7.62,2.76,5.08,1.3,1.1,552.6
Yusei Kikuchi,Mariners,20633,9,12,4.72,31,31,0,173,181,91,29,142,56,1.37,7.37,2.93,4.87,1.6,1.5,553
Sean Newcomb,Braves,16943,7,7,4.31,18,38,0,118,111,56,16,121,52,1.39,9.22,3.97,4.38,1.2,1.4,554.4
Ty Buttrey,Angels,14719,4,3,3.53,0,65,2,65,55,25,8,75,23,1.2,10.42,3.2,3.68,0.8,0.8,555.8
Seranthony Dominguez,Phillies,19249,2,2,3.62,0,45,2,45,37,18,6,56,20,1.26,11.25,3.91,3.75,0.5,0.5,556.3
Brusdar Graterol,Dodgers,20367,2,2,3.53,0,45,0,45,39,18,5,50,16,1.22,10,3.23,3.7,0.4,0.5,558.8
Drew Smyly,Giants,11760,6,8,4.44,21,21,0,113,106,56,19,115,42,1.32,9.17,3.36,4.54,0.9,1.2,558.9
Rowan Wick,Cubs,14646,3,3,4.12,0,65,1,65,58,30,8,70,30,1.37,9.65,4.2,4.22,0.4,0.5,560.9
Adam Wainwright,Cardinals,2233,9,10,4.45,28,28,0,156,161,77,22,134,55,1.39,7.7,3.2,4.49,1.7,1.6,561
Vince Velasquez,Phillies,11189,7,7,4.48,16,56,2,124,115,62,23,137,44,1.28,9.88,3.17,4.63,1.1,1.1,561.2
Chase Anderson,Blue Jays,6895,8,11,5.47,28,28,0,150,159,91,32,127,52,1.42,7.66,3.15,5.48,0.7,0.5,562.8
Patrick Sandoval,Angels,19447,5,4,4.35,13,13,0,69,66,34,10,66,30,1.38,8.61,3.87,4.64,0.7,0.9,564.9
Steve Cishek,White Sox,6483,3,3,4.69,0,63,1,63,62,33,10,61,27,1.41,8.67,3.8,4.81,0,0,565.1
Gio Gonzalez,White Sox,7448,7,7,4.88,21,21,0,116,121,63,19,100,49,1.47,7.76,3.81,4.97,1,0.9,565.3
Eric Lauer,Brewers,19316,8,9,4.76,24,24,0,131,132,69,23,120,49,1.39,8.31,3.41,4.9,1.3,1.4,566.6
Rafael Montero,Rangers,12760,3,3,4.18,0,60,1,60,56,28,9,66,24,1.32,9.84,3.53,4.18,0.5,0.7,568.1
Brad Keller,Royals,15734,9,12,4.72,31,31,0,182,191,95,23,138,76,1.47,6.85,3.78,4.75,1.8,2.2,568.7
Chad Green,Yankees,15552,3,2,3.42,0,60,1,60,47,23,9,81,17,1.07,12.2,2.58,3.42,1.1,1,569.5
Randy Dobnak,Twins,23798,2,2,4.74,3,23,0,38,42,20,6,27,11,1.38,6.46,2.54,4.78,0.2,0.3,570.7
Sam Tuivailala,Mariners,13485,3,3,4.58,0,60,5,60,59,31,9,56,23,1.37,8.36,3.42,4.7,0.1,0,572.9
Jimmy Nelson,Dodgers,10547,2,1,3.73,0,30,0,30,26,12,4,32,10,1.22,9.74,3.09,3.82,0.3,0.2,573.5
Danny Duffy,Royals,3542,10,12,4.71,31,31,0,184,186,96,31,160,64,1.35,7.82,3.11,4.83,1.8,2.4,574
Jakob Junis,Royals,13619,10,12,4.76,31,31,0,182,187,96,30,161,55,1.33,7.96,2.73,4.71,1.9,2.2,576.6
Jordan Hicks,Cardinals,19618,1,1,3.42,0,25,6,25,21,10,2,29,12,1.31,10.54,4.32,3.58,0.3,0.4,577.6
Jonathan Loaisiga,Yankees,19753,4,4,4.16,8,36,0,72,65,33,11,81,26,1.26,10.12,3.28,4.22,0.9,0.9,579.4
Tarik Skubal,Tigers,sa3007593,2,3,4.68,8,8,0,46,45,24,8,46,18,1.37,8.94,3.55,4.78,0.5,0.5,579.4
Cal Quantrill,Padres,19312,3,4,4.58,10,17,0,61,62,31,9,51,19,1.35,7.64,2.89,4.6,0.5,0.5,579.7
Shun Yamaguchi,Blue Jays,27460,4,4,4.68,3,58,0,73,72,38,12,73,28,1.37,8.96,3.46,4.66,0.3,0.2,580.4
Alex Young,Diamondbacks,18333,3,4,4.4,6,33,0,63,63,31,9,58,23,1.37,8.33,3.3,4.47,0.5,0.6,581.2
Elieser Hernandez,Marlins,16933,5,7,4.56,13,41,0,98,94,50,17,99,35,1.3,9.03,3.18,4.66,0.8,0.6,581.5
Daniel Ponce de Leon,Cardinals,16110,3,3,4.57,6,26,0,55,51,28,9,58,26,1.39,9.4,4.28,4.81,0.3,0.3,583.1
Matt Strahm,Padres,13799,3,3,3.77,0,55,0,55,49,23,8,61,15,1.17,9.98,2.51,3.87,0.5,0.5,583.2
Trevor Richards,Rays,19309,3,3,4.29,3,33,0,48,45,23,8,48,16,1.29,9.11,3.07,4.45,0.3,0.4,583.8
Yusmeiro Petit,Athletics,4020,3,4,4.69,0,72,1,72,74,38,14,64,19,1.29,7.98,2.33,4.74,0.1,0,584.2
Mike Leake,Diamondbacks,10130,9,11,4.71,29,29,0,175,202,92,27,120,33,1.34,6.16,1.71,4.57,2,1.7,584.4
Keynan Middleton,Angels,15264,2,2,4.63,0,50,7,50,48,26,8,49,22,1.39,8.82,3.97,4.86,0,0,584.6
Kyle Freeland,Rockies,16256,9,10,5.06,28,28,0,154,171,87,25,128,59,1.49,7.48,3.43,4.9,1.8,2.1,584.7
Robert Stephenson,Reds,13594,2,2,4.09,0,50,0,50,42,23,8,63,22,1.28,11.29,4.02,4.18,0.4,0.5,585.1
Michael Wacha,Mets,14078,4,5,4.48,10,40,0,82,83,41,12,75,31,1.39,8.18,3.37,4.51,0.6,0.4,586
Joely Rodriguez,Rangers,11487,2,2,4.69,0,48,1,48,49,25,6,42,24,1.52,7.79,4.47,4.86,0.1,0.3,586.5
Tommy Kahnle,Yankees,11384,4,3,3.58,0,68,0,68,55,27,9,87,27,1.21,11.47,3.56,3.68,0.9,1,587.6
Colin Poche,Rays,19403,3,2,3.58,0,50,0,50,38,20,7,68,20,1.16,12.19,3.6,3.76,0.6,0.7,587.8
Brett Anderson,Brewers,8223,9,9,4.51,26,26,0,146,166,73,19,98,42,1.42,6.03,2.56,4.52,1.8,1.7,587.9
Justin Dunn,Mariners,19268,4,6,5.06,16,16,0,86,86,49,16,79,37,1.43,8.27,3.87,5.16,0.7,0.4,588.9
Danny Salazar,,5867,3,5,5.49,8,28,0,68,76,42,13,49,29,1.54,6.47,3.82,5.61,-0.2,-0.1,588.9
Tyler Chatwood,Cubs,4338,8,8,4.53,23,28,0,128,124,64,15,121,73,1.54,8.5,5.12,4.67,1.3,1.4,589
Jose Urena,Marlins,11589,6,9,4.53,19,39,0,130,137,66,19,105,42,1.37,7.28,2.9,4.58,1,0.9,589.4
Daniel Norris,Tigers,13475,7,9,4.91,24,24,0,130,136,71,23,113,44,1.39,7.87,3.07,4.88,1.3,1.3,589.9
Pedro Baez,Dodgers,5420,4,3,4.21,0,68,1,68,61,32,11,71,26,1.28,9.39,3.38,4.43,0.3,0.2,590.3
Nick Wittgren,Indians,15594,3,3,4.47,0,65,1,65,64,32,11,63,22,1.32,8.76,3.03,4.56,0.2,0.4,590.6
Tyler Duffey,Twins,13758,4,3,3.79,0,65,0,65,59,27,9,73,19,1.2,10.16,2.62,3.77,0.8,0.7,590.7
Trent Thornton,Blue Jays,17948,6,7,4.9,16,38,0,108,111,59,20,99,36,1.36,8.26,2.99,4.89,0.9,0.7,591.2
Luke Jackson,Braves,11752,3,2,3.44,0,58,1,58,49,22,6,71,23,1.23,11.04,3.51,3.41,0.7,0.8,591.5
Logan Webb,Giants,17995,4,5,4.17,13,13,0,72,71,34,8,64,28,1.38,7.97,3.54,4.24,0.8,0.8,592.1
Luis Patino,Padres,sa3002792,0,0,4.7,0,0,0,1,1,1,0,1,0,1.41,8.76,4.08,4.85,0,0,592.2
Hector Rondon,Diamondbacks,2391,3,3,4.09,0,60,2,60,57,27,8,62,21,1.3,9.34,3.11,3.94,0.4,0.5,593.2
Felipe Vazquez,Pirates,12076,0,0,2.81,0,1,0,1,1,0,0,1,0,1.07,12.46,2.79,2.72,0,0.1,593.4
Clarke Schmidt,Yankees,sa3007582,0,0,5.21,0,0,0,1,1,1,0,1,0,1.46,7.43,3.53,5.3,0,0,593.6
Adam Plutko,Indians,15846,4,5,5.42,10,43,0,87,94,52,21,72,24,1.36,7.48,2.51,5.57,0,0.2,593.6
Alex Cobb,Orioles,6562,9,13,5.14,31,31,0,181,206,103,34,130,52,1.43,6.48,2.6,5.17,1.8,1.5,593.7
Framber Valdez,Astros,17295,3,2,3.42,3,40,0,55,47,21,5,61,25,1.31,10.06,4.1,3.66,0.8,0.9,593.9
Joe Ross,Nationals,12972,5,6,4.75,15,25,0,91,95,48,15,78,32,1.39,7.69,3.16,4.78,1,0.8,594.1
Brent Suter,Brewers,13942,4,3,4.16,2,64,1,71,71,33,12,68,18,1.24,8.6,2.22,4.29,0.5,0.6,594.1
Pedro Strop,Reds,4070,3,3,4.18,0,60,0,60,56,28,8,64,25,1.36,9.53,3.8,4.27,0.3,0.4,594.3
Chris Martin,Braves,11847,3,2,3.31,0,52,0,52,47,19,6,59,11,1.11,10.26,1.87,3.17,0.8,0.8,594.4
Joakim Soria,Athletics,6941,3,3,3.89,0,62,2,62,56,27,8,66,21,1.24,9.58,3.05,3.98,0.5,0.5,594.5
Bryse Wilson,Braves,19990,3,2,4.23,6,11,0,41,40,19,6,40,13,1.29,8.73,2.81,4.25,0.5,0.5,594.6
Cristian Javier,Astros,sa874816,1,1,5.3,3,3,0,18,17,11,4,20,10,1.48,9.85,5.1,5.5,0,0.1,594.7
Martin Perez,Red Sox,6902,11,10,4.62,29,29,0,167,181,86,23,131,60,1.44,7.05,3.21,4.61,1.9,2.2,594.8
Anthony Bass,Blue Jays,7982,3,3,4.28,0,65,2,65,64,31,9,63,22,1.32,8.66,3.01,4.27,0.4,0.4,594.9
Jon Duplantier,Diamondbacks,19546,1,1,4.11,0,20,0,20,18,9,2,22,9,1.37,9.77,4.22,4.16,0.1,0.1,595.5
Jose De Leon,Reds,15463,2,2,4.61,3,16,0,31,29,16,5,36,15,1.39,10.27,4.33,4.67,0.2,0.2,595.7
Reyes Moronta,Giants,14966,0,0,3.73,0,7,0,7,6,3,1,9,4,1.31,11.05,4.54,3.86,0,0.1,596.1
Trevor Williams,Pirates,16977,8,12,4.98,29,29,0,167,185,92,28,135,51,1.41,7.3,2.74,4.8,1.6,0.9,596.2
Darwinzon Hernandez,Red Sox,19848,2,1,3.99,0,33,0,33,26,15,4,42,21,1.42,11.55,5.81,4.35,0.1,0.3,596.3
Richard Rodriguez,Pirates,13549,3,3,4.26,0,67,2,67,64,32,10,71,22,1.28,9.49,2.98,4.2,0.4,0.2,596.4
Buck Farmer,Tigers,14814,3,3,4.4,0,65,3,65,62,32,10,67,25,1.34,9.23,3.45,4.45,0.3,0.4,596.6
Devin Smeltzer,Twins,19487,2,1,4.66,2,22,0,29,30,15,5,25,8,1.31,7.82,2.51,4.84,0.1,0.2,597.1
Felix Hernandez,,4772,3,3,4.86,10,10,0,53,57,28,8,45,18,1.41,7.61,3.01,4.74,0.4,0.4,597.3
Jeurys Familia,Mets,5114,3,3,3.89,0,60,0,60,54,26,6,65,29,1.37,9.69,4.32,3.98,0.4,0.4,597.3
Touki Toussaint,Braves,16929,2,2,4.26,2,27,0,34,31,16,5,37,16,1.38,9.85,4.24,4.39,0.2,0.3,597.3
Brad Boxberger,Marlins,10133,2,3,4.53,0,50,3,50,47,25,7,51,26,1.45,9.2,4.68,4.67,-0.1,0,597.3
Joe Kelly,Dodgers,9761,3,2,3.38,0,60,0,60,51,23,6,68,24,1.25,10.19,3.59,3.59,0.6,0.7,597.6
Michael Feliz,Pirates,11903,3,3,4.06,0,55,0,55,49,25,8,66,23,1.3,10.85,3.71,3.98,0.4,0.3,597.7
Lou Trivino,Athletics,15043,3,3,4.17,0,57,0,57,52,26,7,58,25,1.35,9.11,3.91,4.29,0.3,0.3,597.7
Carl Edwards Jr.,Mariners,13607,2,3,4.45,0,55,0,55,49,27,8,61,28,1.39,9.92,4.56,4.62,0.2,0.1,597.7
John Brebbia,Cardinals,12777,3,3,4.23,0,60,2,60,54,28,10,66,21,1.25,9.9,3.16,4.32,0.3,0.3,597.8
Ivan Nova,Tigers,1994,6,10,5.44,24,24,0,141,169,85,27,89,34,1.44,5.67,2.18,5.31,0.9,0.6,598
Amir Garrett,Reds,14375,3,3,3.84,0,68,1,68,57,29,9,85,31,1.29,11.26,4.05,3.98,0.6,0.8,598.1
Craig Stammen,Padres,7274,3,3,3.94,0,65,0,65,64,28,8,64,19,1.27,8.79,2.6,3.88,0.5,0.4,598.1
Drew Steckenrider,Marlins,18806,1,1,4.04,0,20,0,20,18,9,3,23,8,1.29,10.15,3.67,4.11,0.2,0.1,598.2
Greg Holland,,7196,2,3,5.02,0,55,4,55,54,31,8,50,30,1.53,8.12,4.92,5.16,-0.3,-0.1,598.3
Tanner Rainey,Nationals,17610,3,3,3.75,0,60,0,60,46,25,7,81,39,1.41,12.1,5.82,4.03,0.5,0.7,598.4
Scott Barlow,Royals,14993,3,3,4.11,0,65,1,65,56,30,9,72,29,1.32,9.98,4.03,4.25,0.3,0.6,598.4
Lewis Thorpe,Twins,15906,1,1,4.23,2,12,0,19,18,9,3,20,6,1.26,9.49,2.98,4.36,0.2,0.2,598.5
Anthony Kay,Blue Jays,20387,4,5,5.39,13,13,0,73,75,44,14,64,34,1.49,7.89,4.2,5.56,0.2,0.2,598.5
Tyler Clippard,Twins,5640,3,3,4.98,0,55,0,55,53,30,11,56,21,1.34,9.17,3.37,5.07,0,0,598.6
Alec Mills,Cubs,13834,4,4,4.65,8,38,0,76,76,39,12,68,26,1.35,8.14,3.05,4.71,0.5,0.5,598.8
Yimi Garcia,Marlins,12095,2,3,4.48,0,55,1,55,53,27,9,55,17,1.28,8.99,2.84,4.53,0.1,0,599
Arodys Vizcaino,,5498,1,1,4.46,0,25,0,25,23,12,4,27,11,1.36,9.74,3.96,4.53,0,0.1,599
Jhoulys Chacin,Twins,2608,3,3,5.35,10,10,0,51,56,30,9,40,20,1.48,7.01,3.59,5.38,0.4,0.3,599.1
John Gant,Cardinals,13684,3,3,3.99,0,63,2,63,59,28,8,63,26,1.34,8.93,3.65,4.16,0.4,0.4,599.2
Cam Bedrosian,Angels,13360,3,3,4.02,0,60,2,60,56,27,8,61,22,1.3,9.17,3.28,4.14,0.3,0.4,599.2
Kolby Allard,Rangers,18694,2,3,5.08,8,8,0,45,48,25,8,36,18,1.48,7.19,3.69,5.18,0.5,0.6,599.3
Justin Wilson,Mets,4301,3,3,3.63,0,60,2,60,50,24,7,73,27,1.28,10.9,4.11,3.76,0.5,0.6,599.5
Wilmer Font,Blue Jays,5257,2,2,4.18,0,33,0,33,30,15,6,38,10,1.22,10.32,2.86,4.18,0.3,0.3,599.5
Brandon Morrow,,9346,1,0,3.69,0,10,0,10,9,4,1,11,3,1.24,9.95,3.09,3.72,0.1,0.2,599.5
Michael Fulmer,Tigers,13218,3,4,4.54,10,10,0,56,58,28,9,49,17,1.34,7.87,2.75,4.5,0.8,0.8,599.6
Steven Brault,Pirates,15291,5,6,4.67,15,30,0,95,96,49,13,84,44,1.48,8.02,4.14,4.7,0.8,0.6,599.6
Austin Pruitt,Astros,15290,4,3,4.67,8,26,0,64,69,33,10,52,18,1.36,7.32,2.61,4.63,0.5,0.4,599.7
Jordan Balazovic,Twins,sa918017,0,0,5.67,0,0,0,1,1,1,0,1,0,1.54,7.39,4.25,5.71,0,0,599.7
Joe Smith,Astros,3281,3,2,4.16,0,53,0,53,52,25,8,50,16,1.29,8.57,2.8,4.29,0.3,0.3,599.8
Ryan Borucki,Blue Jays,16350,2,3,5.01,8,8,0,45,48,25,8,37,17,1.44,7.23,3.36,5.03,0.3,0.3,599.8
Michael King,Yankees,19853,2,2,4.87,3,13,0,28,31,15,5,22,8,1.36,7.06,2.54,5.02,0.1,0.1,599.8
Brett Cecil,Cardinals,2660,0,1,4.62,0,10,0,10,10,5,1,8,4,1.42,7.42,3.62,4.79,0,-0.1,599.8
Trevor Gott,Giants,15046,2,2,3.7,0,50,5,50,45,21,5,52,19,1.29,9.43,3.47,3.8,0.4,0.5,599.9
Carlos Rodon,White Sox,16137,2,2,4.45,5,17,0,40,37,20,6,40,15,1.33,9.19,3.48,4.53,0.4,0.4,600
Joseph Palumbo,Rangers,17035,1,1,4.54,3,8,0,23,21,11,4,25,10,1.38,9.9,4.09,4.62,0.3,0.4,600
Logan Gilbert,Mariners,sa3008598,0,0,4.8,0,0,0,1,1,1,0,1,0,1.34,8.36,3.08,4.94,0,0,600
Jeremy Jeffress,Cubs,9490,3,3,4.12,0,55,1,55,54,25,6,50,22,1.38,8.25,3.56,4.2,0.3,0.4,600.1
Shawn Kelley,,7773,1,1,4.77,0,25,0,25,25,13,5,24,8,1.31,8.78,2.75,4.85,0,0,600.1
Josiah Gray,Dodgers,sa3007475,0,0,4.76,0,0,0,1,1,1,0,1,0,1.33,8.04,2.96,5,0,0,600.1
Jorge Lopez,Royals,14527,6,8,4.78,16,51,0,122,127,65,18,102,45,1.41,7.5,3.32,4.76,0.8,1,600.2
Andrew Kittredge,Rays,12828,1,1,3.44,0,25,0,25,22,10,3,28,8,1.17,10.13,2.71,3.56,0.3,0.4,600.2
Ryan Brasier,Red Sox,5615,1,1,4.26,0,28,0,28,26,13,4,29,9,1.27,9.41,3.05,4.29,0.2,0.2,600.2
Pierce Johnson,Padres,13435,2,2,4.33,0,40,0,40,37,19,6,42,18,1.38,9.44,4.16,4.48,0.1,0.1,600.2
Jameson Taillon,Pirates,11674,0,0,4.14,0,0,0,1,1,0,0,1,0,1.28,8.49,2.25,3.89,0,0,600.2
Logan Allen,Indians,18555,5,6,4.84,15,28,0,95,96,51,16,84,40,1.43,7.92,3.8,5.06,0.4,0.9,600.3
Junior Guerra,Diamondbacks,5702,3,3,4.44,0,65,2,65,62,32,10,66,26,1.36,9.09,3.61,4.42,0.3,0.3,600.3
Bryan Abreu,Astros,16609,3,2,4.16,0,55,1,55,46,25,8,67,29,1.37,10.92,4.79,4.33,0.2,0.3,600.3
David Peterson,Mets,sa829588,1,1,4.22,2,2,0,9,9,4,1,8,4,1.4,7.68,3.45,4.37,0.1,0.1,600.3
Trevor Rosenthal,,10745,2,2,4.27,0,40,2,40,34,19,5,45,24,1.46,10.13,5.49,4.5,0.1,0.3,600.3
Luis Cessa,Yankees,13345,2,2,4.61,0,40,0,40,40,20,7,38,14,1.36,8.53,3.16,4.72,0.1,0.1,600.3
Tyler Ivey,Astros,sa3004574,0,0,4.82,0,0,0,1,1,1,0,1,0,1.39,8.45,3.54,4.91,0,0,600.3
Asher Wojciechowski,Orioles,10836,6,11,5.8,24,24,0,137,144,88,34,120,51,1.43,7.91,3.38,5.99,0.6,0.4,600.4
Noe Ramirez,Angels,12800,2,2,4.19,0,45,0,45,42,21,7,48,15,1.27,9.55,3.08,4.37,0.2,0.3,600.4
Cody Allen,,12183,1,2,5.19,0,32,2,32,31,18,6,33,16,1.48,9.24,4.46,5.21,0,0,600.4
Josh Taylor,Red Sox,17359,3,3,3.89,0,60,1,60,53,26,8,67,26,1.31,10.02,3.87,4.07,0.4,0.7,600.5
Shane McClanahan,Rays,sa3008547,0,0,4.84,0,0,0,1,1,1,0,1,0,1.45,7.98,3.97,5.03,0,0,600.5
Ray Black,Brewers,14244,3,2,3.81,0,55,0,55,43,23,8,75,25,1.25,12.25,4.13,3.82,0.5,0.6,600.6
Austin Gomber,Cardinals,16561,2,2,4.35,5,10,0,32,31,16,5,31,13,1.35,8.59,3.58,4.59,0.3,0.3,600.6
Yoan Lopez,Diamondbacks,17181,2,2,4.46,0,40,0,40,39,20,6,39,16,1.37,8.86,3.59,4.46,0.1,0.2,600.6
Tyler Webb,Cardinals,14974,3,3,4.29,0,53,0,53,51,25,8,50,22,1.37,8.47,3.68,4.54,0.1,0.2,600.6
Felix Pena,Angels,13403,1,0,4.12,0,10,0,10,9,5,2,10,3,1.25,9.35,2.88,4.23,0,0,600.6
Jake Diekman,Athletics,5003,3,3,3.52,0,63,0,63,50,25,6,77,32,1.3,10.94,4.55,3.82,0.7,0.8,600.7
Oliver Drake,Rays,8823,3,2,3.42,0,55,0,55,46,21,6,65,20,1.21,10.6,3.29,3.54,0.6,0.7,600.7
Richard Lovelady,Royals,19337,0,0,4.07,0,10,0,10,10,5,1,9,4,1.35,8.44,3.58,4.26,0.1,0.1,600.7
Tyler Rogers,Giants,15541,3,3,4.09,0,60,4,60,60,27,6,49,25,1.42,7.3,3.76,4.26,0,0.2,600.7
Matt Andriese,Angels,12022,5,5,4.52,11,41,0,92,92,46,15,81,30,1.34,7.97,2.98,4.64,0.7,0.6,600.8
Collin McHugh,Red Sox,7531,4,4,4.51,8,28,0,65,63,33,10,63,23,1.33,8.75,3.23,4.48,0.6,0.7,600.8
Lucas Sims,Reds,13470,3,2,3.97,2,42,0,49,40,22,8,63,20,1.22,11.63,3.68,4.07,0.5,0.6,600.8
Brandon Brennan,Mariners,13527,3,3,4.14,0,60,2,60,56,28,7,59,27,1.39,8.82,4.06,4.33,0.2,0.3,600.8
Dan Altavilla,Mariners,16507,2,2,4.09,0,35,0,35,29,16,5,42,18,1.34,10.8,4.51,4.27,0.2,0.2,600.8
Rogelio Armenteros,Astros,17679,1,1,4.21,0,12,0,12,11,6,2,13,4,1.25,9.78,3.08,4.31,0.1,0.1,600.8
Jharel Cotton,Cubs,13654,0,0,4.31,0,5,0,5,5,2,1,5,2,1.29,9.3,3.19,4.42,0,0,600.8
Demarcus Evans,Rangers,sa875783,1,1,4.88,0,20,0,20,17,11,3,24,14,1.58,10.67,6.39,5.04,0,0.1,600.8
Sam Delaplane,Mariners,sa3004222,0,0,3.94,0,1,0,1,1,0,0,1,0,1.3,10.54,3.97,4.1,0,0.1,600.8
Cory Abbott,Cubs,sa3005305,0,0,4.94,0,0,0,1,1,1,0,1,0,1.43,8.73,4.08,5.05,0,0,600.8
Durbin Feltman,Red Sox,sa3007959,0,0,5,0,1,0,1,1,1,0,1,1,1.52,8.48,4.7,5.03,0,0,600.8
Kyle Barraclough,,13713,0,0,4.23,0,5,0,5,4,2,1,5,3,1.41,9.89,4.69,4.4,0,0,600.9
Tyler Anderson,Giants,12880,3,3,4.07,8,8,0,45,43,20,6,43,14,1.28,8.72,2.91,4.2,0.5,0.6,601
Peter Fairbanks,Rays,17998,2,2,3.56,0,40,2,40,33,16,5,49,16,1.23,10.98,3.67,3.66,0.4,0.5,601
Richard Bleier,Orioles,7803,3,3,4.36,0,65,3,65,73,32,8,41,18,1.4,5.74,2.47,4.54,0.4,0.4,601
Adbert Alzolay,Cubs,17859,2,2,4.85,5,10,0,32,31,17,6,33,14,1.4,9.27,4.02,4.96,0.3,0.3,601
Jaime Barria,Angels,18356,1,2,4.94,3,13,0,27,28,15,6,24,8,1.32,7.98,2.59,5.14,0,0,601
Joe Ryan,Rays,sa3007584,0,0,4.63,0,0,0,1,1,1,0,1,0,1.3,9.09,3.2,4.78,0,0,601
Daniel Lynch,Royals,sa3007588,0,0,5.34,0,0,0,1,1,1,0,1,0,1.57,5.81,4.17,5.54,0,0,601
