Name,Team,playerid,W,L,ERA,GS,G,IP,H,ER,HR,SO,BB,WHIP,K/9,BB/9,FIP,ADP
Josh Hader,Brewers,14212,4,2,2.51,0,75,75,44,21,8,122,32,1.01,14.63,3.85,2.71,56.8
Gerrit Cole,Yankees,13125,17,8,3.06,34,34,214,161,73,26,299,62,1.04,12.56,2.62,3.01,5.9
Edwin Diaz,Mets,14710,3,2,3.14,0,65,65,49,23,7,92,21,1.07,12.68,2.88,3.02,109.3
Chris Sale,Red Sox,10603,9,5,3.08,19,19,119,91,41,15,165,32,1.03,12.44,2.39,3.03,35.2
Jacob deGrom,Mets,10954,16,9,3.02,32,32,207,164,69,22,251,54,1.05,10.9,2.33,3.03,7.3
Dellin Betances,Mets,6216,3,2,3.08,0,55,55,38,19,5,79,25,1.15,12.97,4.12,3.06,384.6
Aroldis Chapman,Yankees,10233,4,2,2.92,0,65,65,47,21,6,90,27,1.13,12.47,3.74,3.08,76.7
Taylor Rogers,Twins,13449,4,2,3.29,0,65,65,58,24,6,73,18,1.18,10.14,2.5,3.1,101
Nick Anderson,Rays,18337,4,2,3.09,0,65,65,48,22,8,93,20,1.06,12.82,2.79,3.11,156.9
Liam Hendriks,Athletics,3548,4,2,3.33,0,70,70,58,26,8,91,20,1.12,11.65,2.62,3.11,92.8
Ken Giles,Blue Jays,12910,3,3,3.34,0,65,65,54,24,8,82,19,1.13,11.42,2.62,3.2,115.8
Corey Knebel,Brewers,15010,2,1,3.17,0,40,40,29,14,5,57,17,1.14,12.87,3.84,3.27,508.1
Kirby Yates,Padres,9073,3,2,3.36,0,63,63,48,24,9,88,22,1.11,12.64,3.1,3.36,72.4
Blake Snell,Rays,13543,11,8,3.31,28,28,157,126,58,19,201,56,1.16,11.53,3.21,3.36,32.2
Will Smith,Braves,8048,3,2,3.52,0,62,62,52,24,8,81,21,1.19,11.7,3.08,3.39,149.4
Shane Bieber,Indians,19427,14,9,3.54,32,32,196,178,77,27,220,39,1.11,10.1,1.8,3.42,26.7
Ryan Pressly,Astros,7005,4,2,3.34,0,65,65,55,24,8,77,19,1.13,10.65,2.58,3.43,401.5
Jose Castillo,Padres,17169,2,1,3.31,0,33,33,27,12,3,39,13,1.2,10.61,3.57,3.44,999
Mike Clevinger,Indians,12808,12,8,3.47,28,28,163,133,63,21,202,53,1.14,11.15,2.94,3.47,32.5
Brad Hand,Indians,9111,3,2,3.43,0,65,65,53,25,9,84,21,1.14,11.59,2.88,3.49,104
Diego Castillo,Rays,17496,3,2,3.19,0,60,60,49,21,6,64,19,1.13,9.66,2.8,3.5,383.3
Justin Verlander,Astros,8700,18,8,3.23,34,34,216,160,78,35,282,51,0.98,11.76,2.13,3.5,12.8
Chad Green,Yankees,15552,3,2,3.76,0,60,60,53,25,8,77,18,1.19,11.51,2.7,3.51,569.5
Walker Buehler,Dodgers,19374,15,8,3.41,32,32,192,165,73,24,212,50,1.12,9.95,2.32,3.51,15.4
Andrew Chafin,Diamondbacks,12988,3,3,3.59,0,67,67,60,27,6,71,27,1.31,9.56,3.66,3.52,999
Max Scherzer,Nationals,3137,15,9,3.4,32,32,207,162,78,32,268,54,1.04,11.63,2.36,3.53,15.4
Matt Barnes,Red Sox,12863,3,2,3.63,0,68,68,56,27,8,94,31,1.28,12.46,4.11,3.55,489.1
Austin Adams,Mariners,13801,1,1,3.21,0,15,15,11,5,1,21,9,1.28,12.83,5.19,3.55,999
Cionel Perez,Astros,19614,1,0,3.31,0,10,10,9,4,1,10,4,1.24,9.16,3.41,3.58,999
Mark Melancon,Braves,4264,3,2,3.58,0,65,65,63,26,6,55,17,1.24,7.62,2.33,3.59,199.7
Noah Syndergaard,Mets,11762,12,10,3.85,32,32,193,178,83,21,189,54,1.2,8.83,2.51,3.6,65.4
Aaron Bummer,White Sox,16258,3,2,3.13,0,65,65,56,23,4,58,26,1.27,8.08,3.63,3.61,531.9
Lance McCullers Jr.,Astros,14120,11,6,3.45,24,24,139,119,53,15,157,50,1.22,10.17,3.25,3.62,184.9
Richard Lovelady,Royals,19337,0,0,3.55,0,10,10,9,4,1,9,3,1.28,7.67,2.95,3.62,600.7
Tyler Glasnow,Rays,14374,11,8,3.5,28,28,157,127,61,19,188,58,1.18,10.79,3.31,3.63,64.7
Joely Rodriguez,Rangers,11487,2,2,3.58,0,45,45,40,18,4,51,19,1.31,10.19,3.84,3.63,586.5
Charlie Morton,Rays,4676,13,9,3.46,31,31,180,148,69,21,210,64,1.18,10.48,3.18,3.63,58.7
Kenley Jansen,Dodgers,3096,4,2,3.49,0,65,65,54,25,10,74,14,1.04,10.19,1.92,3.64,109.5
Caleb Ferguson,Dodgers,19349,1,0,3.42,0,10,10,8,4,1,11,4,1.22,10.06,3.5,3.66,999
Chris Martin,Braves,11847,3,2,3.87,0,52,52,51,22,7,53,11,1.19,9.25,1.87,3.66,594.4
Roberto Osuna,Astros,13764,4,2,3.41,0,65,65,55,25,9,69,13,1.05,9.53,1.8,3.66,81.6
Sam Selman,Giants,13397,0,0,3.46,0,5,5,4,2,0,7,3,1.35,11.79,5.38,3.67,999
Jesus Luzardo,Athletics,19959,10,8,3.44,24,34,151,129,58,17,156,47,1.16,9.33,2.8,3.68,119.7
James Paxton,Yankees,11828,9,6,3.63,23,23,129,111,52,18,154,41,1.18,10.75,2.87,3.69,172.8
Jake Diekman,Athletics,5003,3,2,3.43,0,63,63,51,24,5,73,32,1.32,10.48,4.61,3.71,600.7
Josh Taylor,Red Sox,17359,3,2,3.94,0,60,60,56,26,7,69,25,1.36,10.36,3.81,3.74,600.5
Keone Kela,Pirates,14696,3,3,3.64,0,65,65,54,26,8,74,25,1.22,10.29,3.51,3.75,190.9
Shohei Ohtani,Angels,19755,7,5,3.46,18,18,102,78,39,13,130,45,1.2,11.48,3.95,3.75,128.5
Joakim Soria,Athletics,6941,3,2,3.54,0,62,62,53,24,7,66,21,1.2,9.6,3.07,3.76,594.5
Jack Flaherty,Cardinals,17479,13,10,3.49,32,32,190,157,74,25,214,63,1.16,10.12,2.99,3.76,22.5
Chris Paddack,Padres,20099,11,9,3.66,29,29,168,151,68,24,174,36,1.11,9.32,1.94,3.77,53.5
Tyler Duffey,Twins,13758,3,2,3.9,0,65,65,61,28,9,71,18,1.22,9.86,2.48,3.77,590.7
Zack Britton,Yankees,3240,4,2,3.18,0,65,65,59,23,4,54,27,1.31,7.45,3.68,3.8,531.9
Stephen Strasburg,Nationals,10131,14,10,3.75,32,32,201,177,84,28,226,62,1.19,10.13,2.76,3.8,27.4
Trevor Gott,Giants,15046,2,3,3.91,0,55,55,52,24,5,53,21,1.32,8.63,3.38,3.81,599.9
Joe Jimenez,Tigers,15761,3,3,3.7,0,65,65,54,27,9,75,23,1.18,10.43,3.12,3.82,190.1
Andrew Kittredge,Rays,12828,1,1,3.94,0,25,25,24,11,3,27,8,1.26,9.67,2.74,3.82,600.2
Jace Fry,White Sox,16159,3,2,3.58,0,55,55,47,22,5,60,26,1.34,9.81,4.32,3.82,999
Carlos Carrasco,Indians,6632,12,9,3.81,29,29,171,154,72,27,195,43,1.15,10.28,2.28,3.82,108.3
Luiz Gohara,Angels,15166,0,0,3.64,0,5,5,4,2,1,6,2,1.25,10.1,3.59,3.83,999
Archie Bradley,Diamondbacks,12918,3,3,4,0,65,65,60,29,7,67,26,1.33,9.3,3.62,3.83,160.4
Oliver Drake,Rays,8823,3,2,3.7,0,55,55,47,23,7,64,22,1.26,10.53,3.66,3.83,600.7
A.J. Puk,Athletics,19343,9,8,3.62,21,36,137,114,55,16,152,54,1.23,9.98,3.58,3.83,230.4
Jose Alvarado,Rays,17780,3,2,3.38,0,60,60,49,23,5,64,33,1.37,9.62,4.96,3.84,496.9
Brad Wieck,Cubs,16390,3,2,3.86,0,53,53,44,23,7,70,25,1.31,11.81,4.32,3.84,999
Rich Hill,Twins,4806,5,4,3.74,13,13,75,65,31,10,83,24,1.18,10,2.86,3.85,491.6
Dillon Maples,Cubs,14672,1,1,3.47,0,15,15,11,6,1,21,11,1.47,12.32,6.61,3.85,999
Ty Buttrey,Angels,14719,3,2,3.68,0,65,65,55,27,7,74,28,1.27,10.2,3.88,3.85,555.8
Framber Valdez,Astros,17295,4,2,3.43,3,43,59,51,22,5,62,30,1.36,9.47,4.52,3.86,593.9
Aaron Nola,Phillies,16149,14,11,3.65,34,34,209,184,85,26,216,68,1.21,9.32,2.95,3.86,52.2
Pierce Johnson,Padres,13435,2,2,3.78,0,40,40,32,17,5,51,20,1.31,11.59,4.57,3.87,600.2
Mike Soroka,Braves,18383,12,10,3.82,31,31,182,179,77,19,150,48,1.24,7.4,2.37,3.87,106.7
Trey Wingenter,Padres,17793,1,1,3.65,0,20,20,16,8,2,25,10,1.27,11.15,4.34,3.87,999
Luke Jackson,Braves,11752,3,2,3.93,0,58,58,51,25,7,70,27,1.34,10.87,4.2,3.87,591.5
Fernando Romero,Twins,15885,1,1,3.8,0,20,20,19,8,2,18,8,1.33,8.28,3.59,3.87,999
Jose Leclerc,Rangers,14524,3,3,3.49,0,68,68,47,26,8,93,40,1.28,12.28,5.33,3.88,156.7
Zack Littell,Twins,15823,2,2,3.99,0,45,45,43,20,5,43,16,1.31,8.61,3.22,3.88,999
Alex Claudio,Brewers,12890,3,2,3.69,0,55,55,56,23,5,35,13,1.26,5.8,2.15,3.91,999
Stefan Crichton,Diamondbacks,16058,2,2,4.11,0,55,55,54,25,6,51,19,1.34,8.37,3.13,3.91,999
Julio Urias,Dodgers,14765,10,7,3.8,23,28,137,122,58,16,140,50,1.25,9.22,3.27,3.91,151.5
Clayton Kershaw,Dodgers,2036,15,8,3.59,31,31,192,171,77,28,189,47,1.13,8.84,2.2,3.92,51
Hyun-Jin Ryu,Blue Jays,14444,11,11,3.91,31,31,182,179,79,25,171,42,1.21,8.46,2.08,3.93,147.4
Dylan Floro,Dodgers,13394,2,1,4.14,0,40,40,43,18,4,32,10,1.33,7.24,2.35,3.93,999
Brandon Woodruff,Brewers,16162,12,10,3.88,31,31,181,164,78,23,191,62,1.25,9.52,3.07,3.93,82.9
Jordan Hicks,Cardinals,19618,1,1,3.34,0,25,25,21,9,2,23,12,1.35,8.13,4.47,3.93,577.6
Tommy Kahnle,Yankees,11384,4,2,3.79,0,68,68,58,29,10,84,28,1.26,11.11,3.7,3.94,587.6
Tyler Rogers,Giants,15541,2,3,3.71,0,60,60,56,25,4,48,25,1.35,7.27,3.74,3.94,600.7
Frankie Montas,Athletics,14309,12,9,3.83,29,29,173,158,74,22,171,56,1.24,8.9,2.91,3.95,116.1
A.J. Minter,Braves,18655,1,0,4.07,0,10,10,9,5,1,10,4,1.31,9.22,3.32,3.95,999
Mychal Givens,Orioles,10430,2,3,3.87,0,65,65,54,28,9,76,26,1.24,10.53,3.59,3.95,264.8
Jonathan Holder,Yankees,16588,2,1,3.83,0,30,30,27,13,4,30,8,1.17,8.96,2.27,3.95,999
Adam Ottavino,Yankees,1247,4,2,3.73,0,68,68,53,28,9,86,32,1.25,11.42,4.26,3.96,530.2
Lou Trivino,Athletics,15043,3,2,3.71,0,57,57,50,24,6,55,23,1.28,8.61,3.56,3.96,597.7
Emilio Pagan,Padres,14771,3,3,3.72,0,65,65,53,27,10,76,19,1.11,10.47,2.66,3.96,284.3
Brett Martin,Rangers,17369,2,2,4.19,0,55,55,56,26,6,52,21,1.39,8.49,3.37,3.97,999
Andrew Miller,Cardinals,6785,3,2,3.71,0,60,60,52,25,8,65,21,1.21,9.76,3.09,3.97,494.1
Patrick Corbin,Nationals,9323,12,11,4.08,32,32,191,182,87,28,212,64,1.29,9.97,3.01,3.98,44.1
Eduardo Rodriguez,Red Sox,13164,14,10,3.8,34,34,201,179,85,26,209,71,1.24,9.37,3.17,3.98,140.2
Joshua James,Astros,16794,9,6,3.85,18,43,128,105,55,18,164,58,1.27,11.5,4.09,3.99,283.9
Blake Treinen,Dodgers,12572,4,2,3.89,0,62,62,60,27,7,58,23,1.33,8.41,3.28,3.99,338.5
Stephen Tarpley,Marlins,15859,2,2,3.78,0,45,45,40,19,4,46,22,1.39,9.1,4.46,3.99,999
Ross Stripling,Dodgers,13273,6,4,3.89,10,45,91,87,39,13,86,21,1.19,8.48,2.1,3.99,287.9
Lance Lynn,Rangers,2520,12,11,3.92,32,32,191,170,83,25,210,73,1.27,9.88,3.42,4,124.1
Chaz Roe,Rays,9866,3,2,3.88,0,65,65,57,28,8,72,28,1.3,9.97,3.83,4,999
Justin Wilson,Mets,4301,3,2,3.8,0,60,60,50,25,7,69,29,1.32,10.31,4.4,4,599.5
Dustin May,Dodgers,19716,8,5,3.94,16,31,109,107,48,12,91,29,1.25,7.48,2.4,4,249
Reyes Moronta,Giants,14966,0,0,3.84,0,10,10,8,4,1,11,5,1.31,10.3,4.43,4.01,596.1
Giovanny Gallegos,Cardinals,14986,3,2,3.92,0,65,65,58,28,11,75,19,1.18,10.39,2.58,4.01,191.1
Brendan McKay,Rays,20186,8,7,3.8,19,24,118,104,50,17,126,37,1.2,9.64,2.83,4.01,279.9
Dennis Santana,Dodgers,17878,0,0,3.82,0,5,5,4,2,0,5,2,1.34,9.68,4.39,4.02,999
Jeurys Familia,Mets,5114,3,2,3.93,0,60,60,55,26,6,58,27,1.36,8.73,4,4.03,597.3
Brent Honeywell,Rays,sa828706,4,4,3.89,10,15,61,56,26,10,63,16,1.17,9.3,2.29,4.05,999
Bobby Wahl,Brewers,14832,1,1,3.85,0,25,25,19,11,4,34,12,1.27,12.37,4.49,4.06,999
J.P. Feyereisen,Brewers,sa829227,1,1,3.68,0,30,30,23,12,4,37,15,1.26,11,4.44,4.06,999
Sonny Gray,Reds,12768,11,10,3.89,31,31,175,156,76,22,182,71,1.3,9.37,3.66,4.07,101.8
Deolis Guerra,Phillies,8410,1,1,3.79,0,25,25,21,11,4,28,8,1.16,10,2.72,4.07,999
Kenta Maeda,Twins,18498,11,9,4.04,26,36,160,144,72,22,173,57,1.25,9.72,3.19,4.07,173.8
Donnie Hart,,15306,0,0,3.82,0,5,5,5,2,0,4,2,1.31,6.37,2.92,4.07,999
Tanner Scott,Orioles,17586,1,2,3.83,0,35,35,29,15,3,42,23,1.48,10.71,5.88,4.07,999
Craig Kimbrel,Cubs,6655,3,2,3.88,0,65,65,52,28,10,82,28,1.23,11.35,3.92,4.08,135.8
Marcus Stroman,Mets,13431,12,10,3.89,31,31,179,174,77,19,147,62,1.32,7.39,3.1,4.08,210.2
Rowan Wick,Cubs,14646,3,2,3.77,0,65,65,55,27,6,66,32,1.33,9.12,4.38,4.08,560.9
Josh Sborz,Dodgers,18323,0,0,3.94,0,5,5,4,2,1,5,2,1.31,9.73,3.9,4.08,999
Anthony Banda,Rays,14706,2,1,3.95,0,35,35,32,15,4,34,15,1.35,8.87,3.89,4.09,999
Seth Lugo,Mets,12447,3,3,4.1,0,65,65,61,30,10,72,19,1.23,9.94,2.61,4.09,309.9
Kent Emanuel,Astros,sa549399,0,0,4.03,0,5,5,5,2,1,5,2,1.34,8.25,3.14,4.09,999
Sam Dyson,,11710,1,1,3.89,0,25,25,24,11,3,22,9,1.3,7.76,3.08,4.1,999
Yu Darvish,Cubs,13074,11,10,4.05,31,31,180,154,81,27,213,69,1.24,10.67,3.45,4.1,58.8
Trevor Bauer,Reds,12703,13,11,4.11,32,32,201,179,92,29,231,77,1.28,10.32,3.47,4.11,82.2
Zack Wheeler,Phillies,10310,12,10,3.93,31,31,189,180,83,25,175,57,1.25,8.32,2.69,4.11,113.5
Max Fried,Braves,13743,11,10,4.3,31,31,177,177,85,23,177,64,1.36,9.01,3.25,4.12,131.7
Phil Maton,Indians,18064,2,1,4.01,0,35,35,32,16,5,37,11,1.24,9.52,2.9,4.12,999
Brandon Kintzler,Marlins,9939,3,3,4.08,0,65,65,67,29,7,49,17,1.3,6.78,2.34,4.12,295
Conner Menez,Giants,19199,1,2,4.32,2,17,24,22,12,3,27,12,1.42,10.01,4.46,4.12,999
Darren O'Day,Braves,3321,2,2,3.88,0,40,40,34,17,6,46,14,1.2,10.3,3.21,4.12,999
Robert Gsellman,Mets,13696,2,2,4.19,0,40,40,40,19,4,34,14,1.35,7.57,3.11,4.12,999
Seranthony Dominguez,Phillies,19249,2,2,3.67,0,45,45,38,18,5,47,20,1.29,9.48,4.09,4.12,556.3
Luis Castillo,Reds,15689,12,11,3.93,32,32,191,170,83,26,206,73,1.27,9.7,3.45,4.13,38.9
Aaron Loup,,10343,1,0,4.07,0,10,10,10,5,1,10,4,1.35,9.03,3.59,4.13,999
Raisel Iglesias,Reds,17130,3,3,4,0,65,65,58,29,10,74,22,1.23,10.2,3.03,4.13,136.6
Andrew Heaney,Angels,15423,11,9,4,29,29,165,148,73,28,189,48,1.19,10.3,2.6,4.13,205
Alex Reyes,Cardinals,15015,2,2,3.84,2,35,42,35,18,4,46,23,1.36,9.94,4.83,4.13,428.3
Gabe Speier,Royals,17170,0,0,4.12,0,5,5,5,2,1,5,2,1.38,8.1,3.78,4.13,999
Tim Hill,Royals,16814,3,3,3.96,0,60,60,58,26,6,52,23,1.35,7.81,3.44,4.14,999
Joe Kelly,Dodgers,9761,3,2,3.92,0,60,60,55,26,7,60,24,1.32,8.94,3.66,4.14,597.6
Luke Weaver,Diamondbacks,16918,8,9,4.36,24,24,138,138,67,19,133,46,1.33,8.68,3,4.15,191.7
Lucas Giolito,White Sox,15474,12,10,3.95,31,31,185,156,81,27,212,74,1.25,10.32,3.6,4.15,48.2
Jeremy Jeffress,Cubs,9490,3,2,4.2,0,55,55,56,26,6,47,20,1.39,7.66,3.28,4.15,600.1
Will Harris,Nationals,3192,3,2,4.12,0,62,62,62,28,9,56,16,1.27,8.19,2.37,4.16,530.2
Trevor Hildenberger,,17002,1,1,4.32,0,20,20,21,10,3,17,5,1.29,7.59,2.26,4.16,999
Pedro Strop,Reds,4070,3,2,3.75,0,60,60,53,25,7,59,22,1.25,8.81,3.33,4.16,594.3
Dan Altavilla,Mariners,16507,1,2,3.81,0,35,35,28,15,5,42,16,1.27,10.8,4.16,4.17,600.8
Brent Suter,Brewers,13942,3,3,4.16,2,62,69,68,32,10,65,18,1.25,8.44,2.37,4.17,594.1
Jose Berrios,Twins,14168,14,9,3.97,32,32,197,181,87,27,186,58,1.21,8.52,2.66,4.17,81.1
Adam Kolarek,Dodgers,10843,1,1,3.81,0,20,20,20,8,2,15,8,1.36,6.67,3.43,4.17,999
Austin Davis,Phillies,17117,1,1,4.03,0,20,20,18,9,3,21,8,1.3,9.63,3.58,4.17,999
Matt Grace,,11449,0,0,4.45,0,10,10,11,5,1,7,3,1.39,6.29,2.61,4.17,999
Sean Doolittle,Nationals,1581,3,2,3.9,0,60,60,53,26,10,63,14,1.12,9.52,2.16,4.17,184.7
Tony Watson,Giants,3132,2,3,3.97,0,63,63,61,28,8,51,17,1.25,7.25,2.44,4.17,381.6
Joel Payamps,Diamondbacks,14332,0,0,4.36,0,5,5,5,2,1,5,2,1.34,8.11,3.04,4.18,999
Craig Stammen,Padres,7274,3,3,4.25,0,65,65,66,31,9,57,18,1.3,7.94,2.53,4.18,598.1
Nick Vincent,,7555,0,1,4.4,0,10,10,10,5,2,9,2,1.27,8.24,2.14,4.18,999
Carlos Martinez,Cardinals,11682,10,10,3.84,26,36,160,146,68,17,147,65,1.32,8.25,3.68,4.18,180.4
Oliver Perez,Indians,1514,3,2,4.16,0,63,63,59,29,9,69,22,1.29,9.84,3.19,4.19,999
Kevin Gausman,Giants,14107,7,11,4.4,26,26,148,149,72,21,142,47,1.32,8.62,2.86,4.19,330.4
Corbin Burnes,Brewers,19361,4,4,4.13,6,46,78,73,36,11,82,30,1.32,9.45,3.47,4.2,477.6
Scott Alexander,Dodgers,10591,1,0,3.86,0,15,15,15,6,1,11,6,1.39,6.35,3.45,4.2,999
Joe Musgrove,Pirates,12970,9,12,4.23,31,31,179,181,84,26,156,43,1.25,7.83,2.15,4.2,214.3
Freddy Peralta,Brewers,18679,7,7,4.07,16,36,114,96,52,17,139,51,1.29,10.97,4.06,4.2,465.2
Sam Tuivailala,Mariners,13485,2,3,3.97,0,60,60,55,26,8,58,21,1.26,8.71,3.09,4.2,572.9
Kyle Hendricks,Cubs,12049,11,10,4.05,31,31,180,177,81,24,142,43,1.22,7.09,2.14,4.21,159.2
Jimmie Sherfy,Diamondbacks,15118,0,0,4.1,0,10,10,9,5,1,11,4,1.28,10.26,3.83,4.22,999
Dinelson Lamet,Padres,17186,9,9,4.17,26,26,147,127,68,22,173,63,1.29,10.6,3.84,4.22,133.2
David Price,Dodgers,3184,11,8,4.13,28,28,155,146,71,24,157,48,1.25,9.13,2.79,4.22,170.4
Jon Duplantier,Diamondbacks,19546,1,1,4.18,0,20,20,18,9,2,20,10,1.42,9.09,4.56,4.23,595.5
Carl Edwards Jr.,Mariners,13607,2,3,3.67,0,55,55,42,22,6,62,29,1.3,10.14,4.76,4.23,597.7
Hector Neris,Phillies,11804,3,3,4.01,0,65,65,56,29,11,80,23,1.22,11.09,3.24,4.23,130.8
Luis Avilan,Yankees,2882,1,0,4.02,0,10,10,9,4,1,10,4,1.33,8.8,3.73,4.23,999
Joe Smith,Astros,3281,3,2,3.89,0,55,55,51,24,8,52,15,1.2,8.48,2.52,4.23,599.8
German Marquez,Rockies,15038,11,11,4.73,31,31,186,202,98,29,185,51,1.36,8.94,2.46,4.24,183.2
Ranger Suarez,Phillies,17277,3,3,3.96,3,53,69,68,30,8,56,23,1.32,7.27,3.06,4.24,999
Zack Greinke,Astros,1943,15,9,3.87,32,32,198,182,85,33,186,46,1.15,8.44,2.07,4.24,66.2
Matthew Boyd,Tigers,15440,10,11,4.05,29,29,168,148,76,29,187,51,1.19,10,2.75,4.24,166.3
Drew Steckenrider,Marlins,18806,1,1,4.03,0,20,20,18,9,3,21,8,1.27,9.63,3.55,4.25,598.2
Drew Pomeranz,Padres,11426,3,2,4.01,0,58,58,51,26,8,65,27,1.35,10.03,4.24,4.25,519.7
Trevor May,Twins,6398,3,2,4.41,0,60,60,57,29,10,68,21,1.3,10.24,3.17,4.25,535.5
Tarik Skubal,Tigers,sa3007593,3,3,4.29,8,8,47,45,22,7,48,17,1.31,9.28,3.27,4.25,579.4
Cam Bedrosian,Angels,13360,3,2,4.11,0,60,60,57,27,8,58,21,1.3,8.65,3.15,4.25,599.2
Jandel Gustave,Giants,14665,2,3,4.21,0,55,55,53,26,5,45,24,1.4,7.44,3.9,4.25,999
Jimmy Nelson,Dodgers,10547,2,1,4.24,0,30,30,28,14,4,30,12,1.34,8.96,3.56,4.25,573.5
Michael Feliz,Pirates,11903,2,3,4.41,0,55,55,51,27,8,63,24,1.36,10.35,3.92,4.26,597.7
Scott Oberg,Rockies,13911,3,3,4.39,0,65,65,67,32,8,59,23,1.37,8.2,3.13,4.26,260.7
Wander Suero,Nationals,15855,3,2,4.35,0,55,55,53,27,8,55,20,1.33,9.01,3.31,4.26,999
Lewis Thorpe,Twins,15906,1,1,4.33,2,12,19,18,9,3,19,7,1.33,9.19,3.23,4.26,598.5
Michael King,Yankees,19853,1,1,4.01,2,7,14,14,6,2,12,4,1.23,7.64,2.35,4.26,599.8
Jake Odorizzi,Twins,6397,12,9,4.11,31,31,175,154,80,26,185,67,1.27,9.51,3.47,4.27,185.4
John Brebbia,Cardinals,12777,3,2,4.21,0,58,58,53,27,9,62,19,1.24,9.64,2.9,4.27,597.8
Dean Deetz,Astros,16687,0,0,3.82,0,5,5,4,2,1,6,3,1.37,10.99,5.31,4.28,999
Nathan Eovaldi,Red Sox,9132,9,8,4.3,26,26,146,145,70,22,139,45,1.3,8.54,2.76,4.28,441.8
Spencer Turnbull,Tigers,16207,8,9,4.38,24,24,141,140,69,17,127,53,1.37,8.13,3.39,4.28,508.5
Corey Kluber,Rangers,2429,11,10,4.05,29,29,175,162,79,29,174,47,1.19,8.97,2.41,4.28,98
Noe Ramirez,Angels,12800,2,2,4.04,0,45,45,40,20,7,49,15,1.23,9.78,3.09,4.28,600.4
Cole Sulser,Orioles,15256,0,0,4.39,0,10,10,9,5,2,12,4,1.35,10.6,3.78,4.28,999
Alex Wood,Dodgers,13781,7,6,4.15,16,31,109,109,50,15,92,30,1.28,7.56,2.49,4.29,377.3
Sean Manaea,Athletics,15873,9,8,3.93,24,24,142,131,62,21,126,37,1.19,7.96,2.34,4.29,177.4
Ryan Helsley,Cardinals,18138,2,2,3.94,0,45,45,39,20,5,43,20,1.32,8.63,3.99,4.29,496.8
Randy Rosario,Royals,14508,1,1,4.25,0,20,20,21,9,2,14,8,1.44,6.5,3.66,4.29,999
Michael Fulmer,Tigers,13218,3,4,4.1,10,10,55,54,25,8,46,15,1.26,7.48,2.5,4.29,599.6
Eric Yardley,Brewers,15538,0,0,4.14,0,10,10,10,5,1,7,3,1.35,6.51,2.86,4.3,999
Collin McHugh,Red Sox,7531,2,2,4.27,0,30,30,28,14,5,32,11,1.29,9.5,3.18,4.31,600.8
Zac Gallen,Diamondbacks,19291,9,9,4.35,26,26,148,140,72,22,147,52,1.3,8.96,3.14,4.31,127.8
Jonathan Loaisiga,Yankees,19753,5,4,4.19,8,36,75,69,35,12,82,26,1.28,9.82,3.14,4.31,579.4
Adrian Houser,Brewers,12718,9,10,4.28,24,34,151,148,72,20,142,54,1.33,8.48,3.2,4.32,245.9
Matt Strahm,Padres,13799,3,2,4.12,0,55,55,50,25,9,57,18,1.24,9.3,2.93,4.32,583.2
Yonny Chirinos,Rays,16401,9,8,4.04,21,41,142,136,64,22,124,36,1.21,7.86,2.29,4.32,278.9
Trevor Rosenthal,,10745,2,2,4.35,0,40,40,37,19,4,43,22,1.47,9.74,4.91,4.32,600.3
Jon Gray,Rockies,14916,10,12,4.81,31,31,182,194,97,26,177,64,1.42,8.73,3.14,4.32,257
T.J. McFarland,Athletics,3237,2,2,4.11,0,45,45,48,21,4,27,14,1.39,5.33,2.8,4.32,999
Chris Bassitt,Athletics,12304,8,7,3.97,18,43,128,115,57,17,119,46,1.26,8.35,3.27,4.32,385.1
Bryse Wilson,Braves,19990,2,2,4.31,6,11,43,43,21,6,38,13,1.3,7.86,2.76,4.33,594.6
Marcus Walden,Red Sox,8004,2,2,4.43,0,40,40,40,20,4,36,17,1.43,8.12,3.86,4.33,999
Grant Holmes,,sa828669,1,1,4,0,15,15,13,7,2,15,7,1.33,9.11,4.06,4.33,999
Dominic Leone,Indians,13763,1,1,4.23,0,15,15,14,7,2,16,5,1.27,9.72,3.2,4.33,999
Derek Law,Rangers,13133,1,1,4.38,0,15,15,15,7,2,14,6,1.38,8.44,3.52,4.34,999
Nick Wittgren,Indians,15594,3,3,4.32,0,65,65,64,31,11,63,18,1.26,8.69,2.46,4.34,590.6
Pablo Lopez,Marlins,17085,8,11,4.25,28,28,158,159,75,21,126,45,1.29,7.19,2.54,4.34,413.9
Jake Petricka,Blue Jays,10534,0,0,4.51,0,10,10,11,5,1,8,4,1.42,7.26,3.21,4.34,999
Rogelio Armenteros,Astros,17679,1,0,4.1,0,10,10,9,5,1,11,4,1.3,10.03,3.88,4.34,600.8
Brandon Workman,Red Sox,11428,3,3,4.25,0,68,68,59,32,11,86,31,1.33,11.38,4.16,4.34,145.8
Justin Anderson,Angels,16201,2,2,4.18,0,40,40,35,19,5,44,20,1.38,9.96,4.5,4.35,999
Steve Cishek,White Sox,6483,3,3,3.94,0,65,65,58,28,9,62,24,1.27,8.6,3.36,4.35,565.1
Jacob Waguespack,Blue Jays,18318,1,1,4.26,0,25,25,24,12,3,23,11,1.39,8.33,3.9,4.35,999
Brad Brach,Mets,6627,2,2,4.41,0,40,40,39,20,6,40,16,1.36,8.91,3.5,4.35,999
Chris Archer,Pirates,6345,9,13,4.49,31,31,179,174,89,28,196,70,1.36,9.85,3.54,4.35,262.6
J.B. Wendelken,Athletics,14506,2,1,4.22,0,35,35,32,16,5,38,14,1.3,9.67,3.54,4.35,999
Patrick Sandoval,Angels,19447,5,4,4.22,13,13,75,71,35,11,74,28,1.32,8.91,3.35,4.35,564.9
Miles Mikolas,Cardinals,9803,7,7,4.19,19,19,112,115,52,16,83,23,1.24,6.65,1.89,4.35,297.9
MacKenzie Gore,,sa3005068,2,2,4.22,6,6,37,35,17,5,35,13,1.27,8.63,3.05,4.36,999
Grant Dayton,Braves,11203,2,1,4.29,0,35,35,32,17,6,40,12,1.27,10.21,3.07,4.36,999
Devin Smeltzer,Twins,19487,2,1,4.41,2,22,29,29,14,4,26,8,1.31,7.94,2.63,4.36,597.1
Cole Irvin,Phillies,19244,0,0,4.09,0,5,5,5,2,1,4,1,1.28,6.96,2.64,4.36,999
Brandon Brennan,Mariners,13527,2,3,4.18,0,60,60,57,28,7,59,27,1.4,8.78,4.06,4.37,600.8
Taylor Widener,Diamondbacks,sa918271,0,0,4.34,0,5,5,4,2,1,6,2,1.35,9.95,4.12,4.37,999
Carlos Estevez,Rockies,14542,2,2,4.66,0,55,55,56,28,8,57,22,1.4,9.29,3.53,4.37,999
Michael Pineda,Twins,5372,8,7,4.48,21,21,121,123,60,20,115,31,1.27,8.54,2.32,4.37,311.4
Shaun Anderson,Giants,19453,2,3,4.45,0,60,60,61,30,7,50,22,1.39,7.49,3.35,4.37,414
Jose Urquidy,Astros,18413,11,8,4.23,26,26,150,144,70,26,146,39,1.22,8.78,2.31,4.37,215.5
Robbie Ray,Diamondbacks,11486,10,11,4.5,31,31,176,161,88,28,217,84,1.39,11.09,4.31,4.37,155.6
Jerry Blevins,,7841,0,0,4.36,0,5,5,5,2,1,5,2,1.35,9.6,3.9,4.38,999
Ryan Brasier,Red Sox,5615,1,1,4.33,0,25,25,24,12,4,25,9,1.3,9.03,3.08,4.38,600.2
Edubray Ramos,,16086,1,0,4.16,0,10,10,9,5,1,9,3,1.26,8.02,2.8,4.38,999
Paul Fry,Orioles,15832,2,2,4.26,0,50,50,49,24,5,47,25,1.47,8.39,4.5,4.38,999
Ryan Yarbrough,Rays,16502,8,7,4.23,21,21,122,121,57,19,103,30,1.24,7.57,2.24,4.39,252.8
Mitch Keller,Pirates,17594,7,11,4.58,26,26,150,151,76,21,143,57,1.39,8.6,3.45,4.39,232.8
Beau Burrows,Tigers,sa874682,0,0,4.27,0,5,5,5,2,1,5,2,1.36,8.66,4.06,4.39,999
Nestor Cortes,Mariners,17874,1,1,3.88,0,15,15,13,6,2,15,6,1.25,8.99,3.48,4.4,999
Jordan Romano,Blue Jays,16122,2,2,4.2,0,40,40,35,19,6,45,19,1.34,10.03,4.26,4.4,999
Tyler Anderson,Giants,12880,2,3,4.42,8,8,46,45,23,7,43,16,1.33,8.51,3.21,4.4,601
Corey Oswalt,Mets,13677,0,0,4.41,0,5,5,5,2,1,5,2,1.37,8.21,3.39,4.42,999
Alex Colome,White Sox,6661,3,3,4.32,0,65,65,65,31,9,57,20,1.32,7.83,2.8,4.42,145.3
Amir Garrett,Reds,14375,3,3,4.22,0,68,68,60,32,9,77,34,1.39,10.14,4.55,4.42,598.1
Chris Devenski,Astros,12763,3,2,4.28,0,60,60,56,29,11,62,17,1.22,9.26,2.59,4.42,999
Paul Blackburn,Athletics,14739,2,2,4.11,3,18,34,33,16,4,24,11,1.3,6.27,2.86,4.42,999
Jordan Montgomery,Yankees,16511,7,6,4.16,16,26,104,98,48,15,97,37,1.3,8.4,3.19,4.42,449.4
Cody Ponce,Pirates,sa856266,0,0,4.45,0,10,10,10,5,1,10,4,1.35,8.63,3.32,4.42,999
Kyle Barraclough,,13713,0,0,4.23,0,5,5,4,2,1,5,3,1.41,9.41,4.77,4.43,600.9
Garrett Richards,Padres,9784,9,9,4.25,26,26,150,142,71,20,142,64,1.37,8.52,3.87,4.43,274.7
Austin Brice,Red Sox,17237,1,1,4.37,0,30,30,29,15,5,29,10,1.29,8.77,2.91,4.43,999
Cody Reed,Reds,15232,1,1,4.47,0,30,30,30,15,4,31,15,1.48,9.17,4.46,4.44,999
Brad Keller,Royals,15734,10,12,4.35,31,31,179,185,87,19,125,68,1.41,6.28,3.42,4.44,568.7
Matt Bowman,Reds,13528,1,1,4.55,0,25,25,26,13,3,21,9,1.41,7.65,3.18,4.44,999
Tommy Hunter,Phillies,1157,1,1,4.25,0,28,28,28,13,4,24,7,1.25,7.72,2.34,4.44,999
Matt Wisler,Twins,12804,2,1,4.6,0,35,35,35,18,6,33,11,1.32,8.57,2.74,4.44,999
Evan Marshall,White Sox,12297,3,3,4.5,0,60,60,62,30,8,52,24,1.43,7.8,3.54,4.45,999
Tyler Alexander,Tigers,17735,2,3,4.58,2,42,49,53,25,8,40,11,1.31,7.41,2.03,4.45,999
Logan Webb,Giants,17995,4,5,4.52,13,13,74,76,37,9,62,29,1.42,7.51,3.51,4.45,592.1
Nate Pearson,Blue Jays,sa3005097,3,4,4.23,10,10,56,52,26,9,56,19,1.27,8.92,3.09,4.45,999
Adam Cimber,Indians,15288,2,2,4.19,0,45,45,46,21,6,32,11,1.27,6.49,2.19,4.46,999
Matt Andriese,Angels,12022,5,5,4.36,11,41,96,93,47,16,94,30,1.28,8.81,2.77,4.46,600.8
T.J. Zeuch,Blue Jays,19269,0,0,4.21,0,5,5,5,2,1,4,2,1.36,6.9,3.33,4.46,999
Griffin Canning,Angels,19867,7,6,4.18,19,19,110,98,51,18,114,39,1.25,9.31,3.17,4.46,241.5
James Norwood,Cubs,16440,0,0,4.52,0,10,10,9,5,1,11,5,1.42,9.88,4.46,4.46,999
Kyle Crick,Pirates,13182,3,3,4.29,0,65,65,57,31,7,70,37,1.44,9.76,5.08,4.47,543.6
Kyle Ryan,Cubs,11753,3,3,4.2,0,63,63,62,29,7,53,27,1.41,7.55,3.93,4.47,999
Phillips Valdez,Red Sox,15605,0,0,4.28,0,5,5,5,2,1,4,2,1.4,7.68,3.93,4.47,999
Nick Ramirez,Tigers,12575,1,1,4.1,0,20,20,19,9,2,17,9,1.36,7.54,3.85,4.47,999
Austen Williams,Nationals,16309,0,0,4.72,0,5,5,5,3,1,5,2,1.42,8.94,3.53,4.47,999
Pedro Baez,Dodgers,5420,4,2,4.12,0,68,68,60,31,11,67,24,1.24,8.81,3.2,4.47,590.3
Jose Quintana,Cubs,11423,10,11,4.62,31,31,178,186,91,25,149,61,1.39,7.51,3.1,4.48,337
Carlos Rodon,White Sox,16137,2,2,4.35,5,15,37,34,18,5,38,15,1.34,9.16,3.76,4.48,600
Dylan Cease,White Sox,18525,9,8,4.28,24,24,138,129,66,20,137,58,1.36,8.93,3.81,4.48,282.5
Blaine Hardy,Twins,6499,0,0,4.27,0,5,5,5,2,1,4,2,1.31,7.01,2.94,4.48,999
Sam Coonrod,Giants,17264,1,2,4.42,0,40,40,37,20,4,38,21,1.44,8.62,4.7,4.49,999
Danny Salazar,,5867,5,5,4.32,8,38,77,69,37,14,92,32,1.32,10.78,3.79,4.49,588.9
Shane Greene,Braves,10756,3,3,4.6,0,65,65,66,33,10,63,23,1.37,8.66,3.13,4.49,549
Dallas Keuchel,White Sox,9434,12,10,4.09,31,31,187,187,85,24,140,63,1.33,6.73,3.01,4.49,267.8
Masahiro Tanaka,Yankees,15764,12,10,4.2,31,31,180,177,84,30,155,44,1.22,7.74,2.18,4.5,224.7
Taylor Williams,Mariners,14899,1,1,4.22,0,15,15,14,7,2,14,6,1.32,8.68,3.46,4.5,999
Michael Lorenzen,Reds,14843,3,3,4.39,0,65,65,64,32,9,58,24,1.36,8.03,3.3,4.5,507.8
Kevin McCarthy,Royals,15240,2,2,4.44,0,45,45,49,22,5,28,14,1.4,5.51,2.83,4.5,999
Tony Gonsolin,Dodgers,19388,3,2,4.28,6,16,48,44,23,7,46,18,1.29,8.66,3.33,4.5,519.9
Trevor Richards,Rays,19309,3,2,4.27,3,33,49,46,23,8,47,18,1.3,8.72,3.29,4.51,583.8
Sal Romano,Reds,13690,0,0,4.82,0,5,5,5,3,1,4,2,1.46,7.86,3.45,4.52,999
Kelvin Herrera,White Sox,6033,2,2,4.39,0,50,50,49,24,8,45,14,1.26,8.17,2.46,4.52,999
Jared Hughes,,9325,1,1,4.08,0,15,15,14,7,2,11,5,1.32,6.82,3.22,4.52,999
Jacob Barnes,,12323,0,0,4.25,0,5,5,5,2,1,4,2,1.33,7.99,3.29,4.52,999
John Gant,Cardinals,13684,3,3,4.39,0,65,65,63,32,8,57,30,1.43,7.95,4.17,4.53,599.2
Madison Bumgarner,Diamondbacks,5524,11,12,4.58,32,32,196,199,100,33,178,54,1.29,8.15,2.46,4.53,121.4
Domingo German,Yankees,17149,7,6,4.27,18,23,108,99,51,19,115,35,1.24,9.57,2.94,4.53,425.3
Tyler Olson,,14741,0,0,4.72,0,5,5,5,3,1,5,2,1.46,8.11,3.87,4.53,999
Logan Allen,Indians,18555,6,6,4.57,15,30,100,101,51,14,88,39,1.4,7.96,3.52,4.54,600.3
Yoshihisa Hirano,Mariners,19756,2,3,4.21,0,60,60,56,28,9,59,23,1.33,8.81,3.47,4.54,460
Kevin Quackenbush,Nationals,12360,0,0,4.68,0,5,5,5,3,1,5,2,1.38,9.53,3.56,4.54,999
Dan Otero,Yankees,7385,0,0,4.39,0,5,5,6,2,1,3,1,1.29,5.4,1.39,4.54,999
Matt Hall,Red Sox,18076,4,4,4.63,10,20,66,66,34,10,63,27,1.42,8.6,3.74,4.55,999
Steven Matz,Mets,13361,9,10,4.44,24,34,151,147,75,22,138,55,1.34,8.2,3.27,4.56,293
Cy Sneed,Astros,16106,1,0,4.44,0,10,10,10,5,1,10,4,1.38,8.67,3.75,4.56,999
Alex Wilson,,9239,1,1,4.44,0,25,25,26,12,4,19,7,1.31,6.74,2.42,4.57,999
Franklyn Kilome,Mets,sa830592,0,0,4.43,0,5,5,5,2,1,5,3,1.46,9.16,4.97,4.57,999
Scott Barlow,Royals,14993,3,3,4.62,0,65,65,60,33,9,73,34,1.45,10.17,4.73,4.57,598.4
Greg Holland,,7196,2,3,4.43,0,55,55,51,27,7,54,28,1.44,8.78,4.61,4.57,598.3
Colten Brewer,Red Sox,12997,2,2,4.62,0,40,40,41,21,5,37,17,1.45,8.34,3.91,4.57,999
Jake Newberry,Royals,15136,0,0,4.5,0,10,10,10,5,1,9,4,1.36,7.9,3.47,4.57,999
Jacob Rhame,Mets,15267,0,0,4.34,0,5,5,5,2,1,5,2,1.27,9.21,3.3,4.58,999
Hector Rondon,Diamondbacks,2391,3,3,4.66,0,60,60,62,31,9,48,19,1.35,7.13,2.82,4.58,593.2
Joey Lucchesi,Padres,19320,11,11,4.37,31,31,178,171,86,28,163,63,1.31,8.24,3.19,4.58,227.3
Jairo Diaz,Rockies,12774,3,3,5.09,0,65,65,70,37,9,66,32,1.57,9.11,4.44,4.58,523.8
Taylor Cole,Angels,11964,1,1,4.79,0,25,25,26,13,4,26,10,1.44,9.22,3.74,4.58,999
Sean Newcomb,Braves,16943,7,8,4.43,18,36,121,114,60,16,112,57,1.41,8.32,4.24,4.59,554.4
Arodys Vizcaino,,5498,1,2,4.33,0,25,25,22,12,4,26,11,1.34,9.52,3.99,4.59,599
Julian Merryweather,Blue Jays,sa829363,1,1,4.65,0,15,15,15,8,3,15,5,1.34,9.03,2.95,4.59,999
Kwang-hyun Kim,Cardinals,27458,5,6,4.55,13,38,100,102,51,16,88,33,1.35,7.92,2.99,4.59,496.7
Joe Biagini,Astros,13194,1,1,4.61,0,25,25,26,13,4,21,9,1.39,7.46,3.14,4.59,999
Zack Brown,Brewers,sa738901,0,0,4.36,0,5,5,5,2,1,4,2,1.41,7.87,3.98,4.59,999
Sergio Romo,Twins,9817,4,3,4.42,0,67,67,64,33,12,64,20,1.26,8.66,2.75,4.59,543.9
Matt Manning,Tigers,sa917924,2,3,4.6,8,8,47,47,24,7,42,18,1.38,7.98,3.41,4.59,999
Michael Kopech,White Sox,17282,6,6,4.5,18,18,102,94,51,16,111,44,1.35,9.76,3.86,4.59,284.5
Dylan Bundy,Angels,12917,11,10,4.28,31,31,175,159,83,32,180,55,1.23,9.28,2.85,4.6,262.4
Luke Gregerson,,4090,1,2,4.4,0,25,25,25,12,4,21,8,1.32,7.72,2.99,4.6,999
Trent Thornton,Blue Jays,17948,7,8,4.68,16,46,124,127,65,20,115,41,1.35,8.34,2.94,4.6,591.2
Jorge Alcala,Twins,19459,0,0,4.37,0,5,5,4,2,1,5,2,1.39,9.15,4.4,4.6,999
Edgar Santana,Pirates,17355,1,1,4.66,0,30,30,32,16,4,25,9,1.37,7.36,2.76,4.6,999
Martin Perez,Red Sox,6902,10,10,4.57,29,29,168,177,85,23,130,62,1.42,6.94,3.3,4.6,594.8
Jose Alvarez,Phillies,5358,3,3,4.54,0,62,62,66,31,10,51,19,1.36,7.43,2.69,4.61,999
Mike Minor,Rangers,10021,12,12,4.37,32,32,201,190,98,34,193,66,1.27,8.62,2.94,4.61,178.9
Jesse Hahn,Royals,13287,3,4,4.66,5,40,63,65,33,7,51,28,1.47,7.33,4.05,4.61,999
Cory Gearrin,,7947,1,1,4.69,0,15,15,15,8,2,12,6,1.41,7.47,3.47,4.61,999
Marco Gonzales,Mariners,15467,10,13,4.39,32,32,192,199,94,29,143,51,1.3,6.68,2.38,4.61,444.6
James Hoyt,Indians,14605,1,1,4.64,0,25,25,25,13,4,27,10,1.38,9.55,3.63,4.62,999
Zach Duke,,3840,1,2,4.31,0,25,25,25,12,3,21,11,1.43,7.66,4,4.62,999
Alec Mills,Cubs,13834,4,5,4.7,8,38,77,79,40,11,66,29,1.4,7.76,3.4,4.62,598.8
AJ Ramos,,8350,1,2,4.25,0,25,25,21,12,4,27,12,1.35,9.79,4.47,4.63,999
Heath Hembree,Red Sox,11632,3,2,4.65,0,60,60,58,31,11,65,21,1.32,9.71,3.19,4.63,999
Duane Underwood Jr.,Cubs,14677,1,1,4.51,0,25,25,24,13,3,24,12,1.42,8.77,4.21,4.63,999
Adam Morgan,Phillies,12580,3,2,4.5,0,60,60,59,30,10,58,20,1.32,8.7,2.95,4.63,999
Felix Pena,Angels,13403,0,0,4.36,0,10,10,9,5,2,11,4,1.29,9.5,3.37,4.63,600.6
Tyler Lyons,Yankees,11334,1,0,4.45,0,10,10,9,5,2,11,4,1.3,9.71,3.17,4.64,999
Austin Gomber,Cardinals,16561,2,2,4.45,5,10,33,32,16,5,29,12,1.35,7.93,3.36,4.64,600.6
Jason Adam,,11861,0,0,4.72,0,5,5,5,3,1,5,2,1.38,9.47,3.91,4.65,999
Paul Sewald,Mets,13892,1,1,4.68,0,15,15,15,8,3,15,5,1.35,8.7,3.2,4.65,999
Richard Rodriguez,Pirates,13549,3,3,4.4,0,67,67,63,33,11,65,23,1.29,8.77,3.1,4.65,596.4
Aaron Civale,Indians,19479,8,8,4.46,23,23,131,133,65,21,102,35,1.29,7.03,2.41,4.65,261.2
Kyle Gibson,Rangers,10123,10,12,4.55,31,31,177,179,89,27,160,69,1.4,8.13,3.51,4.65,405.6
Aaron Sanchez,,11490,3,3,4.35,5,20,43,41,21,5,37,20,1.4,7.75,4.11,4.65,999
Dakota Hudson,Cardinals,19206,10,11,4.44,29,29,169,173,83,18,122,75,1.47,6.52,3.99,4.65,329.7
John Curtiss,Rays,16128,0,0,4.34,0,5,5,4,2,1,5,2,1.37,9.89,4.49,4.66,999
Alex Young,Diamondbacks,18333,3,3,4.66,5,32,55,56,28,8,47,21,1.4,7.67,3.46,4.66,581.2
Cody Anderson,Mariners,12799,0,0,4.46,0,5,5,5,2,1,5,2,1.32,8.52,2.98,4.66,999
Ryne Harper,Nationals,12680,0,0,4.88,0,10,10,11,5,2,9,4,1.41,8.35,3.19,4.66,999
Eric Lauer,Brewers,19316,8,9,4.66,24,24,141,144,73,23,128,49,1.37,8.16,3.15,4.67,566.6
Anthony DeSclafani,Reds,13050,8,10,4.68,26,26,147,151,76,26,138,45,1.33,8.47,2.77,4.67,259.8
Evan Phillips,Orioles,17734,1,1,4.53,0,28,28,26,14,4,30,14,1.43,9.76,4.61,4.67,999
Aaron Barrett,Nationals,11243,1,1,4.59,0,15,15,15,8,2,15,6,1.4,8.76,3.86,4.67,999
Ryan Cook,Marlins,8855,0,0,4.51,0,10,10,9,5,1,10,5,1.43,8.67,4.42,4.67,999
Xavier Cedeno,,36,1,2,4.48,0,25,25,25,12,3,22,11,1.44,7.93,3.96,4.68,999
Tyler Clippard,Twins,5640,3,2,4.16,0,55,55,46,25,10,58,20,1.2,9.46,3.33,4.68,598.6
Cole Hamels,Braves,4972,8,8,4.61,23,23,130,126,67,20,124,51,1.36,8.57,3.51,4.68,319.6
Yimi Garcia,Marlins,12095,2,3,4.33,0,55,55,51,26,11,54,14,1.18,8.84,2.21,4.68,599
Luke Bard,Angels,14288,1,1,4.46,0,15,15,14,7,2,15,6,1.32,9,3.54,4.68,999
Casey Mize,Tigers,sa3008444,1,2,4.66,5,5,28,29,14,4,23,9,1.35,7.26,2.85,4.69,999
Jeff Brigham,Marlins,16631,1,2,4.69,0,38,38,36,20,5,38,18,1.43,9.06,4.3,4.69,999
Tyler Webb,Cardinals,14974,2,2,4.42,0,50,50,48,25,8,45,19,1.35,8.06,3.45,4.7,600.6
Erik Swanson,Mariners,16587,3,5,4.31,5,50,73,68,35,13,70,23,1.25,8.57,2.87,4.7,999
Luis Perdomo,Padres,14682,1,1,4.83,0,15,15,17,8,2,11,5,1.45,6.87,3.16,4.7,999
Brandon Morrow,,9346,0,0,4.69,0,10,10,10,5,2,9,4,1.4,8.12,3.28,4.71,599.5
Kyle Finnegan,Nationals,sa708446,0,0,4.59,0,10,10,9,5,2,11,5,1.43,9.78,4.43,4.71,999
Hunter Wood,Indians,15091,3,2,4.35,0,55,55,50,27,9,53,21,1.31,8.69,3.51,4.71,999
Jonny Venters,,7175,1,2,4.22,0,25,25,24,12,3,22,15,1.54,7.77,5.23,4.72,999
Zach Plesac,Indians,19979,7,7,4.47,21,21,120,118,60,20,99,36,1.28,7.42,2.72,4.72,444.7
Ryne Stanek,Marlins,15947,2,3,4.57,0,65,65,60,33,10,70,32,1.42,9.7,4.5,4.72,519.2
Rick Porcello,Mets,2717,10,11,4.6,29,29,167,171,85,28,138,45,1.3,7.45,2.45,4.72,426.3
Cal Quantrill,Padres,19312,4,5,4.85,10,17,63,67,34,10,50,21,1.39,7.13,2.93,4.72,579.7
Ryan Buchter,,9456,2,1,4.17,0,35,35,29,16,6,37,15,1.27,9.64,3.9,4.72,999
Robert Stock,Phillies,6576,1,1,4.45,0,20,20,19,10,3,21,11,1.46,9.32,4.78,4.72,999
Bernardo Flores,White Sox,sa874080,1,1,4.59,2,7,14,15,7,2,11,4,1.34,6.93,2.52,4.72,999
Wandy Peralta,Giants,14295,1,1,4.73,0,20,20,21,11,2,15,9,1.5,6.56,3.94,4.73,999
Thomas Pannone,Blue Jays,17281,2,2,4.38,0,40,40,37,19,7,40,15,1.3,8.93,3.44,4.73,999
Wade Davis,Rockies,7441,3,3,5.12,0,65,65,67,37,9,63,31,1.52,8.74,4.31,4.73,304.7
Forrest Whitley,Astros,sa917930,4,3,4.56,10,10,56,52,28,9,59,26,1.39,9.54,4.11,4.73,999
Patrick Weigel,Braves,sa829466,1,1,4.3,0,18,18,16,9,3,18,9,1.36,9.05,4.44,4.73,999
Kyle Dowdy,Indians,19285,0,0,4.77,0,5,5,5,3,1,5,2,1.43,8.24,3.68,4.73,999
Matt Albers,,4300,2,2,4.4,0,30,30,29,15,5,28,12,1.34,8.36,3.47,4.73,999
Mike Foltynewicz,Braves,10811,10,10,4.61,29,29,169,167,87,27,151,60,1.34,8.06,3.21,4.73,205.3
Tyler Mahle,Reds,16358,4,4,4.64,6,41,73,74,38,12,69,25,1.36,8.56,3.12,4.73,512.9
Jose Cisnero,Tigers,6399,3,3,4.92,0,65,65,64,36,10,67,31,1.47,9.23,4.35,4.74,999
Yusmeiro Petit,Athletics,4020,4,3,4.31,0,72,72,69,34,14,62,14,1.16,7.79,1.79,4.74,584.2
Robbie Erlin,Pirates,10354,1,2,5.1,3,13,29,33,16,5,23,8,1.42,7.13,2.44,4.75,999
Genesis Cabrera,Cardinals,17490,2,2,4.43,2,22,29,27,14,4,26,14,1.4,8.15,4.21,4.75,999
Nate Jones,,4696,1,1,4.68,0,15,15,15,8,3,13,5,1.35,8.04,2.91,4.76,999
Rafael Montero,Rangers,12760,3,3,4.82,0,60,60,58,32,9,61,31,1.49,9.22,4.67,4.76,568.1
Jimmy Cordero,White Sox,15690,2,2,4.48,0,40,40,38,20,5,35,20,1.46,7.85,4.52,4.76,999
David Phelps,Brewers,6316,3,3,4.73,0,65,65,65,34,11,65,26,1.4,8.97,3.59,4.77,999
Clay Holmes,Pirates,13649,1,1,4.53,0,25,25,24,13,2,23,16,1.6,8.32,5.91,4.77,999
Trevor Williams,Pirates,16977,8,12,4.71,29,29,165,172,86,25,123,53,1.36,6.7,2.9,4.77,596.2
Daniel Ponce de Leon,Cardinals,16110,2,3,4.29,6,16,48,42,23,6,44,25,1.39,8.31,4.6,4.77,583.1
Deivi Garcia,Yankees,sa916944,2,2,4.63,5,5,28,26,14,5,30,11,1.34,9.63,3.54,4.77,999
Daniel Norris,Tigers,13475,7,10,4.92,24,24,141,148,77,24,123,47,1.38,7.86,3.01,4.77,589.9
Daniel Hudson,Nationals,7146,3,3,4.65,0,65,65,62,34,10,61,27,1.37,8.45,3.71,4.77,292.8
Brad Peacock,Astros,5401,4,3,4.51,3,48,64,58,32,12,70,26,1.31,9.86,3.6,4.78,514.8
Walker Lockett,Mets,13804,1,1,4.68,2,12,19,20,10,3,14,6,1.35,6.57,2.65,4.78,999
Taijuan Walker,Mariners,11836,6,9,4.4,21,21,120,114,59,20,109,43,1.31,8.16,3.26,4.78,538.9
Johnny Cueto,Giants,6893,8,12,4.81,28,28,161,169,86,25,125,52,1.38,7.01,2.93,4.78,309.3
Nick Pivetta,Phillies,15454,5,6,4.61,10,45,91,90,47,16,89,34,1.37,8.77,3.4,4.79,536.5
Merrill Kelly,Diamondbacks,11156,5,6,4.99,11,46,101,108,56,16,84,37,1.43,7.52,3.28,4.79,490.7
Elieser Hernandez,Marlins,16933,5,7,4.53,13,41,103,97,52,18,100,36,1.29,8.72,3.16,4.79,581.5
Kyle Wright,Braves,19665,5,5,4.82,13,18,80,82,43,12,67,32,1.42,7.55,3.58,4.79,548.8
Anthony Swarzak,Phillies,7466,1,1,4.6,0,15,15,15,8,3,14,5,1.36,8.32,3.23,4.8,999
Daniel Mengden,Athletics,16980,2,2,4.37,5,15,38,37,18,6,27,12,1.29,6.47,2.8,4.8,999
Brady Singer,Royals,sa3008613,4,5,5.14,13,13,75,85,43,11,54,26,1.48,6.5,3.07,4.8,999
Jeanmar Gomez,,9033,1,1,4.77,0,20,20,21,11,3,17,7,1.41,7.6,3.28,4.8,999
Fernando Rodney,,494,1,2,4.68,0,25,25,24,13,3,26,14,1.5,9.2,4.88,4.81,999
Jake Faria,Brewers,13699,0,0,4.61,0,5,5,5,3,1,5,3,1.42,9.2,4.56,4.81,999
Tyler Beede,Giants,16981,1,3,4.98,5,10,33,34,18,5,31,16,1.49,8.38,4.28,4.81,481.5
Richard Bleier,Orioles,7803,2,3,4.75,0,65,65,76,34,9,35,16,1.4,4.78,2.16,4.81,601
Jalen Beeks,Rays,17192,1,1,4.58,2,17,24,24,12,4,22,10,1.4,8.14,3.74,4.81,999
Chris Rusin,,9895,0,0,4.7,0,5,5,5,3,1,4,2,1.41,6.46,2.98,4.81,999
Mike Mayers,Angels,15451,2,2,4.87,0,45,45,46,24,8,44,18,1.41,8.79,3.54,4.82,999
Nick Neidert,Marlins,sa874797,2,3,4.73,6,11,43,45,23,7,35,13,1.35,7.3,2.77,4.82,999
Tanner Roark,Blue Jays,8753,10,11,4.6,29,29,171,171,87,29,145,54,1.32,7.65,2.83,4.82,552.6
Enderson Franco,Giants,11896,0,0,5.26,0,5,5,5,3,1,4,2,1.52,7.99,4.02,4.82,999
Brett Cecil,Cardinals,2660,1,1,4.91,0,25,25,28,14,4,18,8,1.43,6.41,2.9,4.82,599.8
Jon Lester,Cubs,4930,10,12,4.98,31,31,175,185,97,28,148,66,1.44,7.6,3.41,4.83,499.6
David Hernandez,Nationals,4259,0,0,4.9,0,5,5,5,3,1,5,2,1.37,8.96,3.11,4.84,999
Mike Montgomery,Royals,4869,7,10,4.91,24,24,141,155,77,20,101,50,1.45,6.43,3.18,4.84,999
Hansel Robles,Angels,11801,3,3,4.59,0,65,65,59,33,12,70,28,1.35,9.67,3.93,4.84,149.6
James Pazos,Rockies,13323,2,2,5.27,0,35,35,39,20,5,29,16,1.58,7.33,4.16,4.84,999
Josh D. Smith,Reds,13629,0,0,4.7,0,5,5,5,3,1,6,3,1.5,9.93,5.33,4.84,999
Homer Bailey,Twins,8362,8,8,4.99,23,23,132,143,73,22,108,43,1.41,7.35,2.9,4.84,509.6
Dovydas Neverauskas,Pirates,11604,1,2,4.94,0,35,35,35,19,6,36,17,1.5,9.22,4.39,4.84,999
Jarlin Garcia,Giants,18282,2,2,4.71,0,45,45,46,24,7,35,16,1.39,6.91,3.24,4.84,999
Casey Sadler,Cubs,11209,2,2,4.82,0,43,43,46,23,7,34,15,1.42,7.17,3.23,4.85,999
Sandy Alcantara,Marlins,18684,9,13,4.66,31,31,185,185,96,25,140,75,1.41,6.83,3.64,4.85,255.2
Vince Velasquez,Phillies,11189,7,8,4.66,16,56,134,128,69,24,138,53,1.35,9.28,3.57,4.85,561.2
Juan Nicasio,,7731,1,1,5.03,0,15,15,16,8,3,14,5,1.4,8.14,2.86,4.85,999
Chris Mazza,Red Sox,14151,0,0,4.91,0,5,5,5,3,1,4,2,1.47,7.01,3.64,4.85,999
Luis Cessa,Yankees,13345,2,2,4.77,0,40,40,41,21,7,36,14,1.39,8.06,3.24,4.86,600.3
Matt Shoemaker,Blue Jays,4776,7,9,4.69,23,23,129,127,67,24,122,43,1.32,8.48,3.03,4.86,520.4
Wilmer Font,Blue Jays,5257,2,2,4.63,0,35,35,34,18,7,36,12,1.29,9.2,3.04,4.86,599.5
Ariel Jurado,Rangers,17030,1,1,4.85,2,7,14,16,8,2,9,4,1.39,5.75,2.46,4.86,999
Caleb Smith,Marlins,14875,9,13,4.6,31,31,179,164,91,33,185,71,1.31,9.31,3.56,4.87,234.2
Zack Godley,Tigers,14862,1,1,4.71,0,20,20,20,10,3,17,9,1.45,7.45,3.92,4.87,999
Jaime Barria,Angels,18356,2,2,4.47,3,13,29,28,14,5,26,9,1.26,7.97,2.77,4.87,601
Adam Wainwright,Cardinals,2233,8,11,4.91,28,28,155,166,85,23,123,60,1.46,7.12,3.5,4.87,561
Yohander Mendez,Rangers,14391,0,0,4.4,0,10,10,9,5,2,10,4,1.35,8.84,4.04,4.87,999
Jesse Chavez,Rangers,5448,3,3,4.89,0,65,65,71,35,13,57,18,1.36,7.83,2.43,4.87,999
Jordan Yamamoto,Marlins,17585,6,10,4.78,24,24,138,136,73,22,125,56,1.4,8.16,3.66,4.87,500.1
Jakob Junis,Royals,13619,9,13,4.89,31,31,180,189,98,32,158,54,1.35,7.92,2.7,4.87,576.6
Michael Shawaryn,Red Sox,19495,0,0,4.74,0,10,10,9,5,2,10,5,1.4,9.22,4.18,4.87,999
Michael Wacha,Mets,14078,5,6,4.78,10,40,86,88,46,13,71,34,1.42,7.42,3.55,4.87,586
Danny Duffy,Royals,3542,9,13,4.87,31,31,177,179,96,29,155,70,1.41,7.87,3.53,4.87,574
Sam Gaviglio,Blue Jays,12778,3,3,4.78,0,55,55,57,29,10,48,16,1.34,7.79,2.67,4.88,999
Buck Farmer,Tigers,14814,3,3,5.04,0,65,65,67,36,11,62,28,1.47,8.61,3.88,4.88,596.6
Mike Morin,Brewers,13442,0,0,4.84,0,10,10,11,5,2,7,3,1.35,6.41,2.48,4.88,999
Drew Smyly,Giants,11760,6,9,4.87,21,21,122,117,66,22,123,52,1.39,9.09,3.87,4.88,558.9
Andrew Suarez,Giants,18300,4,8,5.23,15,22,92,106,53,14,65,32,1.5,6.35,3.11,4.88,999
Lucas Sims,Reds,13470,2,3,4.71,2,42,49,43,26,8,59,27,1.43,10.79,4.99,4.88,600.8
Parker Dunshee,Athletics,sa873274,1,1,4.49,2,2,9,9,4,2,7,3,1.28,7.38,2.84,4.88,999
J.A. Happ,Yankees,7410,9,8,4.54,24,24,139,135,70,25,128,48,1.32,8.27,3.14,4.89,436.9
Austin Pruitt,Astros,15290,4,3,4.95,8,23,62,68,34,11,51,17,1.38,7.35,2.46,4.89,599.7
Blake Parker,Phillies,5224,0,0,4.63,0,10,10,10,5,2,10,3,1.31,8.81,3.04,4.89,999
Brett Anderson,Brewers,8223,8,10,4.97,26,26,147,170,81,21,85,43,1.45,5.19,2.63,4.89,587.9
Adam Conley,Marlins,14457,2,3,4.82,0,55,55,56,29,7,44,25,1.48,7.24,4.11,4.89,999
Blake Wood,,1345,1,2,4.96,0,25,25,25,14,4,25,12,1.5,8.99,4.42,4.89,999
Michael Rucker,Orioles,sa919117,1,2,4.73,0,35,35,35,18,7,34,12,1.34,8.7,3.12,4.89,999
Jose Suarez,Angels,19911,2,2,4.68,5,5,28,27,15,5,26,11,1.36,8.34,3.43,4.89,999
Luis Garcia,,6984,1,1,4.8,0,30,30,31,16,4,25,14,1.48,7.51,4.05,4.89,999
Dillon Tate,Orioles,17796,1,1,4.59,0,25,25,25,13,4,22,10,1.4,7.77,3.71,4.9,999
Zach Eflin,Phillies,13774,9,9,4.6,26,26,148,152,76,26,114,42,1.31,6.93,2.52,4.9,501.9
Sean Reid-Foley,Blue Jays,17034,2,2,4.69,2,27,34,31,18,5,36,18,1.45,9.49,4.68,4.9,999
Reynaldo Lopez,White Sox,16400,9,10,4.68,28,28,159,156,83,28,140,56,1.33,7.91,3.18,4.9,307.1
Shawn Armstrong,Orioles,12857,1,2,4.89,0,40,40,39,22,6,41,20,1.45,9.25,4.4,4.9,999
Adbert Alzolay,Cubs,17859,2,2,4.69,5,10,33,32,17,6,31,14,1.37,8.46,3.7,4.91,601
Tony Cingrani,,12555,1,2,4.45,0,25,25,22,12,4,26,11,1.35,9.53,4.1,4.92,999
Trevor Cahill,Giants,6249,1,1,5.05,0,15,15,15,8,2,13,7,1.5,7.8,4.25,4.93,999
Justin Shafer,Reds,16132,0,0,4.81,0,5,5,5,3,1,5,2,1.47,8.31,4.47,4.93,999
Burch Smith,Athletics,12784,1,1,4.65,0,20,20,18,10,3,20,10,1.42,9.05,4.52,4.93,999
Jake Arrieta,Phillies,4153,10,10,4.52,29,29,166,164,83,25,127,62,1.36,6.91,3.34,4.93,513.1
Jose De Leon,Reds,15463,2,2,4.87,3,16,32,30,17,6,35,15,1.41,9.97,4.18,4.94,595.7
Joe Ross,Nationals,12972,5,7,5.07,15,25,95,103,54,15,74,35,1.46,7.03,3.32,4.94,594.1
Josh Lindblom,Brewers,7882,9,10,4.77,26,26,154,155,82,30,141,47,1.31,8.21,2.74,4.94,352.5
Damon Jones,Phillies,sa3004862,2,2,4.73,6,6,37,36,19,6,35,19,1.48,8.5,4.52,4.94,999
Addison Reed,,10586,1,2,4.74,0,25,25,26,13,5,22,6,1.27,7.86,2.14,4.95,999
Jose Urena,Marlins,11589,6,10,4.8,19,39,133,141,71,20,95,44,1.39,6.4,2.95,4.95,589.4
Travis Lakins,Orioles,18600,0,0,4.77,0,5,5,5,3,1,4,2,1.45,8.01,4.23,4.95,999
Daniel Gossett,,16164,2,2,4.68,5,5,28,28,15,5,22,10,1.36,7.08,3.21,4.96,999
Jhoulys Chacin,Twins,2608,3,3,4.8,10,10,56,56,30,9,46,22,1.4,7.35,3.58,4.96,599.1
Jordan Lyles,Rangers,7593,7,10,4.84,23,28,137,138,74,25,127,49,1.37,8.32,3.25,4.96,480.9
Chad Kuhl,Pirates,14975,5,8,5.06,19,19,110,115,62,18,96,44,1.45,7.89,3.64,4.97,999
Zach Davies,Padres,13183,9,11,4.91,29,29,166,181,91,23,102,58,1.44,5.54,3.13,4.97,494.7
JT Brubaker,Pirates,sa875176,0,1,5.03,2,2,9,10,5,1,7,3,1.44,6.87,3.24,4.97,999
Ryan Borucki,Blue Jays,16350,2,3,4.78,8,8,46,47,24,7,36,17,1.4,7.1,3.35,4.97,599.8
Jharel Cotton,Cubs,13654,0,0,4.68,0,5,5,5,3,1,5,2,1.34,8.63,3.56,4.97,600.8
Josh Osich,Red Sox,11528,1,1,4.91,0,20,20,21,11,3,17,8,1.44,7.8,3.55,4.97,999
Steven Brault,Pirates,15291,5,8,4.91,15,30,100,101,55,13,83,50,1.52,7.51,4.54,4.97,599.6
Tyler Chatwood,Cubs,4338,8,10,4.69,23,28,137,131,71,15,119,86,1.59,7.8,5.67,4.97,589
Kyle Freeland,Rockies,16256,8,11,5.2,28,28,157,178,91,25,115,57,1.49,6.61,3.25,4.98,584.7
Jerad Eickhoff,,12664,0,0,4.86,0,5,5,5,3,1,4,2,1.34,7.77,2.95,4.98,999
Kendall Graveman,Mariners,15514,6,10,4.6,23,23,130,133,66,21,96,44,1.36,6.68,3.07,4.99,999
Thomas Hatch,Blue Jays,sa738514,0,0,4.91,0,5,5,5,3,1,5,2,1.46,8.75,4.36,4.99,999
Ryan Weber,Red Sox,10160,5,5,5.1,13,18,80,91,45,13,52,23,1.42,5.8,2.55,4.99,999
Tyson Ross,,7872,3,5,5.04,11,11,64,69,36,9,47,27,1.49,6.6,3.74,4.99,999
Gio Gonzalez,White Sox,7448,7,8,4.81,21,21,120,118,64,18,105,57,1.46,7.84,4.28,5,565.3
Nick Goody,Rangers,13685,2,2,4.63,0,40,40,36,21,8,45,16,1.3,10.03,3.66,5,999
Tanner Rainey,Nationals,17610,3,2,4.65,0,60,60,49,31,9,77,45,1.57,11.6,6.73,5.01,598.4
Junior Guerra,Diamondbacks,5702,3,3,4.72,0,65,65,62,34,10,58,30,1.41,7.97,4.17,5.01,600.3
Chris Stratton,Pirates,13761,2,2,5.46,0,45,45,51,27,7,37,20,1.57,7.39,3.93,5.02,999
Dillon Peters,Angels,18790,1,1,4.85,2,7,14,15,8,2,11,5,1.39,7.21,3.12,5.02,999
Zac Lowther,Orioles,sa915645,1,2,4.85,5,5,28,28,15,5,25,12,1.41,8.05,3.75,5.02,999
Dan Winkler,Cubs,12237,1,1,4.79,0,20,20,19,11,3,19,9,1.41,8.49,4.08,5.02,999
Hunter Strickland,Nationals,7836,2,1,4.84,0,35,35,35,19,6,29,13,1.38,7.51,3.36,5.03,999
Hector Velazquez,Red Sox,19341,2,3,5.1,6,16,48,52,27,8,38,18,1.45,7.1,3.39,5.03,999
Kohl Stewart,Orioles,15502,2,4,4.99,6,21,53,57,29,7,37,24,1.52,6.25,4.02,5.03,999
Wade Miley,Reds,8779,9,11,5.06,28,28,160,175,90,25,122,62,1.48,6.86,3.48,5.03,523.2
Bud Norris,,9492,0,0,5.05,0,10,10,10,6,2,10,4,1.45,9.26,3.77,5.04,999
Kyle Zimmer,Royals,14169,1,1,5.05,0,15,15,15,8,2,14,8,1.52,8.18,4.68,5.04,999
Mike Leake,Diamondbacks,10130,9,11,5.11,29,29,174,204,99,30,97,36,1.38,5.04,1.85,5.04,584.4
Miguel Castro,Orioles,15684,2,3,4.49,0,57,57,52,28,9,48,26,1.37,7.57,4.08,5.04,999
Austin Voth,Nationals,15047,6,8,5.05,15,45,115,120,65,21,102,44,1.42,8.01,3.43,5.05,511.2
Bryan Shaw,Rockies,8110,2,2,5.39,0,42,42,48,25,7,33,16,1.53,7,3.51,5.05,999
Yacksel Rios,Pirates,15007,1,1,4.97,0,20,20,20,11,3,18,10,1.51,8.06,4.6,5.06,999
Touki Toussaint,Braves,16929,2,2,4.82,2,24,31,28,17,5,32,17,1.47,9.24,5.01,5.06,597.3
Taylor Clarke,Diamondbacks,17611,1,1,4.94,2,14,21,21,12,4,17,8,1.39,7.17,3.27,5.06,999
Anthony Bass,Blue Jays,7982,3,3,5.05,0,65,65,69,36,11,58,27,1.48,8.01,3.76,5.06,594.9
Justus Sheffield,Mariners,17285,7,10,4.8,24,24,140,140,75,22,120,64,1.46,7.73,4.14,5.06,454.3
Jonathan Hernandez,Rangers,17464,1,1,4.82,0,20,20,19,11,3,20,11,1.49,8.98,4.87,5.06,999
Manny Banuelos,,5365,0,1,4.8,0,10,10,9,5,1,10,6,1.52,9.09,5.25,5.06,999
Chance Adams,Royals,18135,0,0,4.71,0,10,10,9,5,2,9,5,1.43,8.19,4.6,5.07,999
Trey Supak,Brewers,sa828707,1,1,4.96,3,3,19,20,10,3,14,6,1.37,6.63,2.83,5.08,999
Andrew Cashner,,8782,4,5,4.82,5,43,66,67,35,10,51,27,1.43,6.95,3.72,5.08,999
John Means,Orioles,16269,9,13,4.92,31,31,181,192,99,34,141,50,1.34,7,2.5,5.08,429.2
Yusei Kikuchi,Mariners,20633,8,13,4.68,31,31,176,178,92,31,136,60,1.36,6.98,3.07,5.08,553
Kyle Hart,Red Sox,sa918414,3,3,5.08,8,8,47,50,27,8,36,18,1.44,6.84,3.38,5.08,999
Dereck Rodriguez,Giants,14509,2,3,4.96,2,37,44,46,24,7,35,16,1.41,7.12,3.37,5.08,999
Mike Fiers,Athletics,7754,11,11,4.69,31,31,180,181,94,33,135,52,1.29,6.75,2.62,5.08,442
Yoan Lopez,Diamondbacks,17181,2,2,4.88,0,40,40,40,22,7,34,16,1.4,7.61,3.66,5.08,600.6
Kolby Allard,Rangers,18694,2,3,5.08,8,8,46,50,26,8,34,17,1.46,6.62,3.28,5.08,599.3
Jaime Schultz,Athletics,15066,0,0,4.93,0,5,5,5,3,1,6,3,1.52,10.14,5.43,5.1,999
Scott Blewett,Royals,sa828695,0,0,5.22,0,5,5,5,3,1,4,2,1.53,7.23,4.23,5.1,999
Ryan Tepera,Cubs,10291,2,2,4.87,0,35,35,34,19,6,31,16,1.43,7.91,4.07,5.1,999
A.J. Cole,Blue Jays,11467,1,1,5.14,0,15,15,15,9,3,16,7,1.45,9.39,3.92,5.11,999
Alex Faedo,Tigers,sa829855,1,1,4.85,2,7,14,14,8,3,13,5,1.31,8.19,2.96,5.11,999
Glenn Sparkman,Royals,15200,2,2,5.31,3,23,39,45,23,7,25,12,1.45,5.71,2.69,5.13,999
Fernando Abad,Nationals,4994,0,0,5.08,0,10,10,11,6,2,9,4,1.45,7.73,3.45,5.13,999
Tanner Houck,Red Sox,sa829037,4,4,5.15,11,11,65,68,37,10,53,29,1.49,7.38,3.95,5.14,999
Anthony Kay,Blue Jays,20387,4,5,5.06,13,13,74,76,42,12,62,32,1.46,7.6,3.89,5.14,598.5
Jefry Rodriguez,Indians,17018,2,2,4.85,5,15,38,37,20,6,30,18,1.47,7.14,4.34,5.15,999
Nick Margevicius,Mariners,20395,1,1,4.93,3,3,19,20,10,4,14,5,1.35,6.72,2.49,5.15,999
Robert Dugger,Marlins,19191,2,4,4.97,6,21,53,55,29,9,42,20,1.4,7.17,3.33,5.16,999
Matt Magill,Mariners,3950,2,3,4.94,0,55,55,53,30,10,58,27,1.45,9.54,4.45,5.16,329
Taylor Hearn,Rangers,18325,0,1,4.98,2,2,9,9,5,2,8,4,1.42,8.2,3.74,5.16,999
Dean Kremer,Orioles,sa876350,5,8,5.04,19,19,112,116,63,21,99,42,1.41,7.98,3.41,5.17,999
Robert Stephenson,Reds,13594,2,2,4.94,0,50,50,44,27,9,59,30,1.48,10.7,5.37,5.19,585.1
Wei-Yin Chen,,13071,1,2,4.92,2,12,19,20,10,4,16,6,1.37,7.52,2.98,5.19,999
Derek Holland,Pirates,4141,2,4,5.21,6,31,63,66,36,11,56,28,1.5,8.06,4.06,5.19,999
Peter Lambert,Rockies,17969,5,7,5.69,18,18,103,127,65,17,63,31,1.53,5.54,2.69,5.19,999
Luke Farrell,Rangers,15101,1,1,5.03,0,15,15,14,8,3,16,8,1.46,9.64,4.69,5.2,999
Josh Staumont,Royals,18335,1,1,4.84,0,25,25,21,13,3,29,21,1.67,10.54,7.64,5.2,999
Ivan Nova,Tigers,1994,7,10,5.14,24,24,141,161,81,24,84,39,1.41,5.37,2.47,5.2,598
Cody Allen,,12183,2,2,5.07,0,35,35,34,20,7,35,15,1.41,9.09,3.83,5.2,600.4
Joey Wentz,Tigers,sa917946,2,3,5.09,6,6,37,38,21,7,31,15,1.43,7.61,3.66,5.21,999
Jorge Lopez,Royals,14527,6,9,5.31,16,46,124,137,73,21,98,49,1.5,7.13,3.55,5.21,600.2
Francisco Liriano,,3201,0,0,4.84,0,5,5,5,3,1,5,3,1.53,8.16,4.94,5.22,999
Chad Bettis,,10587,1,1,4.89,2,12,19,20,10,3,13,6,1.41,6.26,3,5.22,999
Matt Harvey,,11713,3,3,5.19,8,8,47,51,27,9,37,14,1.4,7.04,2.78,5.23,999
Jake McGee,Rockies,7550,2,2,5.54,0,45,45,52,28,9,37,15,1.48,7.39,3.04,5.23,999
Anthony Misiewicz,Mariners,sa874099,0,1,4.99,2,2,9,9,5,2,7,3,1.38,7.14,2.94,5.23,999
Jeff Samardzija,Giants,3254,8,14,5.21,32,32,189,199,109,34,145,67,1.41,6.92,3.2,5.24,363.5
Justin Dunn,Mariners,19268,4,7,5.16,16,16,94,97,54,17,82,38,1.44,7.9,3.68,5.24,588.9
Alex Cobb,Orioles,6562,8,13,5.08,31,31,176,192,99,32,126,56,1.41,6.43,2.89,5.25,593.7
Chase Anderson,Blue Jays,6895,9,11,4.91,28,28,160,156,87,31,141,62,1.36,7.95,3.47,5.25,562.8
Ian Kennedy,Royals,6986,3,3,5.17,0,65,65,68,37,14,61,24,1.41,8.47,3.26,5.25,180
Antonio Senzatela,Rockies,15488,7,11,5.72,26,26,150,182,95,23,89,57,1.59,5.32,3.41,5.27,999
Brad Boxberger,Marlins,10133,2,3,5.1,0,50,50,48,28,9,51,26,1.48,9.2,4.63,5.28,597.3
Stephen Gonsalves,Mets,15492,0,1,5.02,2,2,9,9,5,1,8,5,1.51,7.93,4.93,5.28,999
Jesus Tinoco,Rockies,16300,0,1,5.86,0,10,10,12,7,2,8,4,1.62,7.17,4.03,5.28,999
JC Ramirez,,8302,0,0,4.85,0,10,10,10,5,2,7,3,1.36,6.75,3.07,5.28,999
Hector Santiago,,4026,0,1,4.87,0,10,10,9,5,2,9,5,1.44,8.26,4.65,5.29,999
Erick Fedde,Nationals,17425,2,3,5.54,5,15,38,44,23,6,26,15,1.56,6.09,3.46,5.3,999
Julio Teheran,Angels,6797,10,11,4.8,31,31,179,163,95,33,165,81,1.36,8.3,4.07,5.3,371
Branden Kline,,14101,0,0,5.42,0,5,5,5,3,1,4,2,1.53,8.09,4.04,5.31,999
Colin Rea,Cubs,12317,1,2,5.49,3,13,29,32,18,5,21,13,1.56,6.58,4.14,5.31,999
Brian Duensing,,4064,1,1,5.08,0,20,20,21,11,3,16,9,1.48,7.1,3.96,5.32,999
Felix Hernandez,,4772,3,4,5.18,10,10,56,60,32,10,41,19,1.42,6.61,3.12,5.33,597.3
Jordan Zimmermann,Tigers,4505,5,8,5.46,19,19,113,130,69,23,80,29,1.41,6.39,2.33,5.34,999
Tony Sipp,,8280,1,1,5,0,20,20,20,11,4,19,9,1.42,8.59,3.94,5.34,999
Kyle McGowin,Nationals,15071,1,1,5.32,2,7,14,15,8,3,12,5,1.44,8,3.29,5.34,999
Yency Almonte,Rockies,15068,1,2,5.55,0,32,32,34,20,5,28,16,1.57,7.75,4.49,5.38,999
Clayton Richard,,3551,2,2,5.45,6,6,37,43,22,6,25,15,1.56,6.05,3.63,5.38,999
Foster Griffin,Royals,sa828674,0,1,5.54,2,2,9,10,6,2,6,3,1.52,6.03,3.31,5.38,999
Adam Plutko,Indians,15846,5,5,4.99,10,40,86,87,48,18,69,27,1.32,7.21,2.79,5.38,593.6
Enyel De Los Santos,Phillies,18403,2,3,5.08,6,11,43,44,24,8,35,17,1.42,7.4,3.61,5.41,999
Chi Chi Gonzalez,Rockies,14663,1,1,5.83,3,3,19,23,12,3,12,8,1.63,5.87,3.92,5.42,999
Tyler Kinley,Rockies,18297,1,1,5.71,0,25,25,27,16,4,23,14,1.65,8.17,5.16,5.42,999
Ashton Goudeau,Rockies,sa658634,2,3,6.25,3,28,44,55,31,9,38,17,1.63,7.71,3.49,5.44,999
Shawn Kelley,,7773,1,2,5.14,0,25,25,26,14,6,24,7,1.32,8.64,2.59,5.45,600.1
Anibal Sanchez,Nationals,3284,9,11,5.36,29,29,166,177,99,34,134,59,1.43,7.28,3.22,5.45,425.7
Tony Santillan,Reds,sa874781,0,1,5.37,2,2,9,10,5,2,7,3,1.47,6.88,3.45,5.47,999
Bruce Zimmermann,Orioles,sa3004810,1,1,5.55,3,3,19,21,12,4,15,8,1.52,7.15,3.66,5.47,999
Edinson Volquez,Rangers,3990,0,1,5.44,0,10,10,11,6,2,8,5,1.55,7.02,4.22,5.48,999
Jeff Hoffman,Rockies,17432,5,8,6.02,16,26,104,119,70,20,89,48,1.6,7.74,4.14,5.51,999
Brian Johnson,Red Sox,14272,2,2,5.42,5,5,28,30,17,5,22,11,1.48,7.06,3.68,5.52,999
Brandon Bailey,Orioles,sa873692,4,7,5.33,13,28,90,92,53,18,83,40,1.47,8.26,4.04,5.52,999
Tayron Guerrero,White Sox,11691,1,1,5.19,0,15,15,15,9,3,14,8,1.54,8.4,5.08,5.52,999
Clay Buchholz,,3543,3,4,5.17,10,10,55,59,32,11,38,16,1.37,6.2,2.65,5.52,999
Javy Guerra,Nationals,7407,0,0,5.62,0,10,10,11,6,2,8,4,1.55,7.22,3.92,5.54,999
Shelby Miller,Brewers,10197,1,1,5.6,3,3,19,20,12,3,15,9,1.56,7.04,4.31,5.55,999
Keegan Akin,Orioles,sa873980,2,4,5.45,8,8,47,49,28,10,42,22,1.5,8.03,4.15,5.55,999
Brandon Finnegan,Reds,16208,1,1,5.31,0,18,18,18,11,3,17,11,1.56,8.73,5.28,5.56,999
Roenis Elias,Nationals,12673,2,2,5.8,0,45,45,50,29,8,37,22,1.6,7.43,4.4,5.6,999
Eric Skoglund,Royals,16155,2,3,5.79,6,11,43,51,28,8,25,15,1.53,5.34,3.16,5.61,999
Wily Peralta,,7738,1,2,5.56,0,25,25,27,15,5,21,13,1.59,7.56,4.66,5.63,999
Josh Tomlin,,9388,1,1,5.4,0,27,27,32,16,7,17,4,1.33,5.82,1.3,5.63,999
Jason Vargas,,8044,4,5,5.46,13,13,75,79,46,16,61,30,1.46,7.29,3.62,5.64,999
David Hess,Orioles,16130,1,2,5.45,2,12,19,20,12,4,16,7,1.45,7.52,3.45,5.68,999
Tyler Thornburg,,10688,1,1,5.76,0,15,15,16,10,3,15,8,1.55,9.2,4.6,5.72,999
Ubaldo Jimenez,Rockies,3374,1,1,6.4,3,3,18,21,13,3,15,9,1.68,7.37,4.47,5.72,999
Carson Fulmer,White Sox,18311,1,1,5.43,0,25,25,24,15,5,25,16,1.59,8.83,5.69,5.73,999
Ryan Castellani,Rockies,sa828689,0,1,6.43,2,2,9,11,6,2,6,4,1.7,6.44,4.42,5.84,999
Marco Estrada,,1118,3,4,5.17,11,11,65,64,37,15,48,23,1.34,6.58,3.22,5.84,999
Tommy Milone,,7608,1,1,5.68,3,3,18,20,11,5,14,5,1.4,6.94,2.48,5.88,999
Wade LeBlanc,,5221,4,7,5.67,16,16,92,105,58,21,62,28,1.45,6.03,2.74,5.89,999
Ross Detwiler,,2859,1,1,5.85,3,3,19,22,12,4,12,7,1.55,5.66,3.41,5.94,999
Edwin Jackson,Diamondbacks,1841,0,1,6.1,2,2,9,10,6,2,6,4,1.59,6.48,4.2,5.94,999
Asher Wojciechowski,Orioles,10836,6,11,5.84,24,24,139,147,90,36,123,55,1.46,7.99,3.57,6.12,600.4
James Shields,,7059,1,2,5.94,5,5,28,30,18,7,23,12,1.51,7.34,3.95,6.17,999
Ervin Santana,,3200,2,3,5.68,8,8,47,51,30,11,28,17,1.45,5.44,3.22,6.19,999
